checked_at,maker,type,published,title,url,relevant
2026-08-17T04:59:06,トヨタ,rss,"Thu, 13 Aug 2026 07:00:00 +0900",トヨタ自動車株式会社　元取締役会長　奥田 碩 逝去について,https://global.toyota/jp/newsroom/corporate/44752008.html,
2026-08-17T04:59:06,トヨタ,rss,"Mon, 10 Aug 2026 17:00:00 +0900",[トヨタイムズ記事] 【タテシナ会議】交通事故ゼロへ 業界の垣根を越え、想い一つに,https://toyotatimes.jp/newscast/204.html?padid=ag478_from_newsroom,
2026-08-17T04:59:06,トヨタ,rss,"Mon, 10 Aug 2026 13:00:00 +0900",タテシナ会議「新しい児童への啓発分科会」、親子で学ぶ交通安全教育アプリ「ナナまも 通学路きづきナビ」および、学校向け交通安全授業教材を開発,https://toyotamobilityfoundation.jp/news/0228,
2026-08-17T04:59:06,トヨタ,rss,"Fri, 07 Aug 2026 11:50:00 +0900",[トヨタイムズ記事] トヨタらしい成長と還元の両立へ 市場との対話、一層深化【2027年3月期第1四半期決算】,https://toyotatimes.jp/toyota_news/financial_results_2027/001.html?padid=ag478_from_newsroom,
2026-08-17T04:59:06,トヨタ,rss,"Thu, 06 Aug 2026 13:30:00 +0900","進化したGR86を発売
-「86」の系譜を受け継ぎ魅力を強化-",https://global.toyota/jp/newsroom/toyota/44726960.html,○
2026-08-17T04:59:06,トヨタ,rss,"Tue, 04 Aug 2026 14:00:00 +0900",2027年3月期 第1四半期決算発表（2026年8月4日）,https://global.toyota/jp/ir/financial-results/index.html?1q,
2026-08-17T04:59:06,トヨタ,rss,"Tue, 04 Aug 2026 10:30:00 +0900","スシローとGAZOO Racingが初コラボ！夏休みの楽しい一日を！
-全国のスシロー店舗でGR 4車種のミニカー付き商品が登場-",https://toyotagazooracing.com/jp/pressrelease/2026/0804-01/,
2026-08-17T04:59:06,トヨタ,rss,"Mon, 03 Aug 2026 19:00:00 +0900",[トヨタイムズ記事] 技術者交流の場「技術者の一日」に1.2万人 79年の歴史継承,https://toyotatimes.jp/toyota_news/1112.html?padid=ag478_from_newsroom,
2026-08-17T04:59:06,トヨタ,rss,"Mon, 03 Aug 2026 17:00:00 +0900",[トヨタイムズ記事] 自家用車が消防の目に 豊田市で新たな実証実験がスタート,https://toyotatimes.jp/newscast/203.html?padid=ag478_from_newsroom,
2026-08-17T04:59:06,トヨタ,rss,"Mon, 03 Aug 2026 13:30:00 +0900",ヤリス クロス GR SPORTグレードを一部改良,https://global.toyota/jp/newsroom/toyota/44698459.html,○
2026-08-17T04:59:06,トヨタ,rss,"Mon, 03 Aug 2026 13:30:00 +0900",【画像差替】ハリアーを一部改良,https://global.toyota/jp/newsroom/toyota/44698256.html,○
2026-08-17T04:59:06,トヨタ,rss,"Mon, 03 Aug 2026 13:30:00 +0900",シエンタを一部改良,https://global.toyota/jp/newsroom/toyota/44698107.html,○
2026-08-17T04:59:06,トヨタ,rss,"Mon, 03 Aug 2026 12:00:00 +0900","WRC 第10戦 ラリー・フィンランド デイ4
パヤリがWRC初優勝を達成した前戦ラリー・エストニアに続き優勝
ソルベルグは2位、エバンスは3位に入りTGR-WRTが表彰台を独占",https://toyotagazooracing.com/jp/wrc/release/2026/rd10-day4/,
2026-08-17T04:59:06,トヨタ,rss,"Fri, 31 Jul 2026 15:00:00 +0900",「令和8年熊本地震」への支援について,https://global.toyota/jp/newsroom/corporate/44711939.html,
2026-08-17T04:59:06,トヨタ,rss,"Fri, 31 Jul 2026 13:30:00 +0900","ヘリコプター運航サービス「LEXUS Flight」を開始
-LEXUSに空のモビリティが加わり、陸・海・空がつながる移動体験を提供-",https://global.toyota/jp/newsroom/lexus/44704796.html,
2026-08-17T04:59:06,トヨタ,rss,"Fri, 31 Jul 2026 10:00:00 +0900",組織改正について,https://global.toyota/jp/newsroom/corporate/44710011.html,
2026-08-17T04:59:06,トヨタ,rss,"Thu, 30 Jul 2026 13:30:00 +0900",2026年上半期 販売・生産・輸出実績,https://global.toyota/jp/company/profile/production-sales-figures/202606.html,
2026-08-17T04:59:06,トヨタ,rss,"Wed, 29 Jul 2026 13:30:00 +0900",コースターを一部改良,https://global.toyota/jp/newsroom/toyota/44679233.html,○
2026-08-17T04:59:06,トヨタ,rss,"Tue, 28 Jul 2026 13:00:00 +0900","トヨタ・モビリティ基金、「サステナブル・シティズ・チャレンジ」3都市で社会実装を担うイノベーターを選定
デトロイト、バラナシ、ベネチアで実装フェーズへ",https://toyotamobilityfoundation.jp/news/0224,
2026-08-17T04:59:06,トヨタ,rss,"Mon, 27 Jul 2026 17:00:00 +0900",[トヨタイムズ記事] 【エネルギー問題の教訓】資源小国・日本のあり方を考える,https://toyotatimes.jp/business/009.html?padid=ag478_from_newsroom,
2026-08-17T04:59:06,トヨタ,rss,"Mon, 27 Jul 2026 15:30:00 +0900","ダイムラートラック、ボルボ・グループ、トヨタ、セルセントリックへの共同参画に向けて出資契約を締結
-燃料電池の大型商用領域における協業が進展-",https://global.toyota/jp/newsroom/corporate/44689360.html,
2026-08-17T04:59:06,トヨタ,rss,"Mon, 27 Jul 2026 14:00:00 +0900",トヨタ・モビリティ基金が進める「沖縄ゆいまーるプロジェクト」、多方面にわたる成果を確認。新たに内閣府沖縄総合事務局が参画、沖縄トヨタグループにも拡充して交通事故ゼロを目指す,https://toyotamobilityfoundation.jp/news/0208,
2026-08-17T04:59:06,トヨタ,rss,"Fri, 24 Jul 2026 17:00:00 +0900","WRC 第10戦 ラリー・フィンランド プレビュー
TGR-WRTのホームイベントである超高速グラベルイベントに5台のGR YARIS Rally1で挑み今季9勝目獲得を目指す",https://toyotagazooracing.com/jp/wrc/release/2026/rd10-preview/,
2026-08-17T04:59:06,トヨタ,rss,"Thu, 23 Jul 2026 17:00:00 +0900",[トヨタイムズ記事] 「知らなかった！」車いすユーザーが飛行機に乗るとき実は…,https://toyotatimes.jp/series/series_mobilityforall/011.html?padid=ag478_from_newsroom,
2026-08-17T04:59:06,トヨタ,rss,"Tue, 21 Jul 2026 17:00:00 +0900",[トヨタイムズ記事] モビリティカンパニーへの変革 みんなで考え、進める　近社長インタビュー,https://toyotatimes.jp/toyota_news/1111.html?padid=ag478_from_newsroom,
2026-08-17T04:59:06,トヨタ,rss,"Tue, 21 Jul 2026 13:00:00 +0900",交通事故ゼロを目指し議論と活動を進める場、第4回「タテシナ会議」を開催,https://toyotamobilityfoundation.jp/news/0223,
2026-08-17T04:59:06,トヨタ,rss,"Tue, 21 Jul 2026 12:00:00 +0900","WRC 第9戦 ラリー・エストニア デイ3
首位パヤリが最後までリードを守り抜きWRC初優勝を達成
ソルベルグは総合2位でフィニッシュし最大ボーナスポイントを獲得する",https://toyotagazooracing.com/jp/wrc/release/2026/rd09-day3/,
2026-08-17T04:59:06,トヨタ,rss,"Mon, 20 Jul 2026 17:00:00 +0900",[トヨタイムズ記事] サッカー元日本代表監督 岡田さん、トヨタ工業学園へ　学園生に伝えた「生きていく力」,https://toyotatimes.jp/newscast/202.html?padid=ag478_from_newsroom,
2026-08-17T04:59:06,トヨタ,rss,"Thu, 16 Jul 2026 14:00:00 +0900","トヨタ自動車の新事業創出の仕組み「BE creation」から生まれた初の事業会社、OneStream社が始動
-OneStream社への3社の資本参画により、港湾・コンテナ物流のさらなる効率化を推進-",https://global.toyota/jp/newsroom/corporate/44655993.html,
2026-08-17T04:59:06,トヨタ,rss,"Wed, 15 Jul 2026 13:30:00 +0900",新型クラウン（クロスオーバー）のデザインを先行公開,https://global.toyota/jp/newsroom/toyota/44641170.html,○
2026-08-17T04:59:06,トヨタ,rss,"Mon, 13 Jul 2026 17:00:00 +0900",[トヨタイムズ記事] テーマは「自動車工場」クリエイターが描いたヒーローたち,https://toyotatimes.jp/newscast/201.html?padid=ag478_from_newsroom,
2026-08-17T04:59:06,トヨタ,rss,"Mon, 13 Jul 2026 13:30:00 +0900",カローラ スポーツを一部改良するとともに、特別仕様車 G“Z・ACTIVE ELEGANCE”を設定,https://global.toyota/jp/newsroom/toyota/44626118.html,○
2026-08-17T04:59:06,トヨタ,rss,"Mon, 13 Jul 2026 12:00:00 +0900","WEC 2026年シーズン 第4戦 サンパウロ6時間 決勝
TOYOTA RACING、厳しい展開が続くレースに",https://jp.toyota-racing-newsroom.com/blog/wec/artikel/2026-6-hours-of-sao-paulo-race-jpn/text,○
2026-08-17T04:59:06,トヨタ,rss,"Fri, 10 Jul 2026 17:00:00 +0900","WRC 第9戦 ラリー・エストニア プレビュー
ハイスピードグラベル連戦の初戦、ラリー・エストニアに5台のGR YARIS Rally1で挑む",https://toyotagazooracing.com/jp/wrc/release/2026/rd09-preview/,
2026-08-17T04:59:06,トヨタ,rss,"Thu, 09 Jul 2026 16:00:00 +0900",GAZOO Racing、ダカールラリーでFCEV開発をさらに推進,https://toyotagazooracing.com/jp/dakar/release/2026/0709-01/,
2026-08-17T04:59:06,トヨタ,rss,"Tue, 07 Jul 2026 05:30:00 +0900","トヨタ、テキサス州サンアントニオ工場に36億ドルを投資
-第2車両組立ライン新設により、雇用創出と生産能力拡大を推進-",https://global.toyota/jp/newsroom/corporate/44598940.html,
2026-08-17T04:59:06,トヨタ,rss,"Mon, 06 Jul 2026 17:00:00 +0900",[トヨタイムズ記事] 美しくも過酷なレース 初参戦のミッレミリアで初代クラウンが激走,https://toyotatimes.jp/newscast/200.html?padid=ag478_from_newsroom,
2026-08-17T04:59:06,トヨタ,rss,"Mon, 06 Jul 2026 17:00:00 +0900","WEC 2026年シーズン 第4戦 サンパウロ6時間 ： プレビュー
ル・マンで優勝を飾ったTOYOTA RACINGがブラジルラウンドへ挑む",https://jp.toyota-racing-newsroom.com/blog/wec/artikel/2026-6-hours-of-sao-paulo-preview-jpn/text,○
2026-08-17T04:59:06,トヨタ,rss,"Mon, 06 Jul 2026 13:30:00 +0900",アクアを一部改良しGR SPORTグレードを追加,https://global.toyota/jp/newsroom/toyota/44600338.html,○
2026-08-17T04:59:06,トヨタ,rss,"Thu, 02 Jul 2026 13:30:00 +0900",LEXUS、「UX300h」に“Shining Essence”を追加設定,https://global.toyota/jp/newsroom/lexus/44513119.html,
2026-08-17T04:59:06,トヨタ,rss,"Wed, 01 Jul 2026 13:30:00 +0900",米国生産のハイランダーを全国トヨタ車両販売店で発売,https://toyota.jp/highlander/,○
2026-08-17T04:59:06,トヨタ,rss,"Wed, 01 Jul 2026 13:30:00 +0900",プリウスを一部改良,https://global.toyota/jp/newsroom/toyota/44548404.html,○
2026-08-17T04:59:06,トヨタ,rss,"Wed, 01 Jul 2026 13:30:00 +0900",カローラ クロスを一部改良するとともに、特別仕様車 Z“Adventure”を設定,https://global.toyota/jp/newsroom/toyota/44548254.html,○
2026-08-17T04:59:06,トヨタ,rss,"Tue, 30 Jun 2026 21:00:00 +0900","Jobyとトヨタ、空のモビリティ実現に向け、電動垂直離着陸機（eVTOL）の生産を行う合弁会社の設立に着手
-商用生産に向けた体制整備を本格化し、機体の量産に向けた準備に着手-",https://global.toyota/jp/newsroom/corporate/44563481.html,
2026-08-17T04:59:06,トヨタ,rss,"Mon, 29 Jun 2026 13:30:00 +0900",2026年5月 販売・生産・輸出実績,https://global.toyota/jp/company/profile/production-sales-figures/202605.html,
2026-08-17T04:59:06,トヨタ,rss,"Mon, 29 Jun 2026 12:00:00 +0900","WRC 第8戦 アクロポリス・ラリー・ギリシャ デイ4
オジエが首位争いを制しパーフェクトウィンを達成
勝田は総合3位に入りドライバー選手権2位の座を守る",https://toyotagazooracing.com/jp/wrc/release/2026/rd08-day4/,
2026-08-17T04:59:06,トヨタ,rss,"Wed, 24 Jun 2026 17:00:00 +0900",[トヨタイムズ記事] 豊田会長3年ぶりに議長席へ 株主総会で語った3つのスタートポイント,https://toyotatimes.jp/toyota_news/shareholders_2026/002.html?padid=ag478_from_newsroom,
2026-08-17T04:59:06,トヨタ,rss,"Tue, 23 Jun 2026 17:00:00 +0900",[トヨタイムズ記事] いつか「責任取れるようになったな」と言われるように 近社長が涙の決意,https://toyotatimes.jp/toyota_news/shareholders_2026/001.html?padid=ag478_from_newsroom,
2026-08-17T04:59:06,トヨタ,rss,"Mon, 22 Jun 2026 17:00:00 +0900",[トヨタイムズ記事] 【密着3年】GRヤリスMコンセプト開発の舞台裏、全てお見せします,https://toyotatimes.jp/newscast/198.html?padid=ag478_from_newsroom,
2026-08-17T04:59:06,トヨタ,rss,"Fri, 19 Jun 2026 17:00:00 +0900","WRC 第8戦 アクロポリス・ラリー・ギリシャ プレビュー
シーズン後半戦最初の戦いとなるアクロポリス・ラリーに5台のGR YARIS Rally1で挑みシーズン7勝目を目指す",https://toyotagazooracing.com/jp/wrc/release/2026/rd08-preview/,
2026-08-17T04:59:06,ホンダ,rss,2026-07-31T11:00:00+09:00,新着投稿「これからの二人の時間を大事に…」他、全11件掲載,https://www.honda.co.jp/usersvoice/?from=RSS,
2026-08-17T04:59:06,ホンダ,rss,2026-07-30T15:00:00+09:00,2026年6月度 四輪車 生産・販売・輸出実績,https://global.honda/jp/news/2026/c260730.html?from=RSS,
2026-08-17T04:59:06,ホンダ,rss,2026-07-30T14:00:00+09:00,ZR-V、シビックのリコール（シートフレーム）,https://www.honda.co.jp/recall/auto/info/260730_5854.html?from=RSS,
2026-08-17T04:59:06,ホンダ,rss,2026-07-30T14:00:00+09:00,ACCORDのリコール（シートフレーム）,https://www.honda.co.jp/recall/auto/info/260730_4216.html?from=RSS,
2026-08-17T04:59:06,ホンダ,rss,2026-07-30T11:00:00+09:00,「ACCORD」を一部改良し発売,https://global.honda/jp/news/2026/4260730-accord.html?from=RSS,○
2026-08-17T04:59:06,ホンダ,rss,2026-07-29T11:00:00+09:00,N-VANで走って東京のハゼ釣り場を徹底調査！,https://www.honda.co.jp/fishing/enjoy/report/tokyo-haze/?from=RSS,
2026-08-17T04:59:06,ホンダ,rss,2026-07-29T11:00:00+09:00,Enjoy Honda福岡、宮城で純正アクセサリーを展示します,https://www.honda.co.jp/ACCESS/enjoyhonda/?from=RSS,
2026-08-17T04:59:06,ホンダ,rss,2026-07-17T11:00:00+09:00,【こどものための福祉機器展withおとなも！】に出展,https://www.honda.co.jp/orangedealer/news/?from=RSS#newskf2026,
2026-08-17T04:59:06,ホンダ,rss,2026-07-16T11:00:00+09:00,スタイリング一新。装備も充実したNEW N-BOXが登場！,https://www.honda.co.jp/Nbox/?from=RSS,
2026-08-17T04:59:06,ホンダ,rss,2026-07-16T11:00:00+09:00,「N-BOX」をマイナーモデルチェンジし発売～各タイプの個性を際立たせ、さまざまなライフスタイルに寄り添う価値を提供～,https://global.honda/jp/news/2026/4260716-n-box.html?from=RSS,○
2026-08-17T04:59:06,ホンダ,rss,2026-07-09T11:00:00+09:00,「FIT」をマイナーモデルチェンジし発売～スポーティーなデザインと快適装備を備えた「Z」タイプを設定～,https://global.honda/jp/news/2026/4260709-fit.html?from=RSS,○
2026-08-17T04:59:06,ホンダ,rss,2026-07-09T11:00:00+09:00,新しいフィットは、よりスポーティーに、より快適に！,https://www.honda.co.jp/Fit/?from=RSS,
2026-08-17T04:59:06,ホンダ,rss,2026-07-06T14:00:00+09:00,「N-BOX」が2026年上半期 新車販売台数 第1位を獲得,https://global.honda/jp/news/2026/4260706.html?from=RSS,
2026-08-17T04:59:06,ホンダ,rss,2026-07-01T11:00:00+09:00,【初代NSX】Hondaヘリテージパーツ 17部品を追加,https://www.honda.co.jp/heritage-works/?from=RSS,
2026-08-17T04:59:06,ホンダ,rss,2026-06-29T15:00:00+09:00,2026年5月度 四輪車 生産・販売・輸出実績,https://global.honda/jp/news/2026/c260629a.html?from=RSS,
2026-08-17T04:59:06,ホンダ,rss,2026-06-29T11:00:00+09:00,Honda船外機と生きる人たち,https://www.honda.co.jp/magazine/article/202606vol02/?from=RSS,
2026-08-17T04:59:06,ホンダ,rss,2026-06-18T14:00:00+09:00,インサイトのリコール（低圧燃料ポンプ）,https://www.honda.co.jp/recall/auto/info/260618_5838.html?from=RSS,
2026-08-17T04:59:06,ホンダ,rss,2026-06-18T11:00:00+09:00,「N-BOX」改良モデルをホームページで先行公開～N-BOX CUSTOMのフロントフェイスを存在感と迫力のあるデザインに変更～,https://global.honda/jp/news/2026/4260618.html?from=RSS,○
2026-08-17T04:59:06,ホンダ,rss,2026-06-18T11:00:00+09:00,PRELUDEに特別仕様車「2027 Limited Edition」を設定し発売,https://global.honda/jp/news/2026/4260618-prelude.html?from=RSS,○
2026-08-17T04:59:06,ホンダ,rss,2026-06-17T11:00:00+09:00,GraphicaDriveがトライアルリリースされました,https://www.honda.co.jp/GraphicaDrive/?from=RSS,
2026-08-17T04:59:06,日産,page,,日産自動車 ニュースルーム,https://global.nissannews.com/ja-JP,
2026-08-17T04:59:06,日産,page,,ニュースリリース,https://global.nissannews.com/pages/all-news-archive-j,
2026-08-17T04:59:06,日産,page,,ニュースリリース,https://global.nissannews.com/ja-JP/channels/news,
2026-08-17T04:59:06,日産,page,,国内市場販売車種一覧,https://global.nissannews.com/nissan-models-j,
2026-08-17T04:59:06,日産,page,,サステナビリティ,https://global.nissannews.com/ja-JP/channels/channel-fd86f26fe0b756c430ee7f6c0c012766,
2026-08-17T04:59:06,日産,page,,電動化の取り組み,https://global.nissannews.com/ja-JP/channels/channel-45ec0f513c5381a56ca843312d308f65,
2026-08-17T04:59:06,日産,page,,日本電動化アクション「ブルー・スイッチ」,https://global.nissannews.com/ja-JP/channels/blue-switch,
2026-08-17T04:59:06,日産,page,,技術ライブラリー,https://www.nissan-global.com/JP/INNOVATION/TECHNOLOGY/ARCHIVE/,
2026-08-17T04:59:06,日産,page,,経営再建計画 Re:Nissan,https://global.nissannews.com/ja-JP/channels/re-nissan,
2026-08-17T04:59:06,日産,page,,生産・販売・輸出実績,https://global.nissannews.com/pages/sales-report-year-jp,
2026-08-17T04:59:06,日産,page,,コーポレート ガバナンス,https://www.nissan-global.com/JP/COMPANY/GOVERNANCE/,
2026-08-17T04:59:06,日産,page,,ルノー・日産自動車・三菱自動車アライアンス,https://global.nissannews.com/ja-JP/channels/renault-nissan-mitsubishi,
2026-08-17T04:59:06,日産,page,,会社と製品の歴史,https://www.nissan-global.com/JP/COMPANY/PROFILE/HERITAGE/,
2026-08-17T04:59:06,日産,page,,北京モーターショー,https://global.nissannews.com/ja-JP/channels/beijing-2026,
2026-08-17T04:59:06,日産,page,,東京オートサロン,https://global.nissannews.com/ja-JP/channels/tokyo-auto-salon-2026,
2026-08-17T04:59:06,日産,page,,広州モーターショー,https://global.nissannews.com/ja-JP/channels/guangzhou-2025,
2026-08-17T04:59:06,日産,page,,JAPAN MOBILITY SHOW,https://global.nissannews.com/ja-JP/channels/jms-2025,
2026-08-17T04:59:06,日産,page,,上海モーターショー,https://global.nissannews.com/ja-JP/channels/shanghai-2025,
2026-08-17T04:59:06,日産,page,,東京オートサロン,https://global.nissannews.com/ja-JP/channels/tokyo-auto-salon-2025,
2026-08-17T04:59:06,日産,page,,広州モーターショー,https://global.nissannews.com/ja-JP/channels/channel-dcff5a651a804de5782d473fc60caebe,
2026-08-17T04:59:06,日産,page,,JAPAN MOBILITY SHOW BIZWEEK 2024,https://global.nissannews.com/ja-JP/releases/241008-01-j,
2026-08-17T04:59:06,日産,page,,北京モーターショー,https://global.nissannews.com/ja-JP/channels/beijing-2024,
2026-08-17T04:59:06,日産,page,,東京オートサロン,https://global.nissannews.com/ja-JP/channels/tokyo-auto-sallon-2024,
2026-08-17T04:59:06,日産,page,,モータースポーツ,https://global.nissannews.com/pages/motorsports-archive-j,
2026-08-17T04:59:06,日産,page,,Formula E,https://global.nissannews.com/ja-JP/channels/formula-e,
2026-08-17T04:59:06,日産,page,,海外のニュースルーム,https://global.nissannews.com/ja-JP/regions,
2026-08-17T04:59:06,日産,page,,"お気に入り
                  
0
                  件",https://global.nissannews.com/ja-JP/basket,
2026-08-17T04:59:06,日産,page,,「キャシュカイ e‑POWER」が、無給油走行距離のギネス世界記録™を達成,https://global.nissannews.com/ja-JP/releases/260805-00-j,
2026-08-17T04:59:06,日産,page,,Wayve、Uber、日産がロボタクシーでの協業を発表,https://global.nissannews.com/ja-JP/releases/260312-01-j,
2026-08-17T04:59:06,日産,page,,「日産リーフ NISMO」を発表,https://global.nissannews.com/ja-JP/releases/260722-01-j,
2026-08-17T04:59:06,日産,page,,新型「エルグランド」を発表,https://global.nissannews.com/ja-JP/releases/260716-01-j,○
2026-08-17T04:59:06,日産,page,,「エコ1チャレンジカップ 2026 中・高校生による手作り電気自動車コンテスト」を実施,https://global.nissannews.com/ja-JP/releases/260805-01-j,
2026-08-17T04:59:06,日産,page,,日産、Quemixと共同で世界初となる量子アルゴリズムを用いた車両空力シミュレーションの実証に成功,https://global.nissannews.com/ja-JP/releases/260601-00-j,
2026-08-17T04:59:06,日産,page,,長期ビジョン「モビリティの知能化で、毎日を新たな体験に」,https://global.nissannews.com/ja-JP/releases/260414-01-j,
2026-08-17T04:59:06,日産,page,,日産自動車、2026年度第1四半期決算を発表,https://global.nissannews.com/ja-JP/releases/260803-01-j,
2026-08-17T04:59:06,日産,page,,北京モーターショー2026,https://global.nissannews.com/ja-JP/channels/beijing-2026,
2026-08-17T04:59:06,日産,page,,東京オートサロン2026,https://global.nissannews.com/ja-JP/channels/tokyo-auto-salon-2026,
2026-08-17T04:59:06,日産,page,,ファンへの感謝を込めて「NISMO Festival at Fuji Speedway 2026」を開催,https://global.nissannews.com/ja-JP/releases/260731-01-j,
2026-08-17T04:59:06,日産,page,,日産自動車、アンドレッティ・フォーミュラEにGEN4パワートレインを供給,https://global.nissannews.com/ja-JP/releases/260724-01-j,
2026-08-17T04:59:06,日産,page,,ProPILOT,https://global.nissannews.com/ja-JP/search?query=ProPILOT,
2026-08-17T04:59:06,日産,page,,社会福祉法人長浜市社会福祉協議会と日産、電気自動車を軸としたゼロカーボン社会の実現と地域福祉の推進に関する連携協定を締結,https://global.nissannews.com/ja-JP/releases/260806-02-j,
2026-08-17T04:59:06,日産,page,,社会福祉法人長浜市社会福祉協議会と、日産自動車株式会社、滋賀日産自動車株式会社の3者は6日、電気自動車（EV）を活用してゼロカーボンの実現と防災力向上を通じた社会福祉を推進する連携協定を締結しました。,https://global.nissannews.com/ja-JP/releases/260806-02-j,
2026-08-17T04:59:06,日産,page,,長浜市と日産、電気自動車を軸としたゼロカーボン社会の実現と防災力の強化及び 住み続けられるまちづくりを目指す連携協定を締結,https://global.nissannews.com/ja-JP/releases/260806-01-j,
2026-08-17T04:59:06,日産,page,,滋賀県長浜市と日産自動車株式会社、滋賀日産自動車株式会社の3者は、6日、電気自動車（EV）を活用した脱炭素社会の実現、防災力の強化および地域活性化を推進する連携協定を締結しました。,https://global.nissannews.com/ja-JP/releases/260806-01-j,
2026-08-17T04:59:06,日産,page,,公益社団法人自動車技術会 関東支部（所在：東京都千代田区、支部長：本田 敬）、学校法人五島育英会 東京都市大学（所在：東京都世田谷区、学長：野城 智也）、日産自動車株式会社（本社：神奈川県横浜市西区、社長：イヴァン エスピノーサ）は、8月22日（土）に「エコ１チャレンジカップ 2026 ～中・高校生による手作り電気自動車コンテスト～」を開催します。,https://global.nissannews.com/ja-JP/releases/260805-01-j,
2026-08-17T04:59:06,日産,page,,"日産自動車株式会社（本社：神奈川県横浜市西区、社長：イヴァン エスピノーサ）は 、第3世代e-POWERを搭載した「キャシュカイ e‑POWER」が、給油を行わずに1,980kmを走行し、「非プラグイン式エクステンデッドレンジ電動SUVによる最長走行距離」としてギネス世界記録™に認定されたことを発表しました。",https://global.nissannews.com/ja-JP/releases/260805-00-j,
2026-08-17T04:59:06,日産,page,,人事異動について,https://global.nissannews.com/ja-JP/releases/260804-02-j,
2026-08-17T04:59:06,日産,page,,日産自動車株式会社（本社：神奈川県横浜市西区、社長：イヴァン エスピノーサ）は4日、10月1日付けの人事異動を発表しました。,https://global.nissannews.com/ja-JP/releases/260804-02-j,
2026-08-17T04:59:06,日産,page,,日産自動車株式会社（本社：神奈川県横浜市西区、社長：イヴァン エスピノーサ）は3日、2026年度第1四半期決算を発表しました。,https://global.nissannews.com/ja-JP/releases/260803-01-j,
2026-08-17T04:59:06,日産,page,,SUPER GT 第4戦富士、日産勢は想定外の苦戦,https://global.nissannews.com/ja-JP/releases/260802-01-j,
2026-08-17T04:59:06,日産,page,,2026年SUPER GTシリーズ第4戦が富士スピードウェイで開催されました。第3戦のセパン大会が延期され、5月の第2戦から3カ月のインターバルをおいて行われた真夏の第4戦に、日産/NISMO陣営は3台のNissan Z NISMO GT500で挑みました。レース直前の雨と、コンディションの急回復など不安定な状況でスタートしたレースは、Nissan Z NISMO GT500勢にとって厳しい結果となりました。,https://global.nissannews.com/ja-JP/releases/260802-01-j,
2026-08-17T04:59:06,日産,page,,令和８年熊本地震に対する支援について,https://global.nissannews.com/ja-JP/releases/260731-00-j,
2026-08-17T04:59:06,日産,page,,この度の熊本地震により、お亡くなりになられた方々に心よりお悔やみ申し上げますとともに、被災された地域の皆様に心よりお見舞い申し上げます。,https://global.nissannews.com/ja-JP/releases/260731-00-j,
2026-08-17T04:59:06,日産,page,,日産自動車株式会社（本社：神奈川県横浜市西区、社長：イヴァン エスピノーサ）と日産モータースポーツ＆カスタマイズ株式会社（本社：神奈川県茅ヶ崎市、社長：真田 裕、略称：NMC）は、12月6日（日）に富士スピードウェイ（静岡県）にて、「NISMO Festival at Fuji Speedway 2026」を開催すると発表しました。,https://global.nissannews.com/ja-JP/releases/260731-01-j,
2026-08-17T04:59:06,日産,page,,日産自動車2026年6月度および2026年1月～6月累計 生産・販売・輸出実績（速報）,https://global.nissannews.com/ja-JP/releases/260730-01-j,
2026-08-17T04:59:06,日産,page,,日産自動車株式会社は30日、2026年6月度および2026年1月～6月累計の生産・販売・輸出実績を発表しました。,https://global.nissannews.com/ja-JP/releases/260730-01-j,
2026-08-17T04:59:06,日産,page,,日産フォーミュラEチーム、東京大会の両レースでポイントを獲得,https://global.nissannews.com/ja-JP/releases/260727-02-j,
2026-08-17T04:59:06,日産,page,,日産自動車株式会社（本社：神奈川県横浜市西区、社長：イヴァン エスピノーサ）は、同社のフォーミュラEチームが、東京で開催されたABB FIAフォーミュラE世界選手権シーズン12（2025/26）の第14戦と第15戦に参戦し、両レースでポイントを獲得したことを発表しました。,https://global.nissannews.com/ja-JP/releases/260727-02-j,
2026-08-17T04:59:06,日産,page,,「デイズ」を一部仕様変更,https://global.nissannews.com/ja-JP/releases/260727-01-j,
2026-08-17T04:59:06,日産,page,,日産自動車株式会社（本社：神奈川県横浜市西区、社長：イヴァン エスピノーサ）は27日、「デイズ」を一部仕様変更し、本日より発売します。,https://global.nissannews.com/ja-JP/releases/260727-01-j,○
2026-08-17T04:59:06,日産,page,,日産自動車株式会社（本社：神奈川県横浜市西区、社長：イヴァン エスピノーサ）は24日、ABB FIAフォーミュラE世界選手権のシーズン13から、アンドレッティ・フォーミュラEへ同社製のGEN4パワートレインを供給する複数年契約を締結したと発表しました。フォーミュラEの実績と競争力を持つ両チームが協力関係を築き、緊密な技術協業を進めていきます。,https://global.nissannews.com/ja-JP/releases/260724-01-j,
2026-08-17T04:59:06,日産,page,,日産フォーミュラEチーム、東京で初開催されるナイトレースに参戦,https://global.nissannews.com/ja-JP/releases/260722-02-j,
2026-08-17T04:59:06,日産,page,,日産自動車株式会社（本社：神奈川県横浜市西区、社長：イヴァン エスピノーサ）は、同社のフォーミュラEチームが、今週末に東京で開催されるABB FIAフォーミュラE世界選手権シーズン12（2025/26）の第14戦および第15戦に参戦することを発表しました。今回の東京E-Prixは、同シリーズとして東京で初めて開催されるナイトレースです。,https://global.nissannews.com/ja-JP/releases/260722-02-j,
2026-08-17T04:59:06,日産,page,,日産自動車株式会社（本社：神奈川県横浜市西区、社長：イヴァン エスピノーサ）は22日、「日産リーフ NISMO」を発表し、同日より発売します。,https://global.nissannews.com/ja-JP/releases/260722-01-j,○
2026-08-17T04:59:06,日産,page,,日産自動車株式会社（本社：神奈川県横浜市西区、社長：イヴァン エスピノーサ）は16日、昨年のJapan Mobility Show2025にて先行公開した新型「エルグランド」を同日より発売すると発表しました。,https://global.nissannews.com/ja-JP/releases/260716-01-j,○
2026-08-17T04:59:06,日産,page,,日産、新型SUV「テクトン」を発表,https://global.nissannews.com/ja-JP/releases/260709-01-j,○
2026-08-17T04:59:06,日産,page,,日産自動車株式会社（本社：神奈川県横浜市西区、代表執行役社長兼CEO：イヴァン エスピノーサ）は9日、インドで行われたワールドプレミアにおいて、新型SUV日産「テクトン」を発表しました。これは、日産の変革における重要なマイルストーンであり、日産の将来に向けてインドが果たす重要な役割を示すものです。,https://global.nissannews.com/ja-JP/releases/260709-01-j,○
2026-08-17T04:59:06,日産,page,,「日産サクラ」、国内累計販売台数10万台を達成,https://global.nissannews.com/ja-JP/releases/260709-00-j,
2026-08-17T04:59:06,日産,page,,日産自動車株式会社（本社：神奈川県横浜市西区、社長：イヴァン エスピノーサ）は9日、「日産サクラ」の国内累計販売台数が10万台を達成したと発表しました。,https://global.nissannews.com/ja-JP/releases/260709-00-j,
2026-08-17T04:59:06,日産,page,,日産フォーミュラEチーム 上海大会でローランドがポイントを獲得,https://global.nissannews.com/ja-JP/releases/260706-01-j,
2026-08-17T04:59:06,日産,page,,日産自動車株式会社（本社：神奈川県横浜市西区、社長：イヴァン エスピノーサ）は、同社のフォーミュラEチームが、中国・上海で開催されたABB FIAフォーミュラE世界選手権シーズン12（2025/26）の第12戦、第13戦に参戦し、7月5日(日)の第13戦でオリバー ローランドが8位入賞しポイントを獲得しました。,https://global.nissannews.com/ja-JP/releases/260706-01-j,
2026-08-17T04:59:06,日産,page,,日産フォーミュラEチーム、シーズンの命運を担う上海大会へ,https://global.nissannews.com/ja-JP/releases/260702-01-j,
2026-08-17T04:59:06,日産,page,,日産自動車株式会社（本社：神奈川県横浜市西区、社長：イヴァン エスピノーサ）は、同社のフォーミュラEチームが、中国・上海国際サーキットで行われるABB FIAフォーミュラE世界選手権シーズン12（2025/26）の第12戦、第13戦に参戦することを発表しました。,https://global.nissannews.com/ja-JP/releases/260702-01-j,
2026-08-17T04:59:06,日産,page,,日産自動車、部長級人事異動を発表,https://global.nissannews.com/ja-JP/releases/260701-01-j,
2026-08-17T04:59:06,日産,page,,日産自動車株式会社（本社：神奈川県横浜市西区、社長：イヴァン エスピノーサ）は、7月1日付部長級人事異動を発表しました。,https://global.nissannews.com/ja-JP/releases/260701-01-j,
2026-08-17T04:59:06,日産,page,,日産自動車、「東京キャンピングカーショー 2026」に「キャラバン MYROOM」と「NV200バネット MYROOM」を出展,https://global.nissannews.com/ja-JP/releases/260701-00-j,
2026-08-17T04:59:06,日産,page,,日産自動車株式会社（本社：神奈川県横浜市西区、社長：イヴァン エスピノーサ）は1日、「東京キャンピングカーショー2026」（開催期間：2026年7月11日（土）～7月12日（日）場所：東京ビッグサイト 東7・８ホール）に、「キャラバン MYROOM」、「NV200バネット MYROOM」を出展します。,https://global.nissannews.com/ja-JP/releases/260701-00-j,
2026-08-17T04:59:06,日産,page,,日産自動車2026年5月度 生産・販売・輸出実績（速報）,https://global.nissannews.com/ja-JP/releases/260629-01-j,
2026-08-17T04:59:06,日産,page,,日産自動車株式会社は29日、2026年5月度の生産・販売・輸出実績を発表しました。,https://global.nissannews.com/ja-JP/releases/260629-01-j,
2026-08-17T04:59:06,日産,page,,日産自動車 「AWS Summit Japan」にてSDVソフトウェア開発のデモンストレーションを公開,https://global.nissannews.com/ja-JP/releases/260624-01-j,
2026-08-17T04:59:06,日産,page,,日産自動車株式会社（本社：神奈川県横浜市西区、社長：イヴァン エスピノーサ）は、アマゾン ウェブ サービス ジャパン合同会社が主催する「AWS Summit Japan」において、ソフトウェアディファインドビークル（SDV）の基盤となる「日産 スケーラブル オープン プラットフォーム」を用いた、SDVソフトウェア開発のデモンストレーションを公開します。,https://global.nissannews.com/ja-JP/releases/260624-01-j,
2026-08-17T04:59:06,日産,page,,クッキーポリシー,https://global.nissannews.com/ja-JP/pages/global-cookies-policy-j,
2026-08-17T04:59:06,日産,page,,個人情報の取扱いについて,https://www.nissan-global.com/JP/PRIVACY/,
2026-08-17T04:59:06,日産,page,,デジタルアクセシビリティ ステートメント,https://global.nissannews.com/ja-JP/pages/digital-accessibility-statement-jp,
2026-08-17T04:59:07,マツダ,page,,"2026.8.7

                                                                            クルマ・技術
                                                                    



                                                                        マツダ、eスポーツ大会「全国都道府県対抗eスポーツ選手権 2026 オンライン グランツーリスモ７部門」に協賛
                                                                    
－リアルモータースポーツ体験機会を賞典に設定、リバリーコンテストも実施－",https://newsroom.mazda.com/ja/publicity/release/2026/202608/260807a.html                                                        ,
2026-08-17T04:59:07,マツダ,page,,"2026.8.6

                                                                            株主・投資家情報
                                                                    



                                                                        譲渡制限付株式報酬及び業績連動型譲渡制限付株式報酬としての自己株式の処分の払込完了に関するお知らせ [PDF形式]",https://newsroom.mazda.com/ja/publicity/release/2026/202608/260806a.pdf                                                        ,
2026-08-17T04:59:07,マツダ,page,,"2026.8.4

                                                                            株主・投資家情報
                                                                    



                                                                        2027年3月期 第1四半期決算発表",https://newsroom.mazda.com/ja/publicity/release/2026/202608/260804a.html                                                        ,
2026-08-17T04:59:07,マツダ,page,,"2026.8.3

                                                                            CSR・環境・社会活動
                                                                    



                                                                        令和8年熊本地震に対する支援について [PDF形式]",https://newsroom.mazda.com/ja/publicity/release/2026/202608/260803a.pdf                                                        ,
2026-08-17T04:59:07,マツダ,page,,"2026.7.31

                                                                            企業情報
                                                                    



                                                                        人事異動",https://newsroom.mazda.com/ja/publicity/release/2026/202607/260731a.html                                                        ,
2026-08-17T04:59:07,マツダ,page,,"2026.7.30

                                                                            生産・販売
                                                                    



                                                                        マツダ、2026年6月および1～6月の生産･販売状況について",https://newsroom.mazda.com/ja/publicity/release/2026/202607/260730b.html                                                        ,
2026-08-17T04:59:07,マツダ,page,,"2026.7.30

                                                                            クルマ・技術
                                                                    



                                                                        マツダ、新型「MAZDA CX-5」が米国IIHS安全性能評価で最高評価を獲得
                                                                    
—2026 IIHS最高評価TSP+獲得モデル数で全銘柄中最多(2026年7月時点)—",https://newsroom.mazda.com/ja/publicity/release/2026/202607/260730a.html                                                        ,○
2026-08-17T04:59:07,マツダ,page,,"2026.7.28

                                                                            企業情報
                                                                    



                                                                        マツダ、インドネシアで「MAZDA CX-30」の現地組立を開始
                                                                    
－ASEAN地域の重要市場として強化へ－",https://newsroom.mazda.com/ja/publicity/release/2026/202607/260728a.html                                                        ,
2026-08-17T04:59:07,マツダ,page,,"2026.7.23

                                                                            企業情報
                                                                    



                                                                        マツダ×横浜市ふるさと納税返礼品　第２弾が登場 [PDF形式]
                                                                    
「走る歓び」をかたちに、「マツダ・プレミアムドライビングレッスン」の受付を開始",https://newsroom.mazda.com/ja/publicity/release/2026/202607/260723b.pdf                                                        ,
2026-08-17T04:59:07,マツダ,page,,"2026.7.23

                                                                            クルマ・技術
                                                                    



                                                                        マツダ、「MAZDA3」「MAZDA CX-30」を商品改良
                                                                    
－新たなパワートレインを搭載し、「MAZDA CX-30」には特別仕様車を追加－",https://newsroom.mazda.com/ja/publicity/release/2026/202607/260723a.html                                                        ,○
2026-08-17T04:59:07,マツダ,page,,"2026.7.22

                                                                            株主・投資家情報
                                                                    



                                                                        譲渡制限付株式報酬及び業績連動型譲渡制限付株式報酬としての自己株式の処分に関するお知らせ [PDF形式]",https://newsroom.mazda.com/ja/publicity/release/2026/202607/260722a.pdf                                                        ,
2026-08-17T04:59:07,マツダ,page,,"2026.7.21

                                                                            企業情報
                                                                    



                                                                        2027年度定期採用計画および2026年度キャリア採用計画について",https://newsroom.mazda.com/ja/publicity/release/2026/202607/260721a.html                                                        ,
2026-08-17T04:59:07,マツダ,page,,"2026.7.3

                                                                            クルマ・技術
                                                                    



                                                                        マジック、TOYO TIRE、マツダの3社、クロスカントリーラリー「XCRスプリントカップ北海道」に「MAZDA CX-60」で参戦",https://newsroom.mazda.com/ja/publicity/release/2026/202607/260703a.html                                                        ,
2026-08-17T04:59:07,マツダ,page,,"2026.7.2

                                                                            クルマ・技術
                                                                    



                                                                        マツダ、「MAZDA FAN FESTA 2026 at FUJI SPEEDWAY」を開催
                                                                    
― ご家族やご友人とともに楽しめる体験型ファンイベント ―",https://newsroom.mazda.com/ja/publicity/release/2026/202607/260702a.html                                                        ,
2026-08-17T04:59:07,マツダ,page,,"2026.7.1

                                                                            企業情報
                                                                    



                                                                        人事異動",https://newsroom.mazda.com/ja/publicity/release/2026/202607/260701a.html                                                        ,
2026-08-17T04:59:07,マツダ,page,,"2026.6.30

                                                                            その他
                                                                    



                                                                        マツダのドキュメンタリー映像が「カンヌライオンズ国際クリエイティビティ・フェスティバル2026」でブロンズ賞を受賞",https://newsroom.mazda.com/ja/publicity/release/2026/202606/260630a.html                                                        ,
2026-08-17T04:59:07,マツダ,page,,"2026.6.29

                                                                            株主・投資家情報
                                                                    



                                                                        新規劣後特約付ローンによる資金調達及び既存劣後特約付ローンの期限前弁済に関するお知らせ [PDF形式]",https://newsroom.mazda.com/ja/publicity/release/2026/202606/260629b.pdf                                                        ,
2026-08-17T04:59:07,マツダ,page,,"2026.6.29

                                                                            生産・販売
                                                                    



                                                                        マツダ、2026年5月の生産･販売状況について",https://newsroom.mazda.com/ja/publicity/release/2026/202606/260629a.html                                                        ,
2026-08-17T04:59:07,マツダ,page,,"2026.6.26

                                                                            クルマ・技術
                                                                    



                                                                        マツダ、「マツダ ロードスター」を商品改良
                                                                    
－走りの魅力をさらに深化、特別仕様車「PS」を新設定－",https://newsroom.mazda.com/ja/publicity/release/2026/202606/260626a.html                                                        ,○
2026-08-17T04:59:07,マツダ,page,,"2026.6.25

                                                                            クルマ・技術
                                                                    



                                                                        「マツダ 787B」、ル・マン優勝35周年を記念しサルト・サーキットに再登場",https://newsroom.mazda.com/ja/publicity/release/2026/202606/260625b.html                                                        ,
2026-08-17T04:59:07,マツダ,page,,"2026.6.25

                                                                            クルマ・技術
                                                                    



                                                                        マツダ、「フレアクロスオーバー」を商品改良し発売
                                                                    
－実用性と個性を兼ね備えたデザインへ刷新し、先進安全技術と快適装備を進化－",https://newsroom.mazda.com/ja/publicity/release/2026/202606/260625a.html                                                        ,○
2026-08-17T04:59:07,マツダ,page,,"2026.6.24

                                                                            企業情報
                                                                    



                                                                        役員人事に関するお知らせ",https://newsroom.mazda.com/ja/publicity/release/2026/202606/260624b.html                                                        ,
2026-08-17T04:59:07,マツダ,page,,"2026.6.24

                                                                            クルマ・技術
                                                                    



                                                                        マツダ、広島の企業とともに「東京アウトドアショー2026」に出展
                                                                    
－広島のアウトドアブランド・企業との共創により、アウトドアの新たな楽しみ方を提案－",https://newsroom.mazda.com/ja/publicity/release/2026/202606/260624a.html                                                        ,
2026-08-17T04:59:07,マツダ,page,,"2026.6.23

                                                                            クルマ・技術
                                                                    



                                                                        「MAZDA CX-5」の受注が好調
                                                                    
－発売後約1ヵ月時点での累計受注台数が10,000台超え－",https://newsroom.mazda.com/ja/publicity/release/2026/202606/260623a.html                                                        ,○
2026-08-17T04:59:07,マツダ,page,,"2026.6.8

                                                                            クルマ・技術
                                                                    



                                                                        マツダ、車載CO₂回収装置の実用化に前進
                                                                    
－カーボンネガティブ達成に向け、スーパー耐久シリーズでの実証実験にてCO₂貯蔵に成功－",https://newsroom.mazda.com/ja/publicity/release/2026/202606/260608a.html                                                        ,
2026-08-17T04:59:07,マツダ,page,,"2026.6.2

                                                                            CSR・環境・社会活動
                                                                    



                                                                        マツダ、日本通運、バイオディーゼル燃料を活用した実証走行を開始
                                                                    
－完成車・部品物流における脱炭素に燃料転換という選択肢－",https://newsroom.mazda.com/ja/publicity/release/2026/202606/260602a.html                                                        ,
2026-08-17T04:59:07,マツダ,page,,"2026.6.1

                                                                            企業情報
                                                                    



                                                                        人事異動",https://newsroom.mazda.com/ja/publicity/release/2026/202606/260601a.html                                                        ,
2026-08-17T04:59:07,マツダ,page,,"2026.5.31

                                                                            クルマ・技術
                                                                    



                                                                        マツダ、新塗装色「ジンクグリーンメタリック」を開発
                                                                    
－タフさと洗練さを兼ね備えたモダンな緑系色を、ロードスターより順次導入－",https://newsroom.mazda.com/ja/publicity/release/2026/202605/260531a.html                                                        ,
2026-08-17T04:59:07,マツダ,page,,"2026.5.28

                                                                            クルマ・技術
                                                                    



                                                                        マツダ、第76回自動車技術会賞を受賞
                                                                    
－燃費と出力・トルクを両立する高応答遮熱材料技術の開発で「走る歓び」を進化－",https://newsroom.mazda.com/ja/publicity/release/2026/202605/260528c.html                                                        ,
2026-08-17T04:59:07,マツダ,page,,"2026.5.28

                                                                            生産・販売
                                                                    



                                                                        マツダ、2026年4月の生産･販売状況について",https://newsroom.mazda.com/ja/publicity/release/2026/202605/260528b.html                                                        ,
2026-08-17T04:59:07,マツダ,page,,"2026.5.28

                                                                            クルマ・技術
                                                                    



                                                                        マツダ、「スクラムバン」「スクラムワゴン」を商品改良し発売
                                                                    
－フロントデザインを刷新し先進安全技術を採用。バンの新グレード「BUSTER TURBO」を設定－",https://newsroom.mazda.com/ja/publicity/release/2026/202605/260528a.html                                                        ,○
2026-08-17T04:59:07,マツダ,page,,"2026.5.25

                                                                            クルマ・技術
                                                                    



                                                                        「マツダ」と「スピングル」のコラボスニーカーを発売
                                                                    
－MAZDA × SPINGLE コラボ商品第二弾－",https://newsroom.mazda.com/ja/publicity/release/2026/202605/260525a.html                                                        ,○
2026-08-17T04:59:07,マツダ,page,,"2026.5.21

                                                                            クルマ・技術
                                                                    



                                                                        綾瀬はるかさん、マツダのブランドアンバサダーに就任",https://newsroom.mazda.com/ja/publicity/release/2026/202605/260521b.html                                                        ,
2026-08-17T04:59:07,マツダ,page,,"2026.5.21

                                                                            クルマ・技術
                                                                    



                                                                        新型「MAZDA CX-5」の販売を開始
                                                                    
―日常からレジャーまで、多様なライフスタイルにマツダらしく寄り添う一台―",https://newsroom.mazda.com/ja/publicity/release/2026/202605/260521a.html                                                        ,○
2026-08-17T04:59:07,マツダ,page,,"2026.5.12

                                                                            企業情報
                                                                    



                                                                        役員人事に関するお知らせ",https://newsroom.mazda.com/ja/publicity/release/2026/202605/260512c.html                                                        ,
2026-08-17T04:59:07,マツダ,page,,"2026.5.12

                                                                            株主・投資家情報
                                                                    



                                                                        通期連結業績予想と実績値との差異及び個別業績の前期実績値との差異に関するお知らせ[PDF形式]",https://newsroom.mazda.com/ja/publicity/release/2026/202605/260512b.pdf                                                        ,
2026-08-17T04:59:07,マツダ,page,,"2026.5.12

                                                                            株主・投資家情報
                                                                    



                                                                        2026年3月期 通期決算発表",https://newsroom.mazda.com/ja/publicity/release/2026/202605/260512a.html                                                        ,
2026-08-17T04:59:07,マツダ,page,,"2026.4.28

                                                                            企業情報
                                                                    



                                                                        人事異動",https://newsroom.mazda.com/ja/publicity/release/2026/202604/260428a.html                                                        ,
2026-08-17T04:59:07,マツダ,page,,"2026.4.27

                                                                            生産・販売
                                                                    



                                                                        マツダ、2026年3月および2025年4月～2026年3月の生産･販売状況について",https://newsroom.mazda.com/ja/publicity/release/2026/202604/260427a.html                                                        ,
2026-08-17T04:59:07,マツダ,page,,"2026.4.22

                                                                            クルマ・技術
                                                                    



                                                                        神戸製鋼所とマツダが共同開発した電着塗装性向上溶接技術が溶接学会「田中亀久人賞」を受賞 [PDF形式]",https://newsroom.mazda.com/ja/publicity/release/2026/202604/260422a.pdf                                                        ,
2026-08-17T04:59:07,マツダ,page,,"2026.4.3

                                                                            クルマ・技術
                                                                    



                                                                        マツダ、2026年度の参加型モータースポーツ活動計画を発表",https://newsroom.mazda.com/ja/publicity/release/2026/202604/260403a.html                                                        ,
2026-08-17T04:59:07,マツダ,page,,"2026.4.2

                                                                            クルマ・技術
                                                                    



                                                                        「MAZDA EZ-6 / MAZDA6e」が2026年「ワールド・カー・デザイン・オブ・ザ・イヤー」を受賞
                                                                    
－マツダ車の受賞は2020年の「MAZDA3」以来3度目－",https://newsroom.mazda.com/ja/publicity/release/2026/202604/260402a.html                                                        ,
2026-08-17T04:59:07,マツダ,page,,"2026.4.1

                                                                            企業情報
                                                                    



                                                                        人事異動",https://newsroom.mazda.com/ja/publicity/release/2026/202604/260401b.html                                                        ,
2026-08-17T04:59:07,マツダ,page,,"2026.4.1

                                                                            企業情報
                                                                    



                                                                        マツダ、2026年度の入社式を実施",https://newsroom.mazda.com/ja/publicity/release/2026/202604/260401a.html                                                        ,
2026-08-17T04:59:07,マツダ,page,,"2026.3.31

                                                                            CSR・環境・社会活動
                                                                    



                                                                        マツダ、社会福祉団体にマツダ車を贈呈
                                                                    
－「MAZDA Zoom-Zoom スタジアム広島」の累計来場者3,000万人達成記念－",https://newsroom.mazda.com/ja/publicity/release/2026/202603/260331a.html                                                        ,
2026-08-17T04:59:07,マツダ,page,,"2026.3.30

                                                                            生産・販売
                                                                    



                                                                        マツダ、2026年2月の生産･販売状況について",https://newsroom.mazda.com/ja/publicity/release/2026/202603/260330a.html                                                        ,
2026-08-17T04:59:07,マツダ,page,,"2026.3.27

                                                                            クルマ・技術
                                                                    



                                                                        マツダ、第72回大河内記念生産特賞および、第10回ものづくり日本大賞（経済産業大臣賞）を受賞
                                                                    
－安全性と軽量化を両立したホットスタンプ加工技術で「走る歓び」を進化－",https://newsroom.mazda.com/ja/publicity/release/2026/202603/260327a.html                                                        ,
2026-08-17T04:59:07,マツダ,page,,"2026.3.26

                                                                            クルマ・技術
                                                                    



                                                                        マツダ、2026年度の参加型ブランド体験イベント「MAZDA FAN FESTA 2026 at FUJI SPEEDWAY」を10月3日(土)と10月4日(日)に開催決定",https://newsroom.mazda.com/ja/publicity/release/2026/202603/260326a.html                                                        ,
2026-08-17T04:59:07,マツダ,page,,"2026.3.23

                                                                            その他
                                                                    



                                                                        東京海上日動とマツダ、事故関連データを活用した車両安全性能向上の取り組みを開始 [PDF形式]
                                                                    
～安心・安全なモビリティ社会の実現に向けて～",https://newsroom.mazda.com/ja/publicity/release/2026/202603/260323a.pdf                                                        ,
2026-08-17T04:59:07,マツダ,page,,"2026.3.19

                                                                            企業情報
                                                                    



                                                                        不正アクセス発生による個人情報流出可能性のお知らせとおわび [PDF形式]",https://newsroom.mazda.com/ja/publicity/release/2026/202603/260319b.pdf                                                        ,
2026-08-17T04:59:07,マツダ,page,,"2026.3.19

                                                                            クルマ・技術
                                                                    



                                                                        マツダ、「MAZDA CX-60」「MAZDA CX-80」を商品改良し発売",https://newsroom.mazda.com/ja/publicity/release/2026/202603/260319a.html                                                        ,○
2026-08-17T04:59:07,マツダ,page,,"2026.3.17

                                                                            その他
                                                                    



                                                                        マツダ財団が2026年度の事業計画を決定 [PDF形式]",https://newsroom.mazda.com/ja/publicity/release/2026/202603/260317a.pdf                                                        ,
2026-08-17T04:59:07,マツダ,page,,"2026.3.2

                                                                            CSR・環境・社会活動
                                                                    



                                                                        「タテシナ会議」高齢者安全運転支援分科会、広島県三次市で「健康×安全ドライビングフェスタ」を開催 [PDF形式]
                                                                    
－交通事故死傷者ゼロに向けて、地域住民、行政、企業の連携を推進－",https://newsroom.mazda.com/ja/publicity/release/2026/202603/260302a.pdf                                                        ,
2026-08-17T04:59:07,マツダ,page,,"2026.2.27

                                                                            企業情報
                                                                    



                                                                        人事異動",https://newsroom.mazda.com/ja/publicity/release/2026/202602/260227a.html                                                        ,
2026-08-17T04:59:07,マツダ,page,,"2026.2.26

                                                                            生産・販売
                                                                    



                                                                        マツダ、2026年1月の生産･販売状況について",https://newsroom.mazda.com/ja/publicity/release/2026/202602/260226a.html                                                        ,
2026-08-17T04:59:07,マツダ,page,,"2026.2.16

                                                                            その他
                                                                    



                                                                        マツダ、プロ自転車ロードレースチームのヴィクトワール広島に「MAZDA3」を贈呈
                                                                    
－世界へ挑むアスリートと共に移動体験の魅力を広島から発信－",https://newsroom.mazda.com/ja/publicity/release/2026/202602/260216a.html                                                        ,
2026-08-17T04:59:07,マツダ,page,,"2026.2.12

                                                                            クルマ・技術
                                                                    



                                                                        マツダ、「スクラムトラック」を商品改良し発売
                                                                    
－フロントデザインを刷新し、先進安全技術を採用－",https://newsroom.mazda.com/ja/publicity/release/2026/202602/260212a.html                                                        ,○
2026-08-17T04:59:07,マツダ,page,,"2026.2.10

                                                                            株主・投資家情報
                                                                    



                                                                        2026年3月期 第3四半期決算発表",https://newsroom.mazda.com/ja/publicity/release/2026/202602/260210a.html                                                        ,
2026-08-17T04:59:07,マツダ,page,,"2026.1.30

                                                                            企業情報
                                                                    



                                                                        人事異動",https://newsroom.mazda.com/ja/publicity/release/2026/202601/260130b.html                                                        ,
2026-08-17T04:59:07,マツダ,page,,"2026.1.30

                                                                            企業情報
                                                                    



                                                                        組織改革と人事異動",https://newsroom.mazda.com/ja/publicity/release/2026/202601/260130a.html                                                        ,
2026-08-17T04:59:07,マツダ,page,,"2026.1.29

                                                                            生産・販売
                                                                    



                                                                        マツダ、2025年12月および1～12月の生産･販売状況について",https://newsroom.mazda.com/ja/publicity/release/2026/202601/260129b.html                                                        ,
2026-08-17T04:59:07,マツダ,page,,"2026.1.29

                                                                            クルマ・技術
                                                                    



                                                                        「MAZDA CX-5」が世界累計生産・販売台数500万台を達成",https://newsroom.mazda.com/ja/publicity/release/2026/202601/260129a.html                                                        ,
2026-08-17T04:59:07,マツダ,page,,"2026.1.27

                                                                            CSR・環境・社会活動
                                                                    



                                                                        「第33回愛情防府マツダ駅伝競走大会」と「第61回マツダ駅伝大会」を開催",https://newsroom.mazda.com/ja/publicity/release/2026/202601/260127a.html                                                        ,
2026-08-17T04:59:07,マツダ,page,,"2026.1.15

                                                                            クルマ・技術
                                                                    



                                                                        マツダ、「フレア」を商品改良
                                                                    
－先進安全技術を採用し、デザインの刷新と快適性・走行性能を向上－",https://newsroom.mazda.com/ja/publicity/release/2026/202601/260115a.html                                                        ,○
2026-08-17T04:59:07,マツダ,page,,"2026.1.13

                                                                            クルマ・技術
                                                                    



                                                                        マツダ、ロータリーエンジン搭載PHEVの実用化が、「機械振興協会会長賞」を受賞",https://newsroom.mazda.com/ja/publicity/release/2026/202601/260113a.html                                                        ,
2026-08-17T04:59:07,マツダ,page,,"2026.1.12

                                                                            クルマ・技術
                                                                    



                                                                        マツダ、新型バッテリーEV 「MAZDA CX-6e」 を世界初公開
                                                                    
－電動車ラインアップを拡充し、各地域のニーズにマルチソリューションで柔軟に対応－",https://newsroom.mazda.com/ja/publicity/release/2026/202601/260112a.html                                                        ,○
2026-08-17T04:59:07,マツダ,page,,"2026.1.9

                                                                            クルマ・技術
                                                                    



                                                                        マツダ、2026年スーパー耐久シリーズの参戦体制を発表",https://newsroom.mazda.com/ja/publicity/release/2026/202601/260109b.html                                                        ,
2026-08-17T04:59:07,マツダ,page,,"2026.1.9

                                                                            クルマ・技術
                                                                    



                                                                        マツダ、新塗装色「ネイビーブルーマイカ」を開発
                                                                    
－鮮やかかつ深みのある新しい青系色を、新型「CX-5」より順次導入－",https://newsroom.mazda.com/ja/publicity/release/2026/202601/260109a.html                                                        ,○
2026-08-17T04:59:07,マツダ,page,,"2026.8.3

                                                                                CSR・環境・社会活動
                                                                        



                                                                            令和8年熊本地震に対する支援について [PDF形式]",https://newsroom.mazda.com/ja/publicity/release/2026/202608/260803a.pdf                                                            ,
2026-08-17T04:59:07,マツダ,page,,"2026.6.2

                                                                                CSR・環境・社会活動
                                                                        



                                                                            マツダ、日本通運、バイオディーゼル燃料を活用した実証走行を開始
                                                                        
－完成車・部品物流における脱炭素に燃料転換という選択肢－",https://newsroom.mazda.com/ja/publicity/release/2026/202606/260602a.html                                                            ,
2026-08-17T04:59:07,マツダ,page,,"2026.3.31

                                                                                CSR・環境・社会活動
                                                                        



                                                                            マツダ、社会福祉団体にマツダ車を贈呈
                                                                        
－「MAZDA Zoom-Zoom スタジアム広島」の累計来場者3,000万人達成記念－",https://newsroom.mazda.com/ja/publicity/release/2026/202603/260331a.html                                                            ,
2026-08-17T04:59:07,マツダ,page,,"2026.3.2

                                                                                CSR・環境・社会活動
                                                                        



                                                                            「タテシナ会議」高齢者安全運転支援分科会、広島県三次市で「健康×安全ドライビングフェスタ」を開催 [PDF形式]
                                                                        
－交通事故死傷者ゼロに向けて、地域住民、行政、企業の連携を推進－",https://newsroom.mazda.com/ja/publicity/release/2026/202603/260302a.pdf                                                            ,
2026-08-17T04:59:07,マツダ,page,,"2026.1.27

                                                                                CSR・環境・社会活動
                                                                        



                                                                            「第33回愛情防府マツダ駅伝競走大会」と「第61回マツダ駅伝大会」を開催",https://newsroom.mazda.com/ja/publicity/release/2026/202601/260127a.html                                                            ,
2026-08-17T04:59:08,スバル,page,,SUBARUのありたい姿,https://www.subaru.co.jp/introduction/,
2026-08-17T04:59:08,スバル,page,,トップメッセージ,https://www.subaru.co.jp/outline/about/vision/,
2026-08-17T04:59:08,スバル,page,,SUBARU 2025方針,https://www.subaru.co.jp/outline/about/policy/,
2026-08-17T04:59:08,スバル,page,,会社概要・役員／CXO一覧,https://www.subaru.co.jp/outline/profile.html,
2026-08-17T04:59:08,スバル,page,,事業所・関係会社,https://www.subaru.co.jp/outline/office.html,
2026-08-17T04:59:08,スバル,page,,ひとめでわかる SUBARU,https://www.subaru.co.jp/outline/about/,
2026-08-17T04:59:08,スバル,page,,SUBARU運動部,https://www.subaru.co.jp/sports/,
2026-08-17T04:59:08,スバル,page,,ニュースルームトップ,https://www.subaru.co.jp/newsroom/,
2026-08-17T04:59:08,スバル,page,,ニュースリリース,https://www.subaru.co.jp/news/,
2026-08-17T04:59:08,スバル,page,,トピックス・お知らせ,https://www.subaru.co.jp/topics/,
2026-08-17T04:59:08,スバル,page,,株主・投資家の皆様へトップ,https://www.subaru.co.jp/ir/,
2026-08-17T04:59:08,スバル,page,,IRライブラリー,https://www.subaru.co.jp/ir/library/,
2026-08-17T04:59:08,スバル,page,,株主・投資家サポート,https://www.subaru.co.jp/ir/support/,
2026-08-17T04:59:08,スバル,page,,個人投資家の皆様へ,https://www.subaru.co.jp/ir/#individualinvestors-area,
2026-08-17T04:59:08,スバル,page,,ディスクロージャー ポリシー,https://www.subaru.co.jp/ir/disclosure.html,
2026-08-17T04:59:08,スバル,page,,IRサイト注意事項,https://www.subaru.co.jp/ir/cautionary.html,
2026-08-17T04:59:08,スバル,page,,サステナビリティトップ,https://www.subaru.co.jp/csr/,
2026-08-17T04:59:08,スバル,page,,CEOサステナビリティ メッセージ,https://www.subaru.co.jp/csr/message/,
2026-08-17T04:59:08,スバル,page,,SUBARUグループの サステナビリティ,https://www.subaru.co.jp/csr/subaru_csr/,
2026-08-17T04:59:08,スバル,page,,レポートライブラリー,https://www.subaru.co.jp/csr/report/,
2026-08-17T04:59:08,スバル,page,,サステナビリティ関連方針・ガイドライン,https://www.subaru.co.jp/csr/policies/,
2026-08-17T04:59:08,スバル,page,,SUBARUらしさトップ,https://www.subaru.co.jp/difference/,
2026-08-17T04:59:08,スバル,page,,SUBARUびと,https://www.subaru.co.jp/difference/subarubito/,
2026-08-17T04:59:08,スバル,page,,サステナビリティジャーナル,https://www.subaru.co.jp/outline/activity/,
2026-08-17T04:59:08,スバル,page,,SUBARUデザイン,https://www.subaru.co.jp/difference/design/,
2026-08-17T04:59:08,スバル,page,,SUBARU技報,https://www.subaru.co.jp/difference/#sec-tec,
2026-08-17T04:59:08,スバル,page,,SUBARUが生み出してきたこと,https://www.subaru.co.jp/difference/produce/,
2026-08-17T04:59:08,スバル,page,,「SUBARUらしさ」を 際立たせる技術 1.安心と愉しさ,https://www.subaru.co.jp/difference/technology/,
2026-08-17T04:59:08,スバル,page,,「SUBARUらしさ」を 際立たせる技術 2.環境技術,https://www.subaru.co.jp/difference/environment/,
2026-08-17T04:59:08,スバル,page,,『魔改造の夜』特設サイト,https://www.subaru.co.jp/difference/makaizo/,
2026-08-17T04:59:08,スバル,page,,SUBARU Lab採用（中途）,https://www.subaru.co.jp/recruit/subaru-lab/,
2026-08-17T04:59:08,スバル,page,,航空宇宙カンパニー採用,https://www.subaru.co.jp/recruit/aerospace/,
2026-08-17T04:59:08,スバル,page,,販売会社グループ採用,https://dealer-recruit.subaru.co.jp/,
2026-08-17T04:59:08,スバル,page,,障がい者採用（中途）,https://www.subaru.co.jp/recruit/diversity/,
2026-08-17T04:59:08,スバル,page,,関連会社採用情報リンク集,https://www.subaru.co.jp/recruit/group/,
2026-08-17T04:59:08,スバル,page,,"商品サイト 




SUBARU オフィシャル Webサイト",https://www.subaru.jp/,
2026-08-17T04:59:08,スバル,page,,"SUBARUオンライン ショップ 




SUBARUとSTIの公式ウェア& グッズが買える",https://onlineshop.subaru.jp/,
2026-08-17T04:59:08,スバル,page,,"SUGDAS（スグダス） 




SUBARU認定 U - Car検索サイト",https://ucar.subaru.jp/,
2026-08-17T04:59:08,スバル,page,,"SUBARU ブランドライセンス 

ブランドライセンス事業",https://www.subaru.co.jp/license/,
2026-08-17T04:59:08,スバル,page,,商品に関する重要なお知らせ,https://www.subaru.co.jp/products/,
2026-08-17T04:59:08,スバル,page,,サステナビリティ・CSR,https://www.subaru.co.jp/news/csr.html,
2026-08-17T04:59:08,スバル,page,,生産・販売・輸出,https://www.subaru.co.jp/news/production.html,
2026-08-17T04:59:08,スバル,page,,モータースポーツ,https://www.subaru.co.jp/news/motorsports.html,
2026-08-17T04:59:08,スバル,page,,航空宇宙カンパニー,https://www.subaru.co.jp/news/aerospace.html,
2026-08-17T04:59:08,スバル,page,,産業機器カンパニー,https://www.subaru.co.jp/news/industrial.html,
2026-08-17T04:59:08,スバル,page,,ニュースリリース,https://www.subaru.co.jp/news,
2026-08-17T04:59:08,スバル,page,,SUBARU　ステラ改良モデルを発表,https://www.subaru.co.jp/news/2026_08_06_162650,○
2026-08-17T04:59:08,スバル,page,,「SUBARU BRZ」改良モデルを発表,https://www.subaru.co.jp/news/2026_07_30_094952,○
2026-08-17T04:59:08,スバル,page,,SUBARU　レヴォーグ レイバック　ストロングハイブリッド搭載モデルを発表,https://www.subaru.co.jp/news/2026_07_02_145435,
2026-08-17T04:59:08,スバル,page,,SUBARU　サンバーバンの一部改良モデルを発表,https://www.subaru.co.jp/news/2026_06_11_112553,○
2026-08-17T04:59:08,スバル,page,,SUBARU　米国生産 3列SUVの日本市場導入を検討,https://www.subaru.co.jp/news/2026_06_06_101600,
2026-08-17T04:59:08,スバル,page,,SUBARU　レヴォーグの一部改良モデルを発表,https://www.subaru.co.jp/news/2026_06_04_143345,○
2026-08-17T04:59:08,スバル,page,,SUBARU　レヴォーグ レイバックの一部改良モデルを発表,https://www.subaru.co.jp/news/2026_06_04_143024,○
2026-08-17T04:59:08,スバル,page,,SUBARU　メンテナンスパック「SUBARU Care Passport」の販売を開始,https://www.subaru.co.jp/news/2026_06_01_110313,
2026-08-17T04:59:08,スバル,page,,SUBARU 「フォレスター」JNCAP「自動車安全性能2025 ファイブスター大賞」を受賞,https://www.subaru.co.jp/news/2026_05_28_153707,
2026-08-17T04:59:08,スバル,page,,SUBARU　フォレスター改良モデルを発表,https://www.subaru.co.jp/news/2026_05_21_144616,○
2026-08-17T04:59:08,スバル,page,,SUBARU　新型「トレイルシーカー」を「SUBARU×KINTO」で提供開始,https://www.subaru.co.jp/news/2026_04_17_132439,○
2026-08-17T04:59:08,スバル,page,,SUBARU　新型「トレイルシーカー」を発表,https://www.subaru.co.jp/news/2026_04_09_145609,○
2026-08-17T04:59:08,スバル,page,,STIコンプリートカーWRX 「STI Sport♯」を発表,https://www.subaru.co.jp/news/2026_04_09_130404,
2026-08-17T04:59:08,スバル,page,,SUBARU　新型バッテリーEV「ゲッタウェイ」を世界初公開,https://www.subaru.co.jp/news/2026_04_02_151658,○
2026-08-17T04:59:08,スバル,page,,SUBARU　クロストレック特別仕様車「Limited Black」を発表,https://www.subaru.co.jp/news/2026_04_02_160200,○
2026-08-17T04:59:08,スバル,page,,SUBARU　サンバートラックの一部改良モデルを発表,https://www.subaru.co.jp/news/2026_03_26_145433,○
2026-08-17T04:59:08,スバル,page,,SUBARU 「フォレスター」　JNCAP「自動車安全性能2025ファイブスター賞」を受賞,https://www.subaru.co.jp/news/2026_02_18_172805,
2026-08-17T04:59:08,スバル,page,,SUBARU　ハードウェアアップデート商品の先行予約を開始,https://www.subaru.co.jp/news/2026_02_13_185311,
2026-08-17T04:59:08,スバル,page,,SUBARU　群馬製作所 矢島工場にてバッテリーEVをラインオフ,https://www.subaru.co.jp/news/2026_02_04_173046,
2026-08-17T04:59:08,スバル,page,,STIコンプリートカー「WRX STI Sport♯」を初公開,https://www.subaru.co.jp/news/2026_01_09_165812,
2026-08-17T04:59:08,スバル,page,,SUBARU　レヴォーグ・WRX S4特別仕様車「STI Sport R-Black Limited Ⅱ」を発表,https://www.subaru.co.jp/news/2026_01_09_170022,○
2026-08-17T04:59:08,スバル,page,,SUBARU　インプレッサ特別仕様車「STI Performance Edition」を発表,https://www.subaru.co.jp/news/2026_01_09_170228,○
2026-08-17T04:59:08,スバル,page,,SUBARU 「フォレスター」　「2025-2026 日本カー・オブ・ザ・イヤー」を受賞,https://www.subaru.co.jp/news/2025_12_04_103845,
2026-08-17T04:59:08,スバル,page,,SUBARU「ストロングハイブリッド」　「第35回（2026年次）RJCテクノロジーオブザイヤー」を受賞,https://www.subaru.co.jp/news/2025_11_25_125839,
2026-08-17T04:59:08,スバル,page,,SUBARU　次世代アイサイト向けSoC開発にて「ISO 26262」認証を取得,https://www.subaru.co.jp/news/2025_11_21_111316,
2026-08-17T04:59:08,スバル,page,,SUBARU BRZ特別仕様車「STI Sport TYPE RA」を発表,https://www.subaru.co.jp/news/2025_11_13_094744,○
2026-08-17T04:59:08,スバル,page,,SUBARU　サイクリスト対応歩行者保護エアバッグ「2025〜2026 日本自動車殿堂カーテクノロジーオブザイヤー」を受賞,https://www.subaru.co.jp/news/2025_11_12_135729,
2026-08-17T04:59:08,スバル,page,,SUBARU　クロストレック特別仕様車「WILDERNESS Edition」を発表,https://www.subaru.co.jp/news/2025_10_30_124843,○
2026-08-17T04:59:08,スバル,page,,SUBARU　「ソルテラ」改良モデルを発表,https://www.subaru.co.jp/news/2025_10_29_132444,○
2026-08-17T04:59:08,スバル,page,,SUBARU　「REX」 4WDモデルを発表,https://www.subaru.co.jp/news/2025_10_16_150221,
2026-08-17T04:59:08,スバル,page,,PDF/488 KB,https://www.subaru.co.jp/pdf/news/2025_1016_1_2025-10-15-151114.pdf,
2026-08-17T04:59:08,スバル,page,,SUBARU BRZ特別仕様車「STI Sport YELLOW EDITION」を発表,https://www.subaru.co.jp/news/2025_09_05_142938,○
2026-08-17T04:59:08,スバル,page,,PDF/718 KB,https://www.subaru.co.jp/pdf/news/2025_0905_1_2025-09-04-143732.pdf,
2026-08-17T04:59:08,スバル,page,,SUBARU フォレスター特別仕様車「Black Selection」を発表,https://www.subaru.co.jp/news/2025_07_24_130520,○
2026-08-17T04:59:08,スバル,page,,PDF/771 KB,https://www.subaru.co.jp/pdf/news/2025_0724_1_2025-07-23-162809.pdf,
2026-08-17T04:59:08,スバル,page,,SUBARU　新型バッテリーEV「アンチャーテッド」を世界初公開,https://www.subaru.co.jp/news/2025_07_18_163136,○
2026-08-17T04:59:08,スバル,page,,PDF/483 KB,https://www.subaru.co.jp/pdf/news/2025_0718_1_2025-07-17-163935.pdf,
2026-08-17T04:59:08,スバル,page,,SUBARU クロストレック改良モデルを発表,https://www.subaru.co.jp/news/2025_07_10_102338,○
2026-08-17T04:59:08,スバル,page,,PDF/993 KB,https://www.subaru.co.jp/pdf/news/2025_0710_2_2025-07-09-180126.pdf,
2026-08-17T04:59:08,スバル,page,,SUBARU インプレッサ改良モデルを発表,https://www.subaru.co.jp/news/2025_07_10_101627,○
2026-08-17T04:59:08,スバル,page,,PDF/804 KB,https://www.subaru.co.jp/pdf/news/2025_0710_1_2025-07-09-170519.pdf,
2026-08-17T04:59:08,スバル,page,,鹿島建設、SUBARU 光ファイバセンシング技術を用いた路車協調型自動運転の実証実験を開始,https://www.subaru.co.jp/news/2025_06_24_140455,
2026-08-17T04:59:08,スバル,page,,PDF/880 KB,https://www.subaru.co.jp/pdf/news/2025_0624_1_2025-06-23-174157.pdf,
2026-08-17T04:59:08,スバル,page,,SUBARU　新型「ステラ」を発表,https://www.subaru.co.jp/news/2025_06_12_141532,○
2026-08-17T04:59:08,スバル,page,,PDF/318 KB,https://www.subaru.co.jp/pdf/news/2025_0612_2_2025-06-11-202415.pdf,
2026-08-17T04:59:08,スバル,page,,SUBARU　「REX」 ハイブリッドモデルを発表,https://www.subaru.co.jp/news/2025_06_12_141322,
2026-08-17T04:59:08,スバル,page,,PDF/313 KB,https://www.subaru.co.jp/pdf/news/2025_0612_1_2025-06-11-195528.pdf,
2026-08-17T04:59:08,スバル,page,,「SUBARU BRZ」の一部改良モデルを発表,https://www.subaru.co.jp/news/2025_05_22_175727,○
2026-08-17T04:59:08,スバル,page,,PDF/351 KB,https://www.subaru.co.jp/pdf/news/2025_0522_2_2025-05-21-180313.pdf,
2026-08-17T04:59:08,スバル,page,,SUBARU　バッテリーEV 2台を世界初公開,https://www.subaru.co.jp/news/2025_04_18_101302,○
2026-08-17T04:59:08,スバル,page,,PDF/722 KB,https://www.subaru.co.jp/pdf/news/2025_0418_2_2025-04-17-150948.pdf,
2026-08-17T04:59:08,スバル,page,,SUBARU　新型「アウトバック」を世界初公開,https://www.subaru.co.jp/news/2025_04_18_101030,○
2026-08-17T04:59:08,スバル,page,,PDF/839 KB,https://www.subaru.co.jp/pdf/news/2025_0418_1_2025-04-17-165011.pdf,
2026-08-17T04:59:08,スバル,page,,SUBARU　新型「フォレスター」を発表,https://www.subaru.co.jp/news/2025_04_17_164724,○
2026-08-17T04:59:08,スバル,page,,PDF/652 KB,https://www.subaru.co.jp/pdf/news/2025_0417_1_2025-04-16-184626.pdf,
2026-08-17T04:59:08,スバル,page,,SUBARU クロストレック特別仕様車「Limited Sun Blaze Edition」を発表,https://www.subaru.co.jp/news/2025_03_13_122344,○
2026-08-17T04:59:08,スバル,page,,PDF/1 MB,https://www.subaru.co.jp/pdf/news/2025_0313_3_2025-03-12-135717.pdf,
2026-08-17T04:59:08,スバル,page,,SUBARU インプレッサ特別仕様車「ST Black Selection」を発表,https://www.subaru.co.jp/news/2025_03_13_121939,○
2026-08-17T04:59:08,スバル,page,,PDF/1016 KB,https://www.subaru.co.jp/pdf/news/2025_0313_2_2025-03-12-172525.pdf,
2026-08-17T04:59:08,スバル,page,,SUBARU　レヴォーグ特別仕様車として2つのモデルを発表,https://www.subaru.co.jp/news/2025_03_13_115253,○
2026-08-17T04:59:08,スバル,page,,PDF/918 KB,https://www.subaru.co.jp/pdf/news/2025_0313_1_2025-03-12-120239.pdf,
2026-08-17T04:59:08,スバル,page,,SUBARU 「一つのいのちプロジェクト」屋久島環境文化財団とパートナーシップを締結　バッテリーEV「ソルテラ」を提供,https://www.subaru.co.jp/news/2025_01_16_141305,
2026-08-17T04:59:08,スバル,page,,PDF/633 KB,https://www.subaru.co.jp/pdf/news/2025_0116_1_2025-01-15-155658.pdf,
2026-08-17T04:59:08,スバル,page,,SUBARU「フォレスター」がIIHS安全性評価で賞を獲得（米国仕様車が対象）,https://www.subaru.co.jp/news/2025_01_15_161434,
2026-08-17T04:59:08,スバル,page,,PDF/316 KB,https://www.subaru.co.jp/pdf/news/2025_0115_1_2025-01-14-163544.pdf,
2026-08-17T04:59:08,スバル,page,,SUBARU BRZ向け「SUBARU Sport Drive e-Tune」を発表,https://www.subaru.co.jp/news/2025_01_10_172921,
2026-08-17T04:59:08,スバル,page,,PDF/357 KB,https://www.subaru.co.jp/pdf/news/2025_0110_5_2025-01-09-183435.pdf,
2026-08-17T04:59:08,スバル,page,,STIコンプリートカー「S210」プロトタイプを初公開,https://www.subaru.co.jp/news/2025_01_10_173505,
2026-08-17T04:59:08,スバル,page,,PDF/334 KB,https://www.subaru.co.jp/pdf/news/2025_0110_3_2025-01-09-141754.pdf,
2026-08-17T04:59:08,スバル,page,,SUBARU BRZ特別仕様車「STI Sport PURPLE EDITION」を発表,https://www.subaru.co.jp/news/2025_01_09_173141,○
2026-08-17T04:59:08,スバル,page,,PDF/255 KB,https://www.subaru.co.jp/pdf/news/20250109_BRZ_2025-01-09-164042.pdf,
2026-08-17T04:59:08,スバル,page,,SUBARU　WRX S4の一部改良モデルを発表,https://www.subaru.co.jp/news/2024_12_12_115057,○
2026-08-17T04:59:08,スバル,page,,PDF/516 KB,https://www.subaru.co.jp/pdf/news/2024_1212_1_2024-12-11-115129.pdf,
2026-08-17T04:59:08,スバル,page,,SUBARU　レヴォーグの一部改良モデルを発表,https://www.subaru.co.jp/news/2024_12_12_114134,○
2026-08-17T04:59:08,スバル,page,,PDF/697 KB,https://www.subaru.co.jp/pdf/news/2024_1212_3_2024-12-11-114315.pdf,
2026-08-17T04:59:08,スバル,page,,SUBARU　レヴォーグ レイバックの一部改良モデルを発表,https://www.subaru.co.jp/news/2024_12_12_113441,○
2026-08-17T04:59:08,スバル,page,,PDF/568 KB,https://www.subaru.co.jp/pdf/news/2024_1212_3_2024-12-11-113842.pdf,
2026-08-17T04:59:08,スバル,page,,SUBARU　ジャスティの一部改良モデルを発表,https://www.subaru.co.jp/news/2024_12_12_113136,○
2026-08-17T04:59:08,スバル,page,,PDF/334 KB,https://www.subaru.co.jp/pdf/news/2024_1212_4_2024-12-11-113907.pdf,
2026-08-17T04:59:08,スバル,page,,SUBARU　新型「クロストレック」e-BOXER（ストロングハイブリッド）を発表,https://www.subaru.co.jp/news/2024_12_05_160746,○
2026-08-17T04:59:08,スバル,page,,PDF/1 MB,https://www.subaru.co.jp/pdf/news/2024_1205_1_2024-12-04-162213.pdf,
2026-08-17T04:59:08,スバル,page,,初代レガシィ　「2024 日本自動車殿堂 歴史遺産車」に選定,https://www.subaru.co.jp/news/2024_11_07_194518,
2026-08-17T04:59:08,スバル,page,,PDF/271 KB,https://www.subaru.co.jp/pdf/news/2024_1107_3_2024-11-07-130648.pdf,
2026-08-17T04:59:08,スバル,page,,SUBARU　REXの一部改良モデルを発表,https://www.subaru.co.jp/news/2024_11_07_142002,○
2026-08-17T04:59:08,スバル,page,,PDF/351 KB,https://www.subaru.co.jp/pdf/news/2024_1107_2_2024-11-06-142753.pdf,
2026-08-17T04:59:08,スバル,page,,SUBARU　サンバーバンの一部改良モデルを発表,https://www.subaru.co.jp/news/2024_11_07_141255,○
2026-08-17T04:59:08,スバル,page,,PDF/456 KB,https://www.subaru.co.jp/pdf/news/2024_1107_1_2024-11-06-141637.pdf,
2026-08-17T04:59:08,スバル,page,,SUBARU　レガシィ アウトバック特別仕様車「30th Anniversary」を公開,https://www.subaru.co.jp/news/2024_10_24_122621,○
2026-08-17T04:59:08,スバル,page,,PDF/530 KB,https://www.subaru.co.jp/pdf/news/2024_1024_1_2024-10-23-115814.pdf,
2026-08-17T04:59:08,スバル,page,,SUBARU　ストロングハイブリッドを発表,https://www.subaru.co.jp/news/2024_10_17_132911,
2026-08-17T04:59:08,スバル,page,,PDF/327 KB,https://www.subaru.co.jp/pdf/news/20241017_002_jp_2024-12-06-110422.pdf,
2026-08-17T04:59:08,スバル,page,,SUBARU「ソルテラ」と「WRX」がIIHS安全性評価で賞を獲得（米国仕様車が対象）,https://www.subaru.co.jp/news/2024_10_04_162533,
2026-08-17T04:59:08,スバル,page,,PDF/496 KB,https://www.subaru.co.jp/pdf/news/2024_1004_1_2024-10-02-164147.pdf,
2026-08-17T04:59:08,スバル,page,,SUBARU　シフォンの一部改良モデルを発表,https://www.subaru.co.jp/news/2024_10_03_123406,○
2026-08-17T04:59:08,スバル,page,,PDF/363 KB,https://www.subaru.co.jp/pdf/news/2024_1003_2_2024-10-02-123822.pdf,
2026-08-17T04:59:08,スバル,page,,SUBARU　プレオ プラスの一部改良モデルを発表,https://www.subaru.co.jp/news/2024_10_03_122530,○
2026-08-17T04:59:08,スバル,page,,PDF/357 KB,https://www.subaru.co.jp/pdf/news/2024_1003_1_2024-10-02-140632.pdf,
2026-08-17T04:59:08,スバル,page,,SUBARU　クロストレックを一部改良,https://www.subaru.co.jp/news/2024_09_13_134855,○
2026-08-17T04:59:08,スバル,page,,PDF/544 KB,https://www.subaru.co.jp/pdf/news/2024_0913_2_2024-09-11-164320.pdf,
2026-08-17T04:59:08,スバル,page,,SUBARU　インプレッサを一部改良,https://www.subaru.co.jp/news/2024_09_13_134633,○
2026-08-17T04:59:08,スバル,page,,PDF/490 KB,https://www.subaru.co.jp/pdf/news/2024_0913_1_2024-09-11-163958.pdf,
2026-08-17T04:59:08,スバル,page,,SUBARU　レガシィ アウトバックの一部改良モデルを発表,https://www.subaru.co.jp/news/2024_09_06_163340,○
2026-08-17T04:59:08,スバル,page,,PDF/273 KB,https://www.subaru.co.jp/pdf/news/2024_0906_1_2024-09-05-164837.pdf,
2026-08-17T04:59:08,スバル,page,,SUBARU　ローカル5G設備をテストコースに導入し、協調型自動運転の実証実験を開始,https://www.subaru.co.jp/news/2024_08_28_112259,
2026-08-17T04:59:08,スバル,page,,PDF/1 MB,https://www.subaru.co.jp/pdf/news/2024_0828_1_2024-08-27-113117.pdf,
2026-08-17T04:59:08,スバル,page,,「SUBARU BRZ」改良モデルを発表,https://www.subaru.co.jp/news/2024_07_12_110548,○
2026-08-17T04:59:08,スバル,page,,PDF/505 KB,https://www.subaru.co.jp/pdf/news/2024_0712_1_2024-07-11-111445.pdf,
2026-08-17T04:59:08,スバル,page,,SUBARU　フォレスター特別仕様車「Urban Selection」を発表,https://www.subaru.co.jp/news/2024_07_11_121309,○
2026-08-17T04:59:08,スバル,page,,PDF/569 KB,https://www.subaru.co.jp/pdf/news/2024_0711_2_2024-07-10-122256.pdf,
2026-08-17T04:59:08,スバル,page,,SUBARU 「クロストレック」・「インプレッサ」JNCAP「自動車安全性能2023ファイブスター大賞」を受賞,https://www.subaru.co.jp/news/2024_05_28_184333,
2026-08-17T04:59:08,スバル,page,,PDF/360 KB,https://www.subaru.co.jp/pdf/news/2024_0528_1_2024-05-27-134426.pdf,
2026-08-17T04:59:08,スバル,page,,SUBARU　最新のIIHS前面衝突予防性能試験において運転支援システム アイサイトを搭載した「フォレスター」が試験車両で唯一、最高評価を獲得（米国仕様車が対象）,https://www.subaru.co.jp/news/2024_05_27_182511,
2026-08-17T04:59:08,スバル,page,,PDF/296 KB,https://www.subaru.co.jp/pdf/news/2024_0527_1_2024-05-24-153412.pdf,
2026-08-17T04:59:08,スバル,page,,SUBARU　新車サブスクリプションサービス「SUBARU×KINTO」を開始,https://www.subaru.co.jp/news/2024_05_16_114704,
2026-08-17T04:59:08,スバル,page,,PDF/618 KB,https://www.subaru.co.jp/pdf/news/2024_0516_1_2024-05-15-110414.pdf,
2026-08-17T04:59:08,スバル,page,,SUBARU　フォレスター特別仕様車「STI Sport Black Interior Selection」を発表,https://www.subaru.co.jp/news/2024_04_11_174717,○
2026-08-17T04:59:08,スバル,page,,PDF/1 MB,https://www.subaru.co.jp/pdf/news/2024_0411_2_2024-04-10-181519.pdf,
2026-08-17T04:59:08,スバル,page,,SUBARU　フォレスター特別仕様車「X-EDITION」・「XT-EDITION」にボディカラー「ガイザーブルー」を設定,https://www.subaru.co.jp/news/2024_04_11_174205,○
2026-08-17T04:59:08,スバル,page,,PDF/614 KB,https://www.subaru.co.jp/pdf/news/2024_0411_1_2024-04-10-180057.pdf,
2026-08-17T04:59:08,スバル,page,,SUBARU BRZ「Cup Car Basic」を発表,https://www.subaru.co.jp/news/2024_04_08_133818,
2026-08-17T04:59:08,スバル,page,,PDF/306 KB,https://www.subaru.co.jp/pdf/news/2024_0408_1_2024-04-05-135838.pdf,
2026-08-17T04:59:08,スバル,page,,SUBARU、KINTOと協業による新車サブスク事業に参入 2024年初夏より開始,https://www.subaru.co.jp/news/2024_01_12_110405,
2026-08-17T04:59:08,スバル,page,,PDF/660 KB,https://www.subaru.co.jp/pdf/news/20240112_4_2024-01-11-160145.pdf,
2026-08-17T04:59:08,スバル,page,,SUBARU　特別仕様車「WRX S4 STI Sport♯」を発表,https://www.subaru.co.jp/news/2024_01_12_105245,○
2026-08-17T04:59:08,スバル,page,,PDF/429 KB,https://www.subaru.co.jp/pdf/news/20240112_01_2024-01-11-151058.pdf,
2026-08-17T04:59:08,スバル,page,,自動車メーカーを中心に12社で「自動車用先端SoC技術研究組合」を設立,https://www.subaru.co.jp/news/2023_12_28_152308,
2026-08-17T04:59:08,スバル,page,,SUBARU　新型「フォレスター」 を世界初公開,https://www.subaru.co.jp/news/2023_11_17_164127,○
2026-08-17T04:59:08,スバル,page,,PDF/762 KB,https://www.subaru.co.jp/pdf/news/2023_1117_1_2023-11-14-165439.pdf,
2026-08-17T04:59:08,スバル,page,,SUBARU「インプレッサ」と「クロストレック」がIIHS安全性評価で賞を獲得（米国仕様車が対象）,https://www.subaru.co.jp/news/2023_11_10_114909,
2026-08-17T04:59:08,スバル,page,,PDF/199 KB,https://www.subaru.co.jp/pdf/news/20231110_2023-11-10-093153.pdf,
2026-08-17T04:59:08,スバル,page,,SUBARU　新型SUV「レヴォーグ レイバック」を発表,https://www.subaru.co.jp/news/2023_10_25_154428,○
2026-08-17T04:59:08,スバル,page,,PDF/578 KB,https://www.subaru.co.jp/pdf/news/2023_1025_2__2023-10-19-172035.pdf,
2026-08-17T04:59:08,スバル,page,,SUBARU 「ソルテラ」改良モデルを発表,https://www.subaru.co.jp/news/2023_10_25_154547,○
2026-08-17T04:59:08,スバル,page,,PDF/490 KB,https://www.subaru.co.jp/pdf/news/2023_1025_3_2023-10-19-182751.pdf,
2026-08-17T04:59:08,スバル,page,,SUBARU　フォレスター 特別仕様車 「X-EDITION」を発表,https://www.subaru.co.jp/news/2023_10_25_153648,○
2026-08-17T04:59:08,スバル,page,,PDF/714 KB,https://www.subaru.co.jp/pdf/news/2023_1025_5_2023-10-20-142501.pdf,
2026-08-17T04:59:08,スバル,page,,SUBARU 「レヴォーグ」改良モデルを発表,https://www.subaru.co.jp/news/2023_10_25_154247,○
2026-08-17T04:59:08,スバル,page,,PDF/411 KB,https://www.subaru.co.jp/pdf/news/2023_1025_6_2023-10-19-142652.pdf,
2026-08-17T04:59:08,スバル,page,,SUBARU　「WRX S4」改良モデルを発表,https://www.subaru.co.jp/news/2023_10_25_154032,○
2026-08-17T04:59:08,スバル,page,,PDF/424 KB,https://www.subaru.co.jp/pdf/news/2023_1025_7_2023-10-19-133027.pdf,
2026-08-17T04:59:08,スバル,page,,「SUBARU BRZ」一部改良モデルを発表,https://www.subaru.co.jp/news/2023_09_22_135116,○
2026-08-17T04:59:08,スバル,page,,PDF/475 KB,https://www.subaru.co.jp/pdf/news/2023_0922_1_2023-09-21-140013.pdf,
2026-08-17T04:59:08,スバル,page,,SUBARU　「レガシィ アウトバック」の改良モデルを発表,https://www.subaru.co.jp/news/2023_09_07_145107,○
2026-08-17T04:59:08,スバル,page,,PDF/707 KB,https://www.subaru.co.jp/pdf/news/2023_0907_1_2023-09-06-154022.pdf,
2026-08-17T04:59:08,スバル,page,,SUBARU 「フォレスター」 一部改良モデルを発表,https://www.subaru.co.jp/news/2023_08_24_141135,○
2026-08-17T04:59:08,スバル,page,,PDF/1 MB,https://www.subaru.co.jp/pdf/news/2023_0824_1_2023-08-23-142406.pdf,
2026-08-17T04:59:08,スバル,page,,SUBARU 新型SUV「LEVORG LAYBACK」ティザー画像を公開,https://www.subaru.co.jp/news/2023_08_03_151403,○
2026-08-17T04:59:08,スバル,page,,PDF/259 KB,https://www.subaru.co.jp/pdf/news/2023_0803_1_2023-08-02-153056.pdf,
2026-08-17T04:59:08,スバル,page,,SUBARU 「レガシィ アウトバック」改良モデルの専用サイトを公開,https://www.subaru.co.jp/news/2023_07_20_102357,○
2026-08-17T04:59:08,スバル,page,,PDF/476 KB,https://www.subaru.co.jp/pdf/news/2023_0720_1_2023-07-19-151620.pdf,
2026-08-17T04:59:08,スバル,page,,SUBARU レヴォーグ特別仕様車「Smart Edition」を発表,https://www.subaru.co.jp/news/2023_07_03_120245,○
2026-08-17T04:59:08,スバル,page,,PDF/582 KB,https://www.subaru.co.jp/pdf/news/2023_0703_1_2023-06-30-120946.pdf,
2026-08-17T04:59:08,スバル,page,,SUBARU マニュアルトランスミッション車向け「アイサイト」を開発　今秋発表予定のSUBARU BRZ改良モデルに初採用,https://www.subaru.co.jp/news/2023_06_20_172015,○
2026-08-17T04:59:08,スバル,page,,PDF/411 KB,https://www.subaru.co.jp/pdf/news/2023_0620_1_2023-06-16-173220.pdf,
2026-08-17T04:59:08,スバル,page,,SUBARU　新型「インプレッサ」の価格を発表,https://www.subaru.co.jp/news/2023_04_20_132329,○
2026-08-17T04:59:08,スバル,page,,PDF/1 MB,https://www.subaru.co.jp/pdf/news/2023_0420_1_2023-04-19-132902.pdf,
2026-08-17T04:59:08,スバル,page,,SUBARU 「クロストレック　ウィルダネス」を米国で発表,https://www.subaru.co.jp/news/2023_04_06_122253,
2026-08-17T04:59:08,スバル,page,,PDF/414 KB,https://www.subaru.co.jp/pdf/news/2023_0406_1_2023-04-05-122917.pdf,
2026-08-17T04:59:08,スバル,page,,「次世代グリーンCO2燃料技術研究組合」へのマツダ参画について,https://www.subaru.co.jp/news/2023_03_29_171858,
2026-08-17T04:59:08,スバル,page,,PDF/254 KB,https://www.subaru.co.jp/pdf/news/2023_0329_1_2023-03-28-172816.pdf,
2026-08-17T04:59:08,スバル,page,,SUBARUの2023年モデルが新基準を採用したIIHS安全性評価で5つの賞を獲得（米国仕様車が対象）,https://www.subaru.co.jp/news/2023_03_08_150940,
2026-08-17T04:59:08,スバル,page,,PDF/411 KB,https://www.subaru.co.jp/pdf/news/2023_0308_1_2023-03-07-152505.pdf,
2026-08-17T04:59:08,スバル,page,,SUBARU　新型「インプレッサ」 専用サイトを公開,https://www.subaru.co.jp/news/2023_02_16_172136,○
2026-08-17T04:59:08,スバル,page,,PDF/380 KB,https://www.subaru.co.jp/pdf/news/2023_0216_1_2023-02-15-172806.pdf,
2026-08-17T04:59:08,スバル,page,,SUBARU　新型「インプレッサ」（日本仕様車・プロトタイプ）を初公開,https://www.subaru.co.jp/news/2023_01_13_170612,○
2026-08-17T04:59:08,スバル,page,,PDF/323 KB,https://www.subaru.co.jp/pdf/news/2023_0113_4_2023-01-12-180816.pdf,
2026-08-17T04:59:08,スバル,page,,SUBARU　特別仕様車「レヴォーグSTI Sport♯」を発表,https://www.subaru.co.jp/news/2023_01_13_170507,○
2026-08-17T04:59:08,スバル,page,,PDF/347 KB,https://www.subaru.co.jp/pdf/news/2023_0113_3_2023-01-12-190328.pdf,
2026-08-17T04:59:08,スバル,page,,SUBARU　電子制御ダンパー制御プログラムのアップデートサービス 「SUBARU Active Damper e-Tune」を発表,https://www.subaru.co.jp/news/2023_01_13_170047,
2026-08-17T04:59:08,スバル,page,,PDF/382 KB,https://www.subaru.co.jp/pdf/news/2023_0113_1_2023-01-12-152346.pdf,
2026-08-17T04:59:08,スバル,page,,SUBARU　フォレスター特別仕様車「XT-EDITION」を発表,https://www.subaru.co.jp/news/2022_12_22_114506,○
2026-08-17T04:59:08,スバル,page,,PDF/545 KB,https://www.subaru.co.jp/pdf/news/2022_1222_1_2022-12-21-115358.pdf,
2026-08-17T04:59:08,スバル,page,,SUBARU　新型「クロストレック」の価格を発表,https://www.subaru.co.jp/news/2022_12_01_135725,○
2026-08-17T04:59:08,スバル,page,,PDF/1 MB,https://www.subaru.co.jp/pdf/news/2022_1201_1_2022-11-30-144008.pdf,
2026-08-17T04:59:08,スバル,page,,SUBARU「ソルテラ」がユーロNCAPの2022年安全性能テストで最高評価「ファイブスター」獲得,https://www.subaru.co.jp/news/2022_11_30_115157,
2026-08-17T04:59:08,スバル,page,,PDF/432 KB,https://www.subaru.co.jp/pdf/news/2022_1130_1_2022-11-29-115436.pdf,
2026-08-17T04:59:08,スバル,page,,SUBARU　「レヴォーグ」一部改良モデルを発表,https://www.subaru.co.jp/news/2022_11_24_164639,○
2026-08-17T04:59:08,スバル,page,,PDF/298 KB,https://www.subaru.co.jp/pdf/news/2022_1124_2_2022-11-22-164946.pdf,
2026-08-17T04:59:08,スバル,page,,SUBARU　「WRX S4」一部改良モデルを発表,https://www.subaru.co.jp/news/2022_11_24_162559,○
2026-08-17T04:59:08,スバル,page,,PDF/289 KB,https://www.subaru.co.jp/pdf/news/2022_1124_1_2022-11-22-164322.pdf,
2026-08-17T04:59:08,スバル,page,,SUBARU　新型「インプレッサ」 を世界初公開,https://www.subaru.co.jp/news/2022_11_18_165728,○
2026-08-17T04:59:08,スバル,page,,PDF/499 KB,https://www.subaru.co.jp/pdf/news/2022_1118_1_2022-11-16-170430.pdf,
2026-08-17T04:59:08,スバル,page,,SUBARU　初の小型SUV「REX」を発表,https://www.subaru.co.jp/news/2022_11_11_152235,
2026-08-17T04:59:08,スバル,page,,PDF/423 KB,https://www.subaru.co.jp/pdf/news/2022_1111_1_2022-11-07-153234.pdf,
2026-08-17T04:59:08,スバル,page,,SUBARUの3車種が2022年IIHSトップセイフティピックプラスを獲得（米国仕様車が対象）,https://www.subaru.co.jp/news/2022_11_09_164415,
2026-08-17T04:59:08,スバル,page,,PDF/551 KB,https://www.subaru.co.jp/pdf/news/2022_1109_1_2022-11-08-164808.pdf,
2026-08-17T04:59:08,スバル,page,,SUBARU　「SOLTERRA」がJNCAP「自動車安全性能2022ファイブスター賞」を受賞,https://www.subaru.co.jp/news/2022_11_07_162151,
2026-08-17T04:59:08,スバル,page,,PDF/510 KB,https://www.subaru.co.jp/pdf/news/2022_1107_1_2022-11-04-162649.pdf,
2026-08-17T04:59:08,スバル,page,,大熊町及び次世代グリーンCO2燃料技術研究組合、企業立地に関する基本協定を締結,https://www.subaru.co.jp/news/2022_10_25_120442,
2026-08-17T04:59:08,スバル,page,,PDF/163 KB,https://www.subaru.co.jp/pdf/news/2022_1025_1_2022-10-24-120536.pdf,
2026-08-17T04:59:08,スバル,page,,SUBARU　「シフォン」一部改良モデルを発表,https://www.subaru.co.jp/news/2022_10_13_183834,○
2026-08-17T04:59:08,スバル,page,,PDF/617 KB,https://www.subaru.co.jp/pdf/news/2022_1013_2_2022-10-12-120108.pdf,
2026-08-17T04:59:08,スバル,page,,SUBARUのドライブアプリ「SUBAROAD」が2022年度グッドデザイン賞を受賞,https://www.subaru.co.jp/news/2022_10_07_150940,
2026-08-17T04:59:08,スバル,page,,PDF/682 KB,https://www.subaru.co.jp/pdf/news/2022_1007_2022-10-07-152204.pdf,
2026-08-17T04:59:08,スバル,page,,SUBARU　新型「CROSSTREK」 を世界初公開,https://www.subaru.co.jp/news/2022_09_15_150743,○
2026-08-17T04:59:08,スバル,page,,PDF/937 KB,https://www.subaru.co.jp/pdf/news/2022_0915_2_2022-09-14-162012.pdf,
2026-08-17T04:59:08,スバル,page,,SUBARU　AWD車誕生50周年を迎えて,https://www.subaru.co.jp/news/2022_09_15_103446,
2026-08-17T04:59:08,スバル,page,,PDF/238 KB,https://www.subaru.co.jp/pdf/news/2022_0905_1_2022-09-14-103739.pdf,
2026-08-17T04:59:08,スバル,page,,SUBARU　「レガシィ アウトバック」一部改良モデルを発表,https://www.subaru.co.jp/news/2022_09_08_111846,○
2026-08-17T04:59:08,スバル,page,,PDF/459 KB,https://www.subaru.co.jp/pdf/news/2022_0908_1_2022-09-07-113859.pdf,
2026-08-17T04:59:08,スバル,page,,SUBARU　運転支援システム「アイサイト」搭載車の世界累計販売台数500万台を達成,https://www.subaru.co.jp/news/2022_08_31_113150,
2026-08-17T04:59:08,スバル,page,,PDF/285 KB,https://www.subaru.co.jp/pdf/news/2022_0831_1_2022-08-30-114559.pdf,
2026-08-17T04:59:08,スバル,page,,SUBARU　フォレスター「STI Sport」を発表,https://www.subaru.co.jp/news/2022_08_25_142111,
2026-08-17T04:59:08,スバル,page,,PDF/969 KB,https://www.subaru.co.jp/pdf/news/2022_0825_2_2022-08-24-142507.pdf,
2026-08-17T04:59:08,スバル,page,,SUBARU　「アウトバック」がIIHSの新たな側面衝突試験において試験車両で唯一、最高評価を獲得（米国仕様車が対象）,https://www.subaru.co.jp/news/2022_08_25_151726,
2026-08-17T04:59:08,スバル,page,,PDF/211 KB,https://www.subaru.co.jp/pdf/news/2022_0825_1_2022-08-24-152840.pdf,
2026-08-17T04:59:08,スバル,page,,SUBARU BRZ特別仕様車「S “10th Anniversary Limited”」を発表,https://www.subaru.co.jp/news/2022_07_24_135715,○
2026-08-17T04:59:08,スバル,page,,PDF/479 KB,https://www.subaru.co.jp/pdf/news/2022_0724_1_2022-07-22-140033.pdf,
2026-08-17T04:59:08,スバル,page,,民間6社による「次世代グリーンCO2燃料技術研究組合」を設立,https://www.subaru.co.jp/news/2022_07_20_141610,
2026-08-17T04:59:08,スバル,page,,PDF/624 KB,https://www.subaru.co.jp/pdf/news/2022_0720_1_2022-07-19-141801.pdf,
2026-08-17T04:59:08,スバル,page,,SUBARU　フォレスター「STI Sport」を公開,https://www.subaru.co.jp/news/2022_06_27_151052,
2026-08-17T04:59:08,スバル,page,,PDF/302 KB,https://www.subaru.co.jp/pdf/news/2022_0627_1_2022-06-24-151455.pdf,
2026-08-17T04:59:08,スバル,page,,「SUBARU BRZ」一部改良モデルを発表,https://www.subaru.co.jp/news/2022_05_26_151055,○
2026-08-17T04:59:08,スバル,page,,PDF/392 KB,https://www.subaru.co.jp/pdf/news/2022_0526_1_2022-05-25-151242.pdf,
2026-08-17T04:59:08,スバル,page,,SUBARU　「レガシィ アウトバック」が、JNCAP「自動車安全性能2021 ファイブスター大賞」を受賞,https://www.subaru.co.jp/news/2022_05_25_141000,
2026-08-17T04:59:08,スバル,page,,PDF/286 KB,https://www.subaru.co.jp/pdf/news/2022_0525_1_2022-05-24-173137.pdf,
2026-08-17T04:59:08,スバル,page,,SUBARU BRZ（アイサイト装着車）とフォレスターがIIHS安全性評価でトップセイフティピックプラスを獲得（米国仕様車が対象）,https://www.subaru.co.jp/news/2022_05_18_171730,
2026-08-17T04:59:08,スバル,page,,PDF/383 KB,https://www.subaru.co.jp/pdf/news/2022_0518_1_2022-05-17-190811.pdf,
2026-08-17T04:59:08,スバル,page,,SUBARU 新型BEV「SOLTERRA」（日本仕様車）の価格を発表,https://www.subaru.co.jp/news/2022_04_14_093616,○
2026-08-17T04:59:08,スバル,page,,PDF/1 MB,https://www.subaru.co.jp/pdf/news/2022_0414_1_2024-06-17-164116.pdf,
2026-08-17T04:59:08,スバル,page,,SUBARU　北米向けアウトバックの予防安全機能を強化,https://www.subaru.co.jp/news/2022_04_13_162959,
2026-08-17T04:59:08,スバル,page,,PDF/210 KB,https://www.subaru.co.jp/pdf/news/2022_0413_1_2022-04-13-102711.pdf,
2026-08-17T04:59:08,スバル,page,,SUBARU　米国IIHSが新設したシートベルトリマインダー評価で最高評価を獲得（米国仕様車が対象）,https://www.subaru.co.jp/news/2022_04_06_175152,
2026-08-17T04:59:08,スバル,page,,PDF/316 KB,https://www.subaru.co.jp/pdf/news/2022_0406_1_2022-04-06-101749.pdf,
2026-08-17T04:59:08,スバル,page,,SUBARUの2022年モデルがIIHS安全性評価で6つの賞を獲得,https://www.subaru.co.jp/news/2022_03_07_131123,
2026-08-17T04:59:08,スバル,page,,PDF/350 KB,https://www.subaru.co.jp/pdf/news/2022_0307 1_2022-03-04-131323.pdf,
2026-08-17T04:59:08,スバル,page,,SUBARU BRZ「Cup Car Basic」を発表,https://www.subaru.co.jp/news/2022_02_08_185702,
2026-08-17T04:59:08,スバル,page,,PDF/545 KB,https://www.subaru.co.jp/pdf/news/2022_0208_1_2022-02-07-190019.pdf,
2026-08-17T04:59:08,スバル,page,,SUBARU　新型「サンバーバン」および「サンバートラック」大幅改良モデルを発表,https://www.subaru.co.jp/news/2022_01_13_124658,○
2026-08-17T04:59:08,スバル,page,,PDF/417 KB,https://www.subaru.co.jp/pdf/news/2022_0113_1_2022-01-11-124925.pdf,
2026-08-17T04:59:08,スバル,page,,「SUBARU XV」 一部改良モデルを発表,https://www.subaru.co.jp/news/2021_12_16_172030,○
2026-08-17T04:59:08,スバル,page,,PDF/574 KB,https://www.subaru.co.jp/pdf/news/2021_1216_2_2021-12-15-153436.pdf,
2026-08-17T04:59:08,スバル,page,,SUBARU 「インプレッサ」 一部改良モデルを発表,https://www.subaru.co.jp/news/2021_12_16_170623,○
2026-08-17T04:59:08,スバル,page,,PDF/664 KB,https://www.subaru.co.jp/pdf/news/2021_1216_1_2021-12-15-134329.pdf,
2026-08-17T04:59:08,スバル,page,,SUBARUオーナーのためのドライブアプリ「SUBAROAD」をリリース,https://www.subaru.co.jp/news/2021_12_07_134319,
2026-08-17T04:59:08,スバル,page,,PDF/354 KB,https://www.subaru.co.jp/pdf/news/20211207_2021-12-03-134807.pdf,
2026-08-17T04:59:08,スバル,page,,SUBARU　新型「WRX S4」を発表,https://www.subaru.co.jp/news/2021_11_25_133325,○
2026-08-17T04:59:08,スバル,page,,PDF/517 KB,https://www.subaru.co.jp/pdf/news/2021_1125_1_2021-11-24-211834.pdf,
2026-08-17T04:59:08,スバル,page,,SUBARU　「レヴォーグ」一部改良モデルを発表,https://www.subaru.co.jp/news/2021_11_25_133106,○
2026-08-17T04:59:08,スバル,page,,PDF/369 KB,https://www.subaru.co.jp/pdf/news/2021_1125_2_2021-11-24-201705.pdf,
2026-08-17T04:59:08,スバル,page,,川崎重工、SUBARU、トヨタ、マツダ、ヤマハ発動機、カーボンニュートラル実現に向け、燃料を「つくる」「はこぶ」「つかう」選択肢を広げる取り組みに挑戦,https://www.subaru.co.jp/news/2021_11_13_184044,
2026-08-17T04:59:08,スバル,page,,PDF/1 MB,https://www.subaru.co.jp/pdf/news/2021_1113_1_2021-11-12-184450.pdf,
2026-08-17T04:59:08,スバル,page,,SUBARUが初めてグローバルに展開するBEV、「SOLTERRA」を発表,https://www.subaru.co.jp/news/2021_11_11_171635,
2026-08-17T04:59:08,スバル,page,,PDF/615 KB,https://www.subaru.co.jp/pdf/news/2021_1111_1_2021-11-10-171846.pdf,
2026-08-17T04:59:08,スバル,page,,SUBARU　新型「レガシィ アウトバック」を発表,https://www.subaru.co.jp/press/news/2021_10_07_11214,○
2026-08-17T04:59:08,スバル,page,,PDF/598 KB,https://www.subaru.co.jp/pdf/news/2021_1007_1_PW-8ayz4_6_2021-10-11-133047.pdf,
2026-08-17T04:59:08,スバル,page,,SUBARU　「シフォン」一部改良モデルを発表,https://www.subaru.co.jp/news/2021_09_30_11088,○
2026-08-17T04:59:08,スバル,page,,PDF/362 KB,https://www.subaru.co.jp/pdf/news/2021_0930_1_u_NY-ju1Hx_2021-10-08-083701.pdf,
2026-08-17T04:59:08,スバル,page,,MBD（モデルベース開発）推進センターへの参画について,https://www.subaru.co.jp/press/news/2021_09_24_10998,
2026-08-17T04:59:08,スバル,page,,PDF/382 KB,https://www.subaru.co.jp/pdf/news/2021_0924_1_fdF_S-FB6K_2021-10-07-140519.pdf,
2026-08-17T04:59:08,スバル,page,,SUBARU 新型「アウトバック」がユーロNCAPの2021年安全性能テストで最高評価「ファイブスター」を獲得,https://www.subaru.co.jp/press/news/2021_09_21_10971,○
2026-08-17T04:59:08,スバル,page,,PDF/373 KB,https://www.subaru.co.jp/press/file/uploads/news/2021_0921_1_GfXu7c_-Y6.pdf,
2026-08-17T04:59:08,スバル,page,,SUBARU　新型「WRX」を世界初公開,https://www.subaru.co.jp/press/news/2021_09_10_10869,○
2026-08-17T04:59:08,スバル,page,,PDF/612 KB,https://www.subaru.co.jp/press/file/uploads/news/2021_0910_01_o-2YhK_Mjh.pdf,
2026-08-17T04:59:08,スバル,page,,SUBARU　「ステラ」一部改良モデルを発表,https://www.subaru.co.jp/press/news/2021_09_09_10842,○
2026-08-17T04:59:08,スバル,page,,PDF/366 KB,https://www.subaru.co.jp/press/file/uploads/news/2021_0909_1_Fc_G6dl-zE.pdf,
2026-08-17T04:59:08,スバル,page,,SUBARU 「フォレスター　ウィルダネス」を米国で発表,https://www.subaru.co.jp/press/news/2021_09_02_10722,
2026-08-17T04:59:08,スバル,page,,PDF/480 KB,https://www.subaru.co.jp/press/file/uploads/news/2021_0902_02_G_-i6ZkPXW.pdf,
2026-08-17T04:59:08,スバル,page,,SUBARU　新型「レガシィ アウトバック」を初公開,https://www.subaru.co.jp/press/news/2021_09_02_10761,○
2026-08-17T04:59:08,スバル,page,,PDF/623 KB,https://www.subaru.co.jp/press/file/uploads/news/2021_0902_1_R-nXNBkJ_3C.pdf,
2026-08-17T04:59:08,スバル,page,,SUBARU「フォレスター」大幅改良モデルを発表,https://www.subaru.co.jp/press/news/2021_08_19_10617,○
2026-08-17T04:59:08,スバル,page,,PDF/588 KB,https://www.subaru.co.jp/press/file/uploads/news/2021_0819_1_aPW-Ql_Yd3.pdf,
2026-08-17T04:59:08,スバル,page,,新型「SUBARU BRZ」を発表,https://www.subaru.co.jp/press/news/2021_07_29_10329,○
2026-08-17T04:59:08,スバル,page,,PDF/662 KB,https://www.subaru.co.jp/press/file/uploads/news/2021_0729_1_SL6N_R2Bn-Y.pdf,
2026-08-17T04:59:08,スバル,page,,"SUBARU　AWD車の累計生産台数 2,000万台を達成",https://www.subaru.co.jp/press/news/2021_07_08_10104,
2026-08-17T04:59:08,スバル,page,,PDF/175 KB,https://www.subaru.co.jp/press/file/uploads/news/2021_0708_2_Zx-dozRL_D0.pdf,
2026-08-17T04:59:08,スバル,page,,SUBARU XV特別仕様車「2.0e-L EyeSight Smart Edition」を発表,https://www.subaru.co.jp/press/news/2021_06_17_9937,○
2026-08-17T04:59:08,スバル,page,,PDF/498 KB,https://www.subaru.co.jp/press/file/uploads/news/2021_0617_01_S_NBw7j-bft.pdf,
2026-08-17T04:59:08,スバル,page,,SUBARU　「フォレスター」大幅改良モデルを初公開,https://www.subaru.co.jp/press/news/2021_06_14_9929,○
2026-08-17T04:59:08,スバル,page,,PDF/503 KB,https://www.subaru.co.jp/press/file/uploads/news/2021_0614_1_ny5-_9xccL.pdf,
2026-08-17T04:59:08,スバル,page,,SUBARU 「レヴォーグ」が、 JNCAP「自動車安全性能2020ファイブスター大賞」を受賞,https://www.subaru.co.jp/press/news/2021_05_25_9863,
2026-08-17T04:59:08,スバル,page,,PDF/577 KB,https://www.subaru.co.jp/press/file/uploads/news/2021_0525_1_M5-Av0HB_q.pdf,
2026-08-17T04:59:08,スバル,page,,SUBARU 2022年に発売する新型EVの名称を「SOLTERRA（ソルテラ）」に決定,https://www.subaru.co.jp/press/news/2021_05_11_9750,○
2026-08-17T04:59:08,スバル,page,,PDF/414 KB,https://www.subaru.co.jp/press/file/uploads/news/2021_0511_1-1_M8w_oB-ZOy.pdf,
2026-08-17T04:59:08,スバル,page,,SUBARU　「おうちで商談　なんでも相談　オンライン商談」を開始,https://www.subaru.co.jp/press/news/2021_05_10_9749,
2026-08-17T04:59:08,スバル,page,,PDF/586 KB,https://www.subaru.co.jp/press/file/uploads/news/2021_0510_1_pc_sYTg-9zy.pdf,
2026-08-17T04:59:08,スバル,page,,スズキ、SUBARU、ダイハツ、トヨタ、マツダ、次世代車載通信機の技術仕様の共同開発に合意,https://www.subaru.co.jp/press/news/2021_04_27_9759,
2026-08-17T04:59:08,スバル,page,,PDF/543 KB,https://www.subaru.co.jp/press/file/uploads/news/2021_0427_1M-_nLFCLH5.pdf,
2026-08-17T04:59:08,スバル,page,,新型「SUBARU BRZ」（日本仕様）を公開,https://www.subaru.co.jp/press/news/2021_04_05_9684,○
2026-08-17T04:59:08,スバル,page,,PDF/492 KB,https://www.subaru.co.jp/press/file/uploads/news/2021_0405_01_O_l-0cFzpp.pdf,
2026-08-17T04:59:08,スバル,page,,SUBARU 「Outback Wilderness（アウトバック　ウィルダネス）」を米国で発表,https://www.subaru.co.jp/press/news/2021_03_31_9656,
2026-08-17T04:59:08,スバル,page,,PDF/319 KB,https://www.subaru.co.jp/press/file/uploads/news/20210331_1_p_3pd-WLic.pdf,
2026-08-17T04:59:08,スバル,page,,SUBARU　運転支援システム「アイサイト」付きのクルマを月額定額制で利用できる 「SUBARU サブスクプラン」を中古車で開始,https://www.subaru.co.jp/press/news/2021_03_26_9642,
2026-08-17T04:59:08,スバル,page,,PDF/420 KB,https://www.subaru.co.jp/press/file/uploads/news/210326_1_n9YdL_AC-n.pdf,
2026-08-17T04:59:08,スバル,page,,TOYOTA GAZOO RacingとSUBARU、共同開発の新型車両を公開 「いっしょにいいクルマつくろう！トークセッション」 4月5日にオンラインにて合同開催,https://www.subaru.co.jp/press/news/2021_03_25_9636,○
2026-08-17T04:59:08,スバル,page,,PDF/334 KB,https://www.subaru.co.jp/press/file/uploads/news/2021_0325_1-01_Ikfq-wkV_U.pdf,
2026-08-17T04:59:08,スバル,page,,SUBARUの2021年モデルがIIHS安全性評価で9つの賞を獲得,https://www.subaru.co.jp/press/news/2021_03_11_9605,
2026-08-17T04:59:08,スバル,page,,PDF/388 KB,https://www.subaru.co.jp/press/file/uploads/news/2021_0311_1_t6BzZ_E3-W.pdf,
2026-08-17T04:59:08,スバル,page,,SUBARU　「シフォン」一部改良モデルを発表,https://www.subaru.co.jp/press/news/2020_12_08_9332,○
2026-08-17T04:59:08,スバル,page,,PDF/314 KB,https://www.subaru.co.jp/press/file/uploads/news/2020_1208_1_Nz-gRW_5KT.pdf,
2026-08-17T04:59:08,スバル,page,,SUBARU　新型「レヴォーグ」が「2020–2021日本カー・オブ・ザ・イヤー」を受賞,https://www.subaru.co.jp/press/news/2020_12_07_9322,○
2026-08-17T04:59:08,スバル,page,,PDF/451 KB,https://www.subaru.co.jp/press/file/uploads/news/2020_1207_1_DrN_Ib-5JZ.pdf,
2026-08-17T04:59:08,スバル,page,,SUBARU　「プレオ プラス」一部改良モデルを発表,https://www.subaru.co.jp/press/news/2020_12_01_9307,○
2026-08-17T04:59:08,スバル,page,,PDF/442 KB,https://www.subaru.co.jp/press/file/uploads/news/2020_1201_2_xFyM7_S-WK.pdf,
2026-08-17T04:59:08,スバル,page,,ソフトバンクとSUBARU、 自動運転車のユースケースに関する実証実験を実施,https://www.subaru.co.jp/press/news/2020_11_24_9274,
2026-08-17T04:59:08,スバル,page,,PDF/2 MB,https://www.subaru.co.jp/press/file/uploads/news/2020_1124_01_paPT_UFS5-.pdf,
2026-08-17T04:59:08,スバル,page,,新型「SUBARU BRZ」を世界初公開,https://www.subaru.co.jp/press/news/2020_11_18_9247,○
2026-08-17T04:59:08,スバル,page,,PDF/484 KB,https://www.subaru.co.jp/press/file/uploads/news/2020_1118_2_gUw2E-2_kRr.pdf,
2026-08-17T04:59:08,スバル,page,,SUBARU　「フォレスター」改良モデルを発表,https://www.subaru.co.jp/press/news/2020_10_22_9106,○
2026-08-17T04:59:08,スバル,page,,PDF/381 KB,https://www.subaru.co.jp/press/file/uploads/news/2020_1022_1_XqN_Ecu3C-.pdf,
2026-08-17T04:59:08,スバル,page,,SUBARU　新型「レヴォーグ」を発表,https://www.subaru.co.jp/press/news/2020_10_15_9094,○
2026-08-17T04:59:08,スバル,page,,PDF/513 KB,https://www.subaru.co.jp/press/file/uploads/news/2020_1015_02_tK_L-b9Npz.pdf,
2026-08-17T04:59:08,スバル,page,,SUBARU　新型「レヴォーグ」TVCMを放映開始,https://www.subaru.co.jp/press/news/2020_10_15_9084,○
2026-08-17T04:59:08,スバル,page,,PDF/368 KB,https://www.subaru.co.jp/press/file/uploads/news/2020_1015_1_z-9t7xz8nT.pdf,
2026-08-17T04:59:08,スバル,page,,SUBARU　「インプレッサ」一部改良モデルを発表,https://www.subaru.co.jp/press/news/2020_10_08_9060,○
2026-08-17T04:59:08,スバル,page,,PDF/424 KB,https://www.subaru.co.jp/press/file/uploads/news/20201008_1_Cst4h5-_u.pdf,
2026-08-17T04:59:08,スバル,page,,SUBARU　「ジャスティ」一部改良モデルを発売,https://www.subaru.co.jp/press/news/2020_09_24_9025,○
2026-08-17T04:59:08,スバル,page,,PDF/356 KB,https://www.subaru.co.jp/press/file/uploads/news/2020_0924_1_h-6DXL_fg2.pdf,
2026-08-17T04:59:08,スバル,page,,SUBARU　「インプレッサ」一部改良モデルの先行予約を開始,https://www.subaru.co.jp/press/news/2020_09_17_9015,○
2026-08-17T04:59:08,スバル,page,,PDF/252 KB,https://www.subaru.co.jp/press/file/uploads/news/2020_0917_1_A2gPPLRb_C-.pdf,
2026-08-17T04:59:08,スバル,page,,「SUBARU XV」大幅改良モデルを発表,https://www.subaru.co.jp/press/news/2020_09_04_9004,○
2026-08-17T04:59:08,スバル,page,,PDF/470 KB,https://www.subaru.co.jp/press/file/uploads/news/2020_0904_1_qN_q-Mny6q.pdf,
2026-08-17T04:59:08,スバル,page,,SUBARU　「サンバートラック」「サンバーバン」一部改良モデルを発売,https://www.subaru.co.jp/press/news/2020_09_03_8997,○
2026-08-17T04:59:08,スバル,page,,PDF/352 KB,https://www.subaru.co.jp/press/file/uploads/news/2020_0903_1_uBZ_p4LUF9o.pdf,
2026-08-17T04:59:08,スバル,page,,SUBARU　「ステラ」一部改良モデルを発売,https://www.subaru.co.jp/press/news/2020_08_27_8948,○
2026-08-17T04:59:08,スバル,page,,PDF/252 KB,https://www.subaru.co.jp/press/file/uploads/news/2020_0827_05_FT9zf_hC-K.pdf,
2026-08-17T04:59:08,スバル,page,,SUBARU　新型「レヴォーグ」先行予約を開始,https://www.subaru.co.jp/press/news/2020_08_20_8925,○
2026-08-17T04:59:08,スバル,page,,PDF/285 KB,https://www.subaru.co.jp/press/file/uploads/news/2020_0820_001_3_aXc-N2__a.pdf,
2026-08-17T04:59:08,スバル,page,,SUBARU 「レガシィ　アウトバック」を一部変更,https://www.subaru.co.jp/press/news/2020_08_06_8886,
2026-08-17T04:59:08,スバル,page,,PDF/310 KB,https://www.subaru.co.jp/press/file/uploads/news/2020_0806_1_87miCPM-Ax.pdf,
2026-08-17T04:59:08,スバル,page,,SUBARU 「WRX S4」を一部変更,https://www.subaru.co.jp/press/news/2020_07_06_8793,
2026-08-17T04:59:08,スバル,page,,PDF/405 KB,https://www.subaru.co.jp/press/file/uploads/news/2020_0706_1_ruLz-L_Ny_.pdf,
2026-08-17T04:59:08,スバル,page,,SUBARUの2020年モデルがIIHS安全性評価で9つの賞を獲得,https://www.subaru.co.jp/press/news/2020_02_20_8371,
2026-08-17T04:59:08,スバル,page,,PDF/359 KB,https://www.subaru.co.jp/press/file/uploads/news/2020_0220_1.pdf,
2026-08-17T04:59:08,スバル,page,,SUBARU フォレスターがユーロNCAPの2019年ベスト・イン・クラス賞を受賞,https://www.subaru.co.jp/press/news/2020_01_09_8162,
2026-08-17T04:59:08,スバル,page,,PDF/392 KB,https://www.subaru.co.jp/press/file/uploads/news/2020_0109_01.pdf,
2026-08-17T04:59:08,スバル,page,,SUBARU フォレスターがユーロNCAPの2019年安全性能テストで 最高評価「ファイブスター」を獲得,https://www.subaru.co.jp/press/news/2019_12_06_8100,
2026-08-17T04:59:08,スバル,page,,PDF/364 KB,https://www.subaru.co.jp/press/file/uploads/news/2019_1206_1.pdf,
2026-08-17T04:59:08,スバル,page,,SUBARU フォレスター特別仕様車「X-Edition」を発表,https://www.subaru.co.jp/press/news/2019_11_26_8061,○
2026-08-17T04:59:08,スバル,page,,PDF/504 KB,https://www.subaru.co.jp/press/file/uploads/news/2019_1126_001.pdf,
2026-08-17T04:59:08,スバル,page,,SUBARU レヴォーグ 特別仕様車「2.0GT EyeSight V-SPORT」を発表,https://www.subaru.co.jp/press/news/2019_11_07_7993,○
2026-08-17T04:59:08,スバル,page,,PDF/310 KB,https://www.subaru.co.jp/press/file/uploads/2019_1107_002.pdf,
2026-08-17T04:59:08,スバル,page,,SUBARU　「サンバーバン」「ディアスワゴン」一部改良モデルを発売,https://www.subaru.co.jp/press/news/2019_11_07_7954,○
2026-08-17T04:59:08,スバル,page,,PDF/318 KB,https://www.subaru.co.jp/press/file/uploads/news/2019_1107_1.pdf,
2026-08-17T04:59:08,スバル,page,,WRX STI 特別仕様車「EJ20 Final Edition」プロトタイプを公開,https://www.subaru.co.jp/press/news/2019_10_23_7915,○
2026-08-17T04:59:08,スバル,page,,PDF/484 KB,https://www.subaru.co.jp/press/file/uploads/news/2019_1023_2.pdf,
2026-08-17T04:59:08,スバル,page,,SUBARU　「サンバートラック」一部改良モデルを発売,https://www.subaru.co.jp/press/news/2019_10_17_7903,○
2026-08-17T04:59:08,スバル,page,,PDF/287 KB,https://www.subaru.co.jp/press/file/uploads/news/2019_1017_1.pdf,
2026-08-17T04:59:08,スバル,page,,スバルテクニカインターナショナル（STI） 「S209」仕様について,https://www.subaru.co.jp/press/news/2019_10_11_7823,
2026-08-17T04:59:08,スバル,page,,PDF/172 KB,https://www.subaru.co.jp/press/file/uploads/news/2019_1011_1.pdf,
2026-08-17T04:59:08,スバル,page,,SUBARU　「インプレッサ」大幅改良モデルを発表,https://www.subaru.co.jp/press/news/2019_10_10_7806,○
2026-08-17T04:59:08,スバル,page,,PDF/510 KB,https://www.subaru.co.jp/press/file/uploads/news/2019_1010_2.pdf,
2026-08-17T04:59:08,スバル,page,,「SUBARU XV」改良モデルを発表,https://www.subaru.co.jp/press/news/2019_10_10_7797,○
2026-08-17T04:59:08,スバル,page,,PDF/468 KB,https://www.subaru.co.jp/press/file/uploads/news/2019_1010_1.pdf,
2026-08-17T04:59:08,スバル,page,,SUBARU STI ギャラリーをリニューアルオープン,https://www.subaru.co.jp/press/news/2019_09_20_7685,
2026-08-17T04:59:08,スバル,page,,PDF/470 KB,https://www.subaru.co.jp/press/file/uploads/news/2019_0920.pdf,
2026-08-17T04:59:08,スバル,page,,SUBARU　「レガシィ　アウトバック／B4」一部改良モデルを発表,https://www.subaru.co.jp/press/news/2019_09_03_7643,○
2026-08-17T04:59:08,スバル,page,,PDF/425 KB,https://www.subaru.co.jp/press/file/uploads/news/2019_0903_1.pdf,
2026-08-17T04:59:08,スバル,page,,SUBARU 「インプレッサ」大幅改良モデル　専用サイトで事前情報を公開,https://www.subaru.co.jp/press/news/2019_08_27_7620,○
2026-08-17T04:59:08,スバル,page,,PDF/350 KB,https://www.subaru.co.jp/press/file/uploads/news/2019_0827_1.pdf,
2026-08-17T04:59:08,スバル,page,,SUBARU 新型「レガシィ」・「アウトバック」の米国生産を開始,https://www.subaru.co.jp/press/news/2019_07_30_7538,○
2026-08-17T04:59:08,スバル,page,,PDF/608 KB,https://www.subaru.co.jp/press/file/uploads/news/2019_0730_1.pdf,
2026-08-17T04:59:08,スバル,page,,SUBARU　新型「シフォン」を発表,https://www.subaru.co.jp/press/news/2019_07_16_7510,○
2026-08-17T04:59:08,スバル,page,,PDF/273 KB,https://www.subaru.co.jp/press/file/uploads/news/2019_0716_4.pdf,
2026-08-17T04:59:08,スバル,page,,SUBARU　「フォレスター」一部改良モデルを発表,https://www.subaru.co.jp/press/news/2019_06_10_7347,○
2026-08-17T04:59:08,スバル,page,,PDF/513 KB,https://www.subaru.co.jp/press/file/uploads/news/2019_0610_1.pdf,
2026-08-17T04:59:08,スバル,page,,SUBARU 「フォレスター」が、 2018年度JNCAP衝突安全性能評価で最高得点を獲得、「大賞」を受賞,https://www.subaru.co.jp/press/news/2019_05_30_7303,
2026-08-17T04:59:08,スバル,page,,PDF/817 KB,https://www.subaru.co.jp/press/file/uploads/news/2019_0530_3.pdf,
2026-08-17T04:59:08,スバル,page,,SUBARU 「インプレッサ」「SUBARU XV」が、 2018年度JNCAP予防安全性能評価で最高ランクのASV+++を獲得,https://www.subaru.co.jp/press/news/2019_05_30_7290,
2026-08-17T04:59:08,スバル,page,,PDF/491 KB,https://www.subaru.co.jp/press/file/uploads/news/2019_0530_2.pdf,
2026-08-17T04:59:08,スバル,page,,SUBARU 「WRX S4/STI」改良モデルを発表,https://www.subaru.co.jp/press/news/2019_05_14_7217,○
2026-08-17T04:59:08,スバル,page,,PDF/217 KB,https://www.subaru.co.jp/press/file/uploads/news/2019_0514_4.pdf,
2026-08-17T04:59:08,スバル,page,,SUBARU「レヴォーグ」改良モデルを発表,https://www.subaru.co.jp/press/news/2019_05_07_7176,○
2026-08-17T04:59:08,スバル,page,,PDF/757 KB,https://www.subaru.co.jp/press/file/uploads/news/2019_0507_00001.pdf,
2026-08-17T04:59:08,スバル,page,,SUBARU 新型「アウトバック」を世界初公開,https://www.subaru.co.jp/press/news/2019_04_18_7137,○
2026-08-17T04:59:08,スバル,page,,PDF/1 MB,https://www.subaru.co.jp/press/file/uploads/news/2019_0418_1.pdf,
2026-08-17T04:59:08,スバル,page,,「SUBARU BRZ」改良モデルを発表,https://www.subaru.co.jp/press/news/2019_04_09_7079,○
2026-08-17T04:59:08,スバル,page,,PDF/272 KB,https://www.subaru.co.jp/press/file/uploads/news/2019_0409_1.pdf,
2026-08-17T04:59:08,スバル,page,,救急自動通報システム「D-Call Net®」、新たにSUBARU、日産、 マツダにも搭載。D-Call Net®への対応は9団体に拡大,https://www.subaru.co.jp/press/news/2019_03_28_7014,
2026-08-17T04:59:08,スバル,page,,PDF/4 MB,https://www.subaru.co.jp/press/file/uploads/news/2019_0328_01.pdf,
2026-08-17T04:59:08,スバル,page,,スバルテクニカインターナショナル（STI） Sシリーズ初の米国市場向けモデル「S209」を発表,https://www.subaru.co.jp/press/news/2019_01_15_6736,
2026-08-17T04:59:08,スバル,page,,PDF/468 KB,https://www.subaru.co.jp/press/file/uploads/news/2019_0115_1011.pdf,
2026-08-17T04:59:08,スバル,page,,スバルテクニカインターナショナル 「S209」を2019年北米国際自動車ショーに出展,https://www.subaru.co.jp/press/news/2018_12_27_6718,
2026-08-17T04:59:08,スバル,page,,PDF/309 KB,https://www.subaru.co.jp/press/file/uploads/news/2018_1227_2.pdf,
2026-08-17T04:59:08,スバル,page,,SUBARU STIギャラリーをリニューアル,https://www.subaru.co.jp/press/news/2018_12_27_6707,
2026-08-17T04:59:08,スバル,page,,PDF/382 KB,https://www.subaru.co.jp/press/file/uploads/news/2018_1227_01.pdf,
2026-08-17T04:59:08,スバル,page,,SUBARU 東京オートサロン2019 出展概要,https://www.subaru.co.jp/press/news/2018_12_25_6683,
2026-08-17T04:59:08,スバル,page,,PDF/405 KB,https://www.subaru.co.jp/press/file/uploads/news/2018_1225_001.pdf,
2026-08-17T04:59:08,スバル,page,,SUBARU 米国仕様車7車種がIIHSの2019年安全評価で 「トップセイフティピックプラス（TSP+）」を獲得,https://www.subaru.co.jp/press/news/2018_12_20_6673,
2026-08-17T04:59:08,スバル,page,,PDF/662 KB,https://www.subaru.co.jp/press/file/uploads/news/2018_1220_1.pdf,
2026-08-17T04:59:08,スバル,page,,SUBARU 「サンバーバン」を一部改良し発売,https://www.subaru.co.jp/press/news/2018_12_17_6660,○
2026-08-17T04:59:08,スバル,page,,PDF/356 KB,https://www.subaru.co.jp/press/file/uploads/news/2018_1217_01.pdf,
2026-08-17T04:59:08,スバル,page,,SUBARU シフォン特別仕様車「G Special Sport スマートアシスト」を発売,https://www.subaru.co.jp/press/news/2018_12_10_6623,○
2026-08-17T04:59:08,スバル,page,,PDF/420 KB,https://www.subaru.co.jp/press/file/uploads/news/2018_1210_01.pdf,
2026-08-17T04:59:08,スバル,page,,SUBARU　新型フォレスターがJNCAP予防安全性能アセスメントで 最高ランク（ASV+++）を獲得,https://www.subaru.co.jp/press/news/2018_11_29_6581,○
2026-08-17T04:59:08,スバル,page,,PDF/266 KB,https://www.subaru.co.jp/press/file/uploads/news/2018_1129_02.pdf,
2026-08-17T04:59:08,スバル,page,,SUBARU　レヴォーグ特別仕様車「1.6GT EyeSight V-SPORT」を発表,https://www.subaru.co.jp/press/news/2018_11_27_6561,○
2026-08-17T04:59:08,スバル,page,,PDF/463 KB,https://www.subaru.co.jp/press/file/uploads/news/2018_1127_02.pdf,
2026-08-17T04:59:08,スバル,page,,SUBARU　「CROSSTREK HYBRID（クロストレック ハイブリッド）」を米国で発表,https://www.subaru.co.jp/press/news/2018_11_20_6532,
2026-08-17T04:59:08,スバル,page,,PDF/596 KB,https://www.subaru.co.jp/press/file/uploads/news/2018_1120_1.pdf,
2026-08-17T04:59:08,スバル,page,,SUBARU 「ジャスティ」「ジャスティカスタム」改良モデルを発売,https://www.subaru.co.jp/press/news/2018_11_08_6515,○
2026-08-17T04:59:08,スバル,page,,PDF/409 KB,https://www.subaru.co.jp/press/file/uploads/news/2018_1108_01.pdf,
2026-08-17T04:59:08,スバル,page,,SUBARU 新型「フォレスター」が2018年度グッドデザイン賞を受賞,https://www.subaru.co.jp/press/news/2018_10_15_6401,○
2026-08-17T04:59:08,スバル,page,,PDF/355 KB,https://www.subaru.co.jp/press/file/uploads/news/2018_1015_1.pdf,
2026-08-17T04:59:08,スバル,page,,「SUBARU XV」改良モデルを発表,https://www.subaru.co.jp/press/news/2018_10_11_6378,○
2026-08-17T04:59:08,スバル,page,,PDF/492 KB,https://www.subaru.co.jp/press/file/uploads/news/2018_1011_02.pdf,
2026-08-17T04:59:08,スバル,page,,「インプレッサ」改良モデルを発表,https://www.subaru.co.jp/press/news/2018_10_11_6377,○
2026-08-17T04:59:08,スバル,page,,PDF/668 KB,https://www.subaru.co.jp/press/file/uploads/news/2018_1011_01.pdf,
2026-08-17T04:59:08,スバル,page,,SUBARU 「第31回国際電気自動車シンポジウム・展示会」に出展,https://www.subaru.co.jp/press/news/2018_09_21_6287,
2026-08-17T04:59:08,スバル,page,,PDF/360 KB,https://www.subaru.co.jp/press/file/uploads/news/2018_0921_002.pdf,
2026-08-17T04:59:08,スバル,page,,新型「フォレスター」の受注が好調,https://www.subaru.co.jp/press/news/2018_09_14_6250,○
2026-08-17T04:59:08,スバル,page,,PDF/454 KB,https://www.subaru.co.jp/press/file/uploads/news/2018_0914_01.pdf,
2026-08-17T04:59:08,スバル,page,,「SUBARU XV」 e-BOXER搭載モデルを公開,https://www.subaru.co.jp/press/news/2018_09_11_6225,
2026-08-17T04:59:08,スバル,page,,PDF/416 KB,https://www.subaru.co.jp/press/file/uploads/news/2018_0911_2.pdf,
2026-08-17T04:59:08,スバル,page,,「SUBARU BRZ」改良モデルを発表,https://www.subaru.co.jp/press/news/2018_09_11_6224,○
2026-08-17T04:59:08,スバル,page,,PDF/846 KB,https://www.subaru.co.jp/press/file/uploads/news/2018_0911_01.pdf,
2026-08-17T04:59:08,スバル,page,,SUBARU　「レガシィ　アウトバック／B4」改良モデルを発表,https://www.subaru.co.jp/press/news/2018_09_10_6216,○
2026-08-17T04:59:08,スバル,page,,PDF/920 KB,https://www.subaru.co.jp/press/file/uploads/news/2018_0910_1.pdf,
2026-08-17T04:59:08,スバル,page,,SUBARU 「WRX S4 STI Sport」を発表,https://www.subaru.co.jp/press/news/2018_09_03_6205,
2026-08-17T04:59:08,スバル,page,,PDF/791 KB,https://www.subaru.co.jp/press/file/uploads/news/2018_0903_01.pdf,
2026-08-17T04:59:08,スバル,page,,SUBARU　WRX STI 特別仕様車 「TYPE RA-R」を500台限定発売,https://www.subaru.co.jp/press/news/2018_07_19_6099,○
2026-08-17T04:59:08,スバル,page,,PDF/531 KB,https://www.subaru.co.jp/press/file/uploads/news/2018_0719_2.pdf,
2026-08-17T04:59:08,スバル,page,,新型「フォレスター」を発表,https://www.subaru.co.jp/press/news/2018_06_20_5987,○
2026-08-17T04:59:08,スバル,page,,PDF/413 KB,https://www.subaru.co.jp/press/file/uploads/news/2018_0620_2.pdf,
2026-08-17T04:59:08,スバル,page,,新型「フォレスター」 TVCM放送開始,https://www.subaru.co.jp/press/news/2018_06_20_5981,○
2026-08-17T04:59:08,スバル,page,,PDF/635 KB,https://www.subaru.co.jp/press/file/uploads/news/2018_0620_1.pdf,
2026-08-17T04:59:08,スバル,page,,歩行者保護エアバッグシステムが第68回自動車技術会賞「技術開発賞」を受賞,https://www.subaru.co.jp/press/news/2018_05_30_5886,
2026-08-17T04:59:08,スバル,page,,PDF/183 KB,https://www.subaru.co.jp/press/file/uploads/news/2018_0530_3.pdf,
2026-08-17T04:59:08,スバル,page,,新型「フォレスター」 先行予約を開始,https://www.subaru.co.jp/press/news/2018_05_18_5842,○
2026-08-17T04:59:08,スバル,page,,PDF/309 KB,https://www.subaru.co.jp/press/file/uploads/news/2018_0518_0002.pdf,
2026-08-17T04:59:08,スバル,page,,新型フォレスターを恵比寿ショールームで先行展示,https://www.subaru.co.jp/press/news/2018_05_18_5851,○
2026-08-17T04:59:08,スバル,page,,PDF/293 KB,https://www.subaru.co.jp/press/file/uploads/news/2018_0518_01.pdf,
2026-08-17T04:59:08,スバル,page,,「サンバートラック」改良モデルを発売,https://www.subaru.co.jp/press/news/2018_05_14_5824,○
2026-08-17T04:59:08,スバル,page,,PDF/238 KB,https://www.subaru.co.jp/press/file/uploads/news/2018_0514_01.pdf,
2026-08-17T04:59:08,スバル,page,,SUBARU 新型3列SUV「ASCENT（アセント）」の米国生産を開始,https://www.subaru.co.jp/press/news/2018_05_08_5758,○
2026-08-17T04:59:08,スバル,page,,PDF/882 KB,https://www.subaru.co.jp/press/file/uploads/news/2018_0508_1.pdf,
2026-08-17T04:59:08,スバル,page,,「レヴォーグ」改良モデルを発表,https://www.subaru.co.jp/press/news/2018_04_27_5691,○
2026-08-17T04:59:08,スバル,page,,PDF/224 KB,https://www.subaru.co.jp/press/file/uploads/news/2018_0427_99.pdf,
2026-08-17T04:59:08,スバル,page,,「WRX STI/S4」改良モデルを発表,https://www.subaru.co.jp/press/news/2018_04_27_5690,○
2026-08-17T04:59:08,スバル,page,,PDF/433 KB,https://www.subaru.co.jp/press/file/uploads/news/2018_0427_1.pdf,
2026-08-17T04:59:08,スバル,page,,インプレッサSPORT/G4 特別仕様車「1.6i-L EyeSight S-style」発表,https://www.subaru.co.jp/press/news/2018_02_26_5415,○
2026-08-17T04:59:08,スバル,page,,PDF/295 KB,https://www.subaru.co.jp/press/file/uploads/news/2018_0209_001.pdf,
2026-08-17T04:59:08,スバル,page,,第6回技術経営・イノベーション賞において、 「運転支援システム　アイサイト」が科学技術と経済の会会長賞を受賞,https://www.subaru.co.jp/press/news/2018_02_13_5455,
2026-08-17T04:59:08,スバル,page,,PDF/153 KB,https://www.subaru.co.jp/press/file/uploads/news/2018_0213_1.pdf,
2026-08-17T04:59:08,スバル,page,,SUBARU XV、インプレッサが2017年ユーロNCAPにおいて ベスト・イン・クラス・セーフティ賞を受賞,https://www.subaru.co.jp/press/news/2018_01_12_5306,
2026-08-17T04:59:08,スバル,page,,PDF/139 KB,https://www.subaru.co.jp/press/file/uploads/news/2018_0112_01.pdf,
2026-08-17T04:59:08,スバル,page,,東京オートサロン2018　出展概要,https://www.subaru.co.jp/press/news/2018_01_10_5288,
2026-08-17T04:59:08,スバル,page,,PDF/256 KB,https://www.subaru.co.jp/press/file/uploads/news/2018_0110_0001.pdf,
2026-08-17T04:59:08,スバル,page,,「シフォン」「シフォンカスタム」改良モデルを発売,https://www.subaru.co.jp/press/news/2017_12_18_5218,○
2026-08-17T04:59:08,スバル,page,,PDF/299 KB,https://www.subaru.co.jp/press/file/uploads/news/2017_1218_001.pdf,
2026-08-17T04:59:08,スバル,page,,SUBARU 6車種が米国IIHSの2018年安全評価で 「トップセイフティピック（TSP）」を獲得,https://www.subaru.co.jp/press/news/2017_12_08_5147,
2026-08-17T04:59:08,スバル,page,,PDF/112 KB,https://www.subaru.co.jp/press/file/uploads/news/2017_1208_1.pdf,
2026-08-17T04:59:08,スバル,page,,「インプレッサ」「SUBARU XV」が欧州の2017年安全性能総合評価で 最高評価「ファイブスター」を獲得,https://www.subaru.co.jp/press/news/2017_11_29_5115,
2026-08-17T04:59:08,スバル,page,,PDF/144 KB,https://www.subaru.co.jp/press/file/uploads/news/2017_1129_03.pdf,
2026-08-17T04:59:08,スバル,page,,SUBARU 北米市場専用新型3列SUV「ASCENT（アセント）」を世界初公開,https://www.subaru.co.jp/press/news/2017_11_29_5102,○
2026-08-17T04:59:08,スバル,page,,PDF/362 KB,https://www.subaru.co.jp/press/file/uploads/news/2017_1129_2.pdf,
2026-08-17T04:59:08,スバル,page,,「サンバーバン」「ディアスワゴン」改良モデルを発売,https://www.subaru.co.jp/press/news/2017_11_13_5062,○
2026-08-17T04:59:08,スバル,page,,PDF/348 KB,https://www.subaru.co.jp/press/file/uploads/news/2017_1113_001.pdf,
2026-08-17T04:59:08,スバル,page,,WRX STI 特別仕様車 「S208」を450台限定発売,https://www.subaru.co.jp/press/news/2017_10_25_4932,○
2026-08-17T04:59:08,スバル,page,,PDF/658 KB,https://www.subaru.co.jp/press/file/uploads/news/2017_1025_2.pdf,
2026-08-17T04:59:08,スバル,page,,SUBARU BRZに最上級グレード「STI Sport」を設定,https://www.subaru.co.jp/press/news/2017_10_25_4915,
2026-08-17T04:59:08,スバル,page,,PDF/716 KB,https://www.subaru.co.jp/press/file/uploads/news/2017_1025_1.pdf,
2026-08-17T04:59:08,スバル,page,,北海道・美深試験場の「高度運転支援技術テストコース」完成,https://www.subaru.co.jp/press/news/2017_10_23_4888,
2026-08-17T04:59:08,スバル,page,,PDF/298 KB,https://www.subaru.co.jp/press/file/uploads/news/2017_1023_2-3.pdf,
2026-08-17T04:59:08,スバル,page,,2018年型 SUBARU XV、WRXが米国IIHSの2017年安全評価で 最高評価「トップセイフティピック（TSP）＋」を獲得 ～　アイサイトを装着したSUBARU全車がTSP+を獲得　～,https://www.subaru.co.jp/press/news/2017_10_06_4827,
2026-08-17T04:59:08,スバル,page,,PDF/131 KB,https://www.subaru.co.jp/press/file/uploads/news/2017_1006_1.pdf,
2026-08-17T04:59:08,スバル,page,,「インプレッサ」改良モデルを発表,https://www.subaru.co.jp/press/news/2017_09_11_4711,○
2026-08-17T04:59:08,スバル,page,,PDF/325 KB,https://www.subaru.co.jp/press/file/uploads/news/2017_0911_2.pdf,
2026-08-17T04:59:08,スバル,page,,「SUBARU BRZ」改良モデルを発表,https://www.subaru.co.jp/press/news/2017_09_11_4703,○
2026-08-17T04:59:08,スバル,page,,PDF/338 KB,https://www.subaru.co.jp/press/file/uploads/news/2017_0911_01.pdf,
2026-08-17T04:59:08,スバル,page,,「レガシィ　アウトバック／B4」大幅改良モデルを発表,https://www.subaru.co.jp/press/news/2017_09_04_4680,○
2026-08-17T04:59:08,スバル,page,,PDF/314 KB,https://www.subaru.co.jp/press/file/uploads/news/2017_0904_01.pdf,
2026-08-17T04:59:08,スバル,page,,新型「レヴォーグ」・「WRX S4」の受注状況について,https://www.subaru.co.jp/press/news/2017_08_07_4588,○
2026-08-17T04:59:08,スバル,page,,PDF/226 KB,https://www.subaru.co.jp/press/file/uploads/news/2017_0807_1.pdf,
2026-08-17T04:59:08,スバル,page,,「ステラ」「ステラカスタム」大幅改良モデルを発売,https://www.subaru.co.jp/press/news/2017_08_01_4543,○
2026-08-17T04:59:08,スバル,page,,PDF/361 KB,https://www.subaru.co.jp/press/file/uploads/news/2017_0801_01.pdf,
2026-08-17T04:59:08,スバル,page,,特別仕様車　フォレスター「Smart Edition」を発表,https://www.subaru.co.jp/press/news/2017_07_25_4517,○
2026-08-17T04:59:08,スバル,page,,PDF/354 KB,https://www.subaru.co.jp/press/file/uploads/news/2017_0725_1.pdf,
2026-08-17T04:59:08,スバル,page,,「レヴォーグ」大幅改良モデルを発表,https://www.subaru.co.jp/press/news/2017_07_03_4414,○
2026-08-17T04:59:08,スバル,page,,PDF/348 KB,https://www.subaru.co.jp/press/file/uploads/news/2017_0703_02.pdf,
2026-08-17T04:59:08,スバル,page,,「WRX S4」大幅改良モデルを発表,https://www.subaru.co.jp/press/news/2017_07_03_4413,○
2026-08-17T04:59:08,スバル,page,,PDF/338 KB,https://www.subaru.co.jp/press/file/uploads/news/2017_0703_1.pdf,
2026-08-17T04:59:08,スバル,page,,新型「SUBARU XV」の受注状況について,https://www.subaru.co.jp/press/news/2017_06_29_4403,○
2026-08-17T04:59:08,スバル,page,,PDF/121 KB,https://www.subaru.co.jp/press/file/uploads/news/2017_0629_j.pdf,
2026-08-17T04:59:08,スバル,page,,SUBARU 「アイサイト」を大幅進化、新機能「ツーリングアシスト」を搭載,https://www.subaru.co.jp/press/news/2017_06_19_4301,
2026-08-17T04:59:08,スバル,page,,PDF/340 KB,https://www.subaru.co.jp/press/file/uploads/news/2017_0619_5.pdf.pdf,
2026-08-17T04:59:08,スバル,page,,SUBARU 北海道・美深試験場に高度運転支援技術テストコースを新設,https://www.subaru.co.jp/press/news/2017_06_19_4288,
2026-08-17T04:59:08,スバル,page,,PDF/161 KB,https://www.subaru.co.jp/press/file/uploads/news/2017_0619_1.pdf,
2026-08-17T04:59:08,スバル,page,,SUBARU 米国市場向けSTIハイパフォーマンスカー二車種を発表,https://www.subaru.co.jp/press/news/2017_06_09_4261,
2026-08-17T04:59:08,スバル,page,,PDF/131 KB,https://www.subaru.co.jp/press/file/uploads/news/2017_0609_001.pdf,
2026-08-17T04:59:08,スバル,page,,新型「レヴォーグ」「WRX S4」を本年夏に発表  ～進化したアイサイトを搭載し運転負荷を大幅に軽減～,https://www.subaru.co.jp/press/news/2017_06_05_4245,○
2026-08-17T04:59:08,スバル,page,,PDF/235 KB,https://www.subaru.co.jp/press/file/uploads/news/2017_0605_01.pdf,
2026-08-17T04:59:08,スバル,page,,「WRX STI」大幅改良モデルを発表,https://www.subaru.co.jp/press/news/2017_05_24_4173,○
2026-08-17T04:59:08,スバル,page,,PDF/245 KB,https://www.subaru.co.jp/press/file/uploads/2017_0524_2.pdf,
2026-08-17T04:59:08,スバル,page,,SUBARU　新型「プレオ プラス」を発売,https://www.subaru.co.jp/press/news/2017_05_09_4065,○
2026-08-17T04:59:08,スバル,page,,PDF/341 KB,https://www.subaru.co.jp/press/file/uploads/news/2017_0509_1.pdf,
2026-08-17T04:59:08,スバル,page,,SUBARU インプレッサが米国Wards社の「10ベストインテリア」賞を受賞,https://www.subaru.co.jp/press/news/2017_04_19_4007,
2026-08-17T04:59:08,スバル,page,,PDF/107 KB,https://www.subaru.co.jp/press/file/uploads/news/2017_0419_1.pdf,
2026-08-17T04:59:08,スバル,page,,新型「SUBARU XV」を発表 ～2016年度自動車アセスメント「衝突安全性能評価大賞」を受賞～,https://www.subaru.co.jp/press/news/2017_04_06_3925,○
2026-08-17T04:59:08,スバル,page,,PDF/201 KB,https://www.subaru.co.jp/press/file/uploads/news/2017_0406_2.pdf,
2026-08-17T04:59:08,スバル,page,,「インプレッサSPORT/G4」・「SUBARU XV」が 2016年度自動車アセスメント「衝突安全性能評価大賞」を受賞 ～衝突安全性能評価で過去最高の得点を獲得～,https://www.subaru.co.jp/press/news/2017_04_06_3920,
2026-08-17T04:59:08,スバル,page,,PDF/170 KB,https://www.subaru.co.jp/press/file/uploads/news/2017_0406_1.pdf,
2026-08-17T04:59:08,スバル,page,,スバル　運転支援システム「アイサイト」搭載モデルが 国内累計販売台数50万台を達成,https://www.subaru.co.jp/press/news/2017_03_16_3798,
2026-08-17T04:59:08,スバル,page,,PDF/184 KB,https://www.subaru.co.jp/press/file/uploads/news/2017_0316_1.pdf,
2026-08-17T04:59:08,スバル,page,,スバル　フォレスター　改良モデルを発表,https://www.subaru.co.jp/press/news/2017_03_13_3786,○
2026-08-17T04:59:08,スバル,page,,PDF/199 KB,https://www.subaru.co.jp/press/file/uploads/news/2017_0313_2.pdf,
2026-08-17T04:59:08,スバル,page,,スバル　CROSSOVER7　改良モデルを発表,https://www.subaru.co.jp/press/news/2017_03_13_3778,○
2026-08-17T04:59:08,スバル,page,,PDF/169 KB,https://www.subaru.co.jp/press/file/uploads/2017_0313_3.pdf,
2026-08-17T04:59:08,スバル,page,,スバル 新型「SUBARU XV」 先行予約を開始,https://www.subaru.co.jp/press/news/2017_03_08_3771,○
2026-08-17T04:59:08,スバル,page,,PDF/199 KB,https://www.subaru.co.jp/press/file/uploads/news/2017_0308_01.pdf,
2026-08-17T04:59:08,スバル,page,,スバル 2017年型インプレッサが米国IIHSの2017年安全評価で 最高評価「トップセイフティピック（TSP）＋」を獲得,https://www.subaru.co.jp/press/news/2017_02_22_3692,
2026-08-17T04:59:08,スバル,page,,PDF/109 KB,https://www.subaru.co.jp/press/file/uploads/news/2017_0222_1.pdf,
2026-08-17T04:59:08,スバル,page,,富士重工業 タイでのCKD生産開始に向けた合弁会社設立へ,https://www.subaru.co.jp/press/news/2017_01_17_3524,
2026-08-17T04:59:08,スバル,page,,PDF/123 KB,https://www.subaru.co.jp/press/file/uploads/news/2017_0117_1.pdf,
2026-08-17T04:59:08,スバル,page,,スバル 2018年型「WRX / WRX STI」を北米国際自動車ショーに出展,https://www.subaru.co.jp/press/news/2017_01_06_3494,
2026-08-17T04:59:08,スバル,page,,PDF/158 KB,https://www.subaru.co.jp/press/file/uploads/news/2017_0106_1.pdf,
2026-08-17T04:59:08,スバル,page,,スバル　東京オートサロン2017　出展概要,https://www.subaru.co.jp/press/news/2016_12_26_3427,
2026-08-17T04:59:08,スバル,page,,PDF/460 KB,https://www.subaru.co.jp/press/file/uploads/news/2016_1226_1.pdf,
2026-08-17T04:59:08,スバル,page,,スバル　先進運転支援システム「アイサイト」搭載モデルが 世界累計販売台数100万台を達成,https://www.subaru.co.jp/press/news/2016_12_14_3386,
2026-08-17T04:59:08,スバル,page,,PDF/267 KB,https://www.subaru.co.jp/press/file/uploads/news/20161214_2.pdf,
2026-08-17T04:59:08,スバル,page,,スバル 基準が強化された米国IIHSの2017年安全評価で 「トップセイフティピック（TSP）＋」を獲得,https://www.subaru.co.jp/press/news/2016_12_14_3385,
2026-08-17T04:59:08,スバル,page,,PDF/174 KB,https://www.subaru.co.jp/press/file/uploads/news/20161214_1.pdf,
2026-08-17T04:59:08,スバル,page,,スバル 新型「シフォン」を発売 ～衝突回避支援システム「スマートアシストⅢ」を全車標準装備～,https://www.subaru.co.jp/press/news/2016_12_13_3372,○
2026-08-17T04:59:08,スバル,page,,PDF/374 KB,https://www.subaru.co.jp/press/file/uploads/news/2016_1213_1.pdf,
2026-08-17T04:59:08,スバル,page,,スバル 新型インプレッサSPORT/G4が「2016–2017日本カー・オブ・ザ・イヤー」を受賞 ～ 2003年 レガシィ以来 13年ぶり2度目の受賞 ～,https://www.subaru.co.jp/press/news/2016_12_09_3359,○
2026-08-17T04:59:08,スバル,page,,PDF/416 KB,https://www.subaru.co.jp/press/file/uploads/news/2016_1209_1.pdf,
2026-08-17T04:59:08,スバル,page,,スバル「アイサイト」を搭載する新型インプレッサ、レガシィ、フォレスター、レヴォーグ/WRX S4が 2016年度予防安全性能アセスメントで最高ランクを獲得,https://www.subaru.co.jp/press/news/2016_12_01_3315,○
2026-08-17T04:59:08,スバル,page,,PDF/319 KB,https://www.subaru.co.jp/press/file/uploads/news/2016_1201_2.pdf,
2026-08-17T04:59:08,スバル,page,,スバル　新型「インプレッサ」 1.6Lエンジン搭載グレードを発売 ～11月28日よりTVCM「愛で選ぶクルマ」クリスマス特別篇を放送開始～,https://www.subaru.co.jp/press/news/2016_11_28_3297,○
2026-08-17T04:59:08,スバル,page,,PDF/441 KB,https://www.subaru.co.jp/press/file/uploads/news/2016_1128_2.pdf,
2026-08-17T04:59:08,スバル,page,,スバル　新型「インプレッサ」の受注状況について,https://www.subaru.co.jp/press/news/2016_11_15_3206,○
2026-08-17T04:59:08,スバル,page,,PDF/163 KB,https://www.subaru.co.jp/press/file/uploads/news/2016_1115_1.pdf,
2026-08-17T04:59:08,スバル,page,,スバル 運転支援システム アイサイトを中国市場へ初展開,https://www.subaru.co.jp/press/news/2016_11_11_3183,
2026-08-17T04:59:08,スバル,page,,PDF/110 KB,https://www.subaru.co.jp/press/file/uploads/news/2016_1111_1.pdf,
2026-08-17T04:59:08,スバル,page,,スバル 新型「ジャスティ」を発表 ～衝突回避支援システム「スマートアシストⅡ」を全車標準装備～,https://www.subaru.co.jp/press/news/2016_11_09_3171,○
2026-08-17T04:59:08,スバル,page,,PDF/427 KB,https://www.subaru.co.jp/press/file/uploads/news/2016_1109_02.pdf,
2026-08-17T04:59:08,スバル,page,,スバル 米国でのインプレッサ生産を開始,https://www.subaru.co.jp/press/news/2016_11_02_3111,
2026-08-17T04:59:08,スバル,page,,PDF/252 KB,https://www.subaru.co.jp/press/file/uploads/news/2016_1102_4.pdf,
2026-08-17T04:59:08,スバル,page,,SUBARU BRZに「GT」を追加 ～走りのポテンシャルを高めた最上級グレード～,https://www.subaru.co.jp/press/news/2016_10_18_3061,
2026-08-17T04:59:08,スバル,page,,PDF/359 KB,https://www.subaru.co.jp/press/file/uploads/news/2016_1018_2.pdf,
2026-08-17T04:59:08,スバル,page,,"スバル 新型「インプレッサ」を発表 ～先行予約期間に約6,000台のご予約～",https://www.subaru.co.jp/press/news/2016_10_13_3045,○
2026-08-17T04:59:08,スバル,page,,PDF/139 KB,https://www.subaru.co.jp/press/file/uploads/news/2016_1013_3.pdf,
2026-08-17T04:59:08,スバル,page,,スバル　本社ショールーム『SUBARU STAR SQUARE』で福祉車両を初展示,https://www.subaru.co.jp/press/news/2016_10_11_3037,
2026-08-17T04:59:08,スバル,page,,PDF/463 KB,https://www.subaru.co.jp/press/file/uploads/news/2016_1011_111.pdf,
2026-08-17T04:59:08,スバル,page,,スバル　特別仕様車「WRX S4 tS」を期間限定発売,https://www.subaru.co.jp/press/news/2016_10_04_2981,○
2026-08-17T04:59:08,スバル,page,,PDF/370 KB,https://www.subaru.co.jp/press/file/uploads/news/2016_1004_11.pdf,
2026-08-17T04:59:08,スバル,page,,スバル　特別仕様車　フォレスター 「Style Modern」を発売 ～BOXERエンジン50周年特別記念車の第六弾～,https://www.subaru.co.jp/press/news/2016_10_03_2972,○
2026-08-17T04:59:08,スバル,page,,PDF/395 KB,https://www.subaru.co.jp/press/file/uploads/news/2016_1003_11.pdf,
2026-08-17T04:59:08,スバル,page,,スバル　特別仕様車　CROSSOVER 7 「Active Style」を発売 ～BOXERエンジン50周年特別記念車の第五弾～,https://www.subaru.co.jp/press/news/2016_10_03_2971,○
2026-08-17T04:59:08,スバル,page,,PDF/427 KB,https://www.subaru.co.jp/press/file/uploads/news/2016_1003_21.pdf,
2026-08-17T04:59:08,スバル,page,,スバル　特別仕様車　レヴォーグ 「1.6GT EyeSight Smart Edition」を発表 ～BOXERエンジン50周年特別記念車の第四弾～,https://www.subaru.co.jp/press/news/2016_10_03_2964,○
2026-08-17T04:59:08,スバル,page,,PDF/152 KB,https://www.subaru.co.jp/press/file/uploads/news/2016_1003_3lvg.pdf,
2026-08-17T04:59:08,スバル,page,,スバル 新型「インプレッサ」 TVCM放送開始 ～TVCM楽曲にDREAMS COME TRUEの「LOVE LOVE LOVE」を採用～,https://www.subaru.co.jp/press/news/2016_09_21_2902,○
2026-08-17T04:59:08,スバル,page,,PDF/288 KB,https://www.subaru.co.jp/press/file/uploads/news/2016_0921_11.pdf,
2026-08-17T04:59:08,スバル,page,,スバル　特別仕様車「SUBARU XV HYBRID tS」を発表 ～SUBARUトレイルジャム in Mt.FUJIにて特別展示～,https://www.subaru.co.jp/press/news/2016_09_20_2889,○
2026-08-17T04:59:08,スバル,page,,PDF/467 KB,https://www.subaru.co.jp/press/file/uploads/news/2016_0920_1.pdf,
2026-08-17T04:59:08,スバル,page,,スバル　レガシィ　アウトバック/B4 を改良,https://www.subaru.co.jp/press/news/2016_09_08_2845,○
2026-08-17T04:59:08,スバル,page,,PDF/857 KB,https://www.subaru.co.jp/press/file/uploads/news/2016_0907_031.pdf,
2026-08-17T04:59:08,スバル,page,,スバル　特別仕様車「LEGACY B4 SporVita」を300台限定発売 ～イタリアの老舗革製品サプライヤーMARIO LEVI社とのコラボレーション第二弾～,https://www.subaru.co.jp/press/news/2016_09_08_2853,○
2026-08-17T04:59:08,スバル,page,,PDF/812 KB,https://www.subaru.co.jp/press/file/uploads/news/2016_0907_02.pdf,
2026-08-17T04:59:08,スバル,page,,スバル　特別仕様車　「LEGACY OUTBACK X-ADVANCE」を発表 ～BOXERエンジン50周年特別記念車の第三弾～,https://www.subaru.co.jp/press/news/2016_09_08_2849,○
2026-08-17T04:59:08,スバル,page,,PDF/641 KB,https://www.subaru.co.jp/press/file/uploads/news/2016_0907_01.pdf,
2026-08-17T04:59:08,スバル,page,,スバル 新型「インプレッサ」 先行予約を開始 ～国産初の歩行者保護エアバッグと7つの乗員保護エアバッグを全車標準装備～,https://www.subaru.co.jp/press/news/2016_09_01_2835,○
2026-08-17T04:59:08,スバル,page,,PDF/501 KB,https://www.subaru.co.jp/press/file/uploads/news/2016_0901_3.pdf,
2026-08-17T04:59:08,スバル,page,,スバル　レヴォーグが欧州の2016年安全性能総合評価で 最高評価「ファイブスター」を獲得,https://www.subaru.co.jp/press/news/2016_08_31_2825,
2026-08-17T04:59:08,スバル,page,,PDF/136 KB,https://www.subaru.co.jp/press/file/uploads/news/2016_0831_1.pdf,
2026-08-17T04:59:08,スバル,page,,"スバル　レヴォーグ「STI Sport」の受注状況について ～ 発売1ヶ月で3,000台超え、レヴォーグ全体の4割を占める受注、好調なスタート ～",https://www.subaru.co.jp/press/news/2016_08_23_2800,○
2026-08-17T04:59:08,スバル,page,,PDF/254 KB,https://www.subaru.co.jp/press/file/uploads/news/2016_0823_2.pdf,
2026-08-17T04:59:08,スバル,page,,富士重工業 「スバル360-K111型」が日本機械学会2016年度「機械遺産」に認定,https://www.subaru.co.jp/press/news/2016_08_08_2748,
2026-08-17T04:59:08,スバル,page,,PDF/535 KB,https://www.subaru.co.jp/press/file/uploads/news/2016_0808_1.pdf,
2026-08-17T04:59:08,スバル,page,,スバル 米国生産累計台数300万台を達成,https://www.subaru.co.jp/press/news/2016_08_01_2686,
2026-08-17T04:59:08,スバル,page,,PDF/198 KB,https://www.subaru.co.jp/press/file/uploads/news/2016_0801_1.pdf,
2026-08-17T04:59:08,スバル,page,,スバル　特別仕様車「SUBARU XV HYBRID tS」先行予約を開始,https://www.subaru.co.jp/press/news/2016_07_28_2643,○
2026-08-17T04:59:08,スバル,page,,PDF/513 KB,https://www.subaru.co.jp/press/file/uploads/news/2016_0728_4.pdf,
2026-08-17T04:59:08,スバル,page,,スバル 新型「インプレッサ」（国内仕様車）を公開  ～　スバル初の歩行者保護エアバッグと、アイサイト(ver.3)を全車に標準装備 ～,https://www.subaru.co.jp/press/news/2016_07_26_2626,○
2026-08-17T04:59:08,スバル,page,,PDF/589 KB,https://www.subaru.co.jp/press/file/uploads/news/2016_0726_1.pdf,
2026-08-17T04:59:08,スバル,page,,スバル　特別仕様車　「フォレスター Brown Leather Selection」を発表,https://www.subaru.co.jp/press/news/2016_07_11_2595,○
2026-08-17T04:59:08,スバル,page,,PDF/215 KB,https://www.subaru.co.jp/press/file/uploads/news/2016_0711_11.pdf,
2026-08-17T04:59:08,スバル,page,,スバル 「SUBARU BRZ」の大幅改良モデルを発表 ～2016年秋に走りのポテンシャルを高めた最上級グレードを追加予定～,https://www.subaru.co.jp/press/news/2016_07_05_2584,○
2026-08-17T04:59:08,スバル,page,,PDF/495 KB,https://www.subaru.co.jp/press/file/uploads/news/2016_0705_01.pdf,
2026-08-17T04:59:08,スバル,page,,スバル　「レヴォーグ STI Sport」を発表 ～代官山T-SITEにて特別展示イベントを実施～,https://www.subaru.co.jp/press/news/2016_06_27_2525,
2026-08-17T04:59:08,スバル,page,,PDF/161 KB,https://www.subaru.co.jp/press/file/uploads/news/2016_0627_12.pdf,
2026-08-17T04:59:08,スバル,page,,スバル ステラを改良　～ステラカスタムに新グレード追加～,https://www.subaru.co.jp/press/news/2016_06_21_2513,○
2026-08-17T04:59:08,スバル,page,,PDF/130 KB,https://www.subaru.co.jp/press/file/uploads/news/2016_0621_01.pdf,
2026-08-17T04:59:08,スバル,page,,スバル　レヴォーグ 「STI Sport」の先行予約を開始,https://www.subaru.co.jp/press/news/2016_05_27_2442,
2026-08-17T04:59:08,スバル,page,,PDF/196 KB,https://www.subaru.co.jp/press/file/uploads/news/2016_0527_1.pdf,
2026-08-17T04:59:08,スバル,page,,スバル　特別仕様車　「SUBARU XV 2.0i EyeSight Proud Edition」を発表 ～BOXERエンジン50周年特別記念車の第一弾～,https://www.subaru.co.jp/press/news/2016_05_10_2271,○
2026-08-17T04:59:08,スバル,page,,PDF/253 KB,https://www.subaru.co.jp/press/file/uploads/news/2016_0510_02.pdf,
2026-08-17T04:59:08,スバル,page,,スバル　WRX S4／STIを改良,https://www.subaru.co.jp/press/news/2016_04_11_2174,○
2026-08-17T04:59:08,スバル,page,,PDF/191 KB,https://www.subaru.co.jp/press/file/uploads/news/2016_0411_02.pdf,
2026-08-17T04:59:08,スバル,page,,スバル　レヴォーグを改良 ～2016年夏にSTIブランドの新グレード追加予定～,https://www.subaru.co.jp/press/news/2016_04_11_2166,○
2026-08-17T04:59:08,スバル,page,,PDF/328 KB,https://www.subaru.co.jp/press/file/uploads/news/2016_0411_01_.pdf,
2026-08-17T04:59:08,スバル,page,,富士重工業　次世代プラットフォーム 「SUBARU GLOBAL PLATFORM（スバルグローバルプラットフォーム）」を初公開 ～スバル史上最高レベルの総合性能進化を実現～,https://www.subaru.co.jp/press/news/2016_03_07_2022,
2026-08-17T04:59:08,スバル,page,,PDF/323 KB,https://www.subaru.co.jp/press/file/uploads/news/2016_0307_011.pdf,
2026-08-17T04:59:08,スバル,page,,"富士重工業　AWD車の累計生産台数 1,500万台を達成 ～生産開始から44年目での達成～",https://www.subaru.co.jp/press/news/2016_03_02_1971,
2026-08-17T04:59:08,スバル,page,,PDF/98 KB,https://www.subaru.co.jp/press/file/uploads/news/2016_0302_02.pdf,
2026-08-17T04:59:08,スバル,page,,富士重工業 マレーシアでフォレスターのKD生産を開始,https://www.subaru.co.jp/press/news/2016_02_26_1931,
2026-08-17T04:59:08,スバル,page,,PDF/234 KB,https://www.subaru.co.jp/press/file/uploads/news/2016_0226_02.pdf,
2026-08-17T04:59:08,スバル,page,,スバル　アイサイト搭載車の事故件数調査結果について ～搭載車は非搭載車比、約6割減～,https://www.subaru.co.jp/press/news/2016_01_26_1794,
2026-08-17T04:59:08,スバル,page,,PDF/123 KB,https://www.subaru.co.jp/press/file/uploads/news/2016_0126_01_6.pdf,
2026-08-17T04:59:08,スバル,page,,スバル　アイサイトを搭載するフォレスターが 2015年度予防安全性能アセスメントで最高ランクのJNCAP「先進安全車プラス（ASV+）」を獲得,https://www.subaru.co.jp/press/news/2016_01_25_1783,
2026-08-17T04:59:08,スバル,page,,PDF/152 KB,https://www.subaru.co.jp/press/file/uploads/news/2016_0125_01.pdf,
2026-08-17T04:59:08,スバル,page,,富士重工業 2016年暦年 生産・販売計画について ～ 生産・販売とも初めての100万台超えを計画 ～,https://www.subaru.co.jp/press/news/2016_01_18_1734,
2026-08-17T04:59:08,スバル,page,,PDF/111 KB,https://www.subaru.co.jp/press/file/uploads/news/2016_0118_1.pdf,
2026-08-17T04:59:08,スバル,page,,スバルの米国、カナダ、豪州の2015年暦年販売が過去最高を達成 ～ 米国販売が7年連続で過去最高を更新 ～,https://www.subaru.co.jp/press/news/2016_01_12_1706,
2026-08-17T04:59:08,スバル,page,,PDF/111 KB,https://www.subaru.co.jp/press/file/uploads/news/2016_0112_1.pdf,
2026-08-17T04:59:08,スバル,page,,スバル　東京オートサロン2016　出展概要 ～日本初公開となる「STI Performance Concept」や「LEVORG STI CONCEPT」を出展～,https://www.subaru.co.jp/press/news/2015_12_24_1635,
2026-08-17T04:59:08,スバル,page,,PDF/209 KB,https://www.subaru.co.jp/press/file/uploads/news/2015_1224_03.pdf,
2026-08-17T04:59:08,スバル,page,,スバル　「アイサイト」を搭載するインプレッサ／SUBARU XVが 2015年度予防安全性能アセスメントで最高ランクのJNCAP「先進安全車プラス（ASV+）」を獲得,https://www.subaru.co.jp/press/news/2015_12_17_1614,
2026-08-17T04:59:08,スバル,page,,PDF/113 KB,https://www.subaru.co.jp/press/file/uploads/news/1217-Subaru-ASV-.pdf,
2026-08-17T04:59:08,スバル,page,,スバル　WRX搭載水平対向直噴ターボ“DIT”エンジンが 米国ワーズ社の「10ベストエンジン」賞を2年連続受賞,https://www.subaru.co.jp/press/news/2015_12_14_1598,
2026-08-17T04:59:08,スバル,page,,PDF/107 KB,https://www.subaru.co.jp/press/file/uploads/news/1214-Wards-10-best-engine-2.0DIT-jp.pdf,
2026-08-17T04:59:08,スバル,page,,スバル　米国IIHSの2016年安全評価で 「トップセイフティピック（TSP）＋」を6車種が獲得,https://www.subaru.co.jp/press/news/2015_12_10_1578,
2026-08-17T04:59:08,スバル,page,,PDF/103 KB,https://www.subaru.co.jp/press/file/uploads/news/2015_1210_04.pdf,
2026-08-17T04:59:08,スバル,page,,スバル　特別仕様車　「CROSSOVER 7　Modern Style」を発表 ～お洒落なインテリアにダークブラウン色の新たな仕様を追加～,https://www.subaru.co.jp/press/news/2015_12_10_1559,○
2026-08-17T04:59:08,スバル,page,,PDF/136 KB,https://www.subaru.co.jp/press/file/uploads/news/2015_1210_4.pdf,
2026-08-17T04:59:08,スバル,page,,スバル　特別仕様車　「レガシィ　アウトバック　Limited　Smart Edition」を発表,https://www.subaru.co.jp/press/news/2015_12_10_1567,○
2026-08-17T04:59:08,スバル,page,,PDF/136 KB,https://www.subaru.co.jp/press/file/uploads/news/2015_1210_5.pdf,
2026-08-17T04:59:08,スバル,page,,スバル　特別仕様車　「レヴォーグ　1.6GT EyeSight S-style」を発売,https://www.subaru.co.jp/press/news/2015_12_10_1566,○
2026-08-17T04:59:08,スバル,page,,PDF/150 KB,https://www.subaru.co.jp/press/file/uploads/news/2015_1210_6.pdf,
2026-08-17T04:59:08,スバル,page,,スバル フォレスター 大幅改良モデルを発売,https://www.subaru.co.jp/press/news/2015_10_28_1311,○
2026-08-17T04:59:08,スバル,page,,PDF/149 KB,https://www.subaru.co.jp/press/file/uploads/news/2015_1028-01.pdf,
2026-08-17T04:59:08,スバル,page,,スバルWRX STI 特別仕様車「 S207」を400台限定発売,https://www.subaru.co.jp/press/news/2015_10_28_1327,○
2026-08-17T04:59:08,スバル,page,,PDF/173 KB,https://www.subaru.co.jp/press/file/uploads/news/2015_1028-03.pdf,
2026-08-17T04:59:08,スバル,page,,スバル 特別仕様車 WRX S4 SporVitaを500台限定発売 ～イタリアの老舗皮革製品サプライヤー MARIO LEVI社とのコラボレーションモデル～,https://www.subaru.co.jp/press/news/2015_10_28_1364,○
2026-08-17T04:59:08,スバル,page,,PDF/145 KB,https://www.subaru.co.jp/press/file/uploads/news/2015_1028-04.pdf,
2026-08-17T04:59:08,スバル,page,,SUBARU XV／SUBARU XV HYBRID 大幅改良モデルを発売,https://www.subaru.co.jp/press/news/2015_10_28_1319,○
2026-08-17T04:59:08,スバル,page,,PDF/168 KB,https://www.subaru.co.jp/press/file/uploads/news/2015_1028-02.pdf,
2026-08-17T04:59:08,スバル,page,,スバル　フォレスター　大幅改良モデルを公開 ～アイサイト（ver.3）や新開発ヘッドランプ機能など、先進安全装備を採用～,https://www.subaru.co.jp/press/news/2015_10_06_1165,○
2026-08-17T04:59:08,スバル,page,,PDF/223 KB,https://www.subaru.co.jp/press/file/uploads/news/2015_1006_01.pdf,
2026-08-17T04:59:08,スバル,page,,SUBARU XV / SUBARU XV HYBRID　大幅改良モデルを公開 ～先進安全装備「アドバンスドセイフティパッケージ」を採用～,https://www.subaru.co.jp/press/news/2015_10_06_1172,○
2026-08-17T04:59:08,スバル,page,,PDF/202 KB,https://www.subaru.co.jp/press/file/uploads/news/2015_1006_021.pdf,
2026-08-17T04:59:08,スバル,page,,スバル　インプレッサ　SPORT／G4を改良 ～1.6Lモデルにアイサイト（ver.3）を設定～,https://www.subaru.co.jp/press/news/2015_10_06_1176,○
2026-08-17T04:59:08,スバル,page,,PDF/176 KB,https://www.subaru.co.jp/press/file/uploads/news/2015_1006_03.pdf,
2026-08-17T04:59:08,スバル,page,,スバル　2016年型WRXが米国IIHSの2015年安全評価で 最高評価「トップセイフティピック（TSP）＋」を獲得,https://www.subaru.co.jp/press/news/2015_09_14_1061,
2026-08-17T04:59:08,スバル,page,,PDF/333 KB,https://www.subaru.co.jp/press/file/uploads/news/2015_0914_02.pdf,
2026-08-17T04:59:08,スバル,page,,スバル　レガシィ　アウトバック／B4を改良 ～アドバンスドセイフティパッケージを標準装備～,https://www.subaru.co.jp/press/news/2015_09_10_1014,○
2026-08-17T04:59:08,スバル,page,,PDF/582 KB,https://www.subaru.co.jp/press/file/uploads/news/2015_0910_01.pdf,
2026-08-17T04:59:08,スバル,page,,スバル「アイサイト」を搭載するレヴォーグ／WRX S4／レガシィが 2015年度予防安全性能アセスメントで 最高ランクのJNCAP「先進安全車プラス（ASV+）」を獲得,https://www.subaru.co.jp/press/news/2015_07_15_178,
2026-08-17T04:59:08,スバル,page,,PDF/122 KB,https://www.subaru.co.jp/press/file/uploads/news/pdf_116422.pdf,
2026-08-17T04:59:08,スバル,page,,「SUBARU BRZ tS」を300台限定発売,https://www.subaru.co.jp/press/news/2015_06_30_11,○
2026-08-17T04:59:08,スバル,page,,PDF/151 KB,https://www.subaru.co.jp/press/file/uploads/news/pdf_116342.pdf,
2026-08-17T04:59:08,スバル,page,,スバル WRX S4／STIを改良,https://www.subaru.co.jp/press/news/2015_06_30_50,○
2026-08-17T04:59:08,スバル,page,,PDF/191 KB,https://www.subaru.co.jp/press/file/uploads/news/0630-WRX.pdf,
2026-08-17T04:59:08,スバル,page,,スバル インプレッサ SPORT HYBRID を発表,https://www.subaru.co.jp/press/news/2015_06_19_58,
2026-08-17T04:59:08,スバル,page,,PDF/199 KB,https://www.subaru.co.jp/press/file/uploads/news/pdf_116187.pdf,
2026-08-17T04:59:08,スバル,page,,スバル　「アイサイト」を搭載するCROSSOVER 7が予防安全性能アセスメントにおいて最高ランクのJNCAP「先進安全車プラス（ASV+）」を獲得,https://www.subaru.co.jp/press/news/2015_06_01_61,
2026-08-17T04:59:08,スバル,page,,PDF/104 KB,https://www.subaru.co.jp/press/file/uploads/news/pdf_115987.pdf,
2026-08-17T04:59:08,スバル,page,,スバル　特別仕様車 「Proud Edition」シリーズをレヴォーグに設定し発売,https://www.subaru.co.jp/press/news/2015_06_01_65,○
2026-08-17T04:59:08,スバル,page,,PDF/121 KB,https://www.subaru.co.jp/press/file/uploads/news/pdf_115988.pdf,
2026-08-17T04:59:08,スバル,page,,スバル ステラを改良,https://www.subaru.co.jp/press/news/2015_05_20_72,○
2026-08-17T04:59:08,スバル,page,,PDF/187 KB,https://www.subaru.co.jp/press/file/uploads/news/pdf_115796.pdf,
2026-08-17T04:59:08,スバル,page,,スバル　インプレッサ　SPORT　HYBRIDの先行予約を開始,https://www.subaru.co.jp/press/news/2015_05_19_77,
2026-08-17T04:59:08,スバル,page,,PDF/112 KB,https://www.subaru.co.jp/press/file/uploads/news/pdf_115726.pdf,
2026-08-17T04:59:08,スバル,page,,スバル　レヴォーグ、WRX、レガシィ、フォレスターが2014 年度「新・安全性能総合評価 ファイブスター賞」を受賞,https://www.subaru.co.jp/press/news/2015_05_08_95,
2026-08-17T04:59:08,スバル,page,,PDF/114 KB,https://www.subaru.co.jp/press/file/uploads/news/pdf_115404.pdf,
2026-08-17T04:59:08,スバル,page,,特別仕様車 スバル プレオ プラス「Black Edition」を発売,https://www.subaru.co.jp/press/news/2015_04_22_113,○
2026-08-17T04:59:08,スバル,page,,PDF/121 KB,https://www.subaru.co.jp/press/file/uploads/news/pdf_115264.pdf,
2026-08-17T04:59:08,スバル,page,,スバル　先進運転支援システム「アイサイト」搭載モデルが国内累計販売台数30万台を達成,https://www.subaru.co.jp/press/news/2015_04_20_116,
2026-08-17T04:59:08,スバル,page,,PDF/131 KB,https://www.subaru.co.jp/press/file/uploads/pdf_115277.pdf,
2026-08-17T04:59:08,スバル,page,,スバル　新型　「CROSSOVER 7（クロスオーバーセブン）」を発売,https://www.subaru.co.jp/press/news/2015_04_16_120,○
2026-08-17T04:59:08,スバル,page,,PDF/190 KB,https://www.subaru.co.jp/press/file/uploads/news/pdf_115235.pdf,
2026-08-17T04:59:08,スバル,page,,スバル　レヴォーグを改良,https://www.subaru.co.jp/press/news/2015_04_16_125,○
2026-08-17T04:59:08,スバル,page,,PDF/161 KB,https://www.subaru.co.jp/press/file/uploads/news/pdf_115236.pdf,
2026-08-17T04:59:08,スバル,page,,スバル　特別仕様車「Proud Edition」シリーズを発表～アイサイト搭載車の予防安全性能アセスメント最高ランク獲得を記念～,https://www.subaru.co.jp/press/news/2015_04_14_129,○
2026-08-17T04:59:08,スバル,page,,PDF/142 KB,https://www.subaru.co.jp/press/file/uploads/news/pdf_115234.pdf,
2026-08-17T04:59:08,スバル,page,,スバル プレオ プラスを改良,https://www.subaru.co.jp/press/news/2015_04_08_135,○
2026-08-17T04:59:08,スバル,page,,PDF/128 KB,https://www.subaru.co.jp/press/file/uploads/news/pdf_115208.pdf,
2026-08-17T04:59:08,スバル,page,,スバル 「サンバーバン」および「ディアスワゴン」を改良,https://www.subaru.co.jp/press/news/2015_04_03_139,○
2026-08-17T04:59:08,スバル,page,,PDF/163 KB,https://www.subaru.co.jp/press/file/uploads/news/pdf_115191.pdf,
2026-08-17T04:59:08,スバル,page,,"富士重工業 水平対向エンジン生産累計1,500万台を達成",https://www.subaru.co.jp/press/news/2015_02_17_155,
2026-08-17T04:59:08,スバル,page,,PDF/129 KB,https://www.subaru.co.jp/press/file/uploads/news/pdf_111893.pdf,
2026-08-17T04:59:08,スバル,page,,SUBARU BRZを改良,https://www.subaru.co.jp/press/news/2015_02_10_161,○
2026-08-17T04:59:08,スバル,page,,PDF/115 KB,https://www.subaru.co.jp/press/file/uploads/news/pdf_111767.pdf,
2026-08-17T04:59:08,スバル,page,,スバル　「アイサイト」を搭載するインプレッサ/SUBARU XVが予防安全性能アセスメントにおいて最高評価のJNCAP「先進安全車プラス（ASV+）」に選定,https://www.subaru.co.jp/press/news/2015_01_26_181,
2026-08-17T04:59:08,スバル,page,,PDF/97 KB,https://www.subaru.co.jp/press/file/uploads/news/pdf_111107.pdf,
2026-08-17T04:59:08,スバル,page,,過去の「クルマ」の記事はこちら,https://www.subaru.co.jp/news/car_old2014.html,
2026-08-17T04:59:08,スバル,page,,YouTube SUBARU On-Tube,https://www.youtube.com/user/SUBARUOnTube,
2026-08-17T04:59:08,スバル,page,,YouTube SUBARU GLOBAL TV,https://www.youtube.com/user/SubaruGlobalTV,
2026-08-17T04:59:08,スバル,page,,Facebook SUBARU,https://www.facebook.com/SUBARU.jp,
2026-08-17T04:59:08,スバル,page,,Instagram SUBARU,https://www.instagram.com/subaru.jp/,
2026-08-17T04:59:08,スバル,page,,X @SUBARU_CORP,https://twitter.com/SUBARU_CORP,
2026-08-17T04:59:08,スバル,page,,株主・投資家の皆様へ,https://www.subaru.co.jp/ir/,
2026-08-17T04:59:08,スバル,page,,サステナビリティ,https://www.subaru.co.jp/csr/,
2026-08-17T04:59:08,スバル,page,,SUBARUらしさ,https://www.subaru.co.jp/difference/,
2026-08-17T04:59:08,スバル,page,,商品に関する重要なお知らせトップ,https://www.subaru.co.jp/products/,
2026-08-17T04:59:08,スバル,page,,SUBARU ハイブリッド車 レスキュー時の取扱い,https://www.subaru.co.jp/products/rescue-hybrid.html,
2026-08-17T04:59:08,スバル,page,,自動車リサイクル,https://www.subaru.co.jp/products/recycle.html,
2026-08-17T04:59:08,スバル,page,,助手席エアバッグに関する重要なお知らせ,https://www.subaru.co.jp/recall/airbag.html,
2026-08-17T04:59:08,スバル,page,,SUBARUのロゴ・標章を不正使用した模倣品にご注意ください,https://www.subaru.jp/afterservice/parts/anti-counterfeit/,
2026-08-17T04:59:08,スバル,page,,FUJI/FA-200 エアロスバルサービス情報,https://www.subaru.co.jp/fa200/,
2026-08-17T04:59:08,スバル,page,,サイトのご使用にあたって,https://www.subaru.co.jp/assist/assistance.html,
2026-08-17T04:59:08,スバル,page,,個人情報の取扱いについて,https://www.subaru.co.jp/privacy.html,
2026-08-17T04:59:08,スバル,page,,特定個人情報の取扱いについて,https://www.subaru.co.jp/mynumber.html,
2026-08-17T04:59:08,スバル,page,,ソーシャルメディアポリシー,https://www.subaru.jp/socialmedia-policy/,
2026-08-17T04:59:08,スバル,page,,お問い合わせ ／ よくあるご質問,https://www.subaru.co.jp/faq/,
2026-08-17T04:59:08,スバル,page,,クッキーポリシー,https://www.subaru.co.jp/assist/cookiepolicy/,
2026-08-17T04:59:08,スズキ,rss,2026年8月7日,,https://www.suzuki.co.jp/release/d/2026/0807/,
2026-08-17T04:59:08,スズキ,rss,2026年8月6日,,https://www.suzuki.co.jp/release/d/2026/0806/,
2026-08-17T04:59:08,スズキ,rss,2026年8月5日,,https://www.suzuki.co.jp/ir/library/financialaffairs/index.html#2027,
2026-08-17T04:59:08,スズキ,rss,2026年8月5日,,https://www.suzuki.co.jp/ir/news/pdf/20260805news.pdf,
2026-08-17T04:59:08,スズキ,rss,2026年8月3日,,https://www.suzuki.co.jp/release/d/2026/0803/,
2026-08-17T04:59:08,スズキ,rss,2026年7月31日,,https://www.suzuki.co.jp/release/d/2026/0731b/,
2026-08-17T04:59:08,スズキ,rss,2026年7月31日,,https://www.suzuki.co.jp/release/d/2026/0731a/,
2026-08-17T04:59:08,スズキ,rss,2026年7月31日,,https://www.suzuki.co.jp/release/d/2026/0731/,
2026-08-17T04:59:08,スズキ,rss,2026年7月30日,,https://www.suzuki.co.jp/release/d/2026/0730b/,
2026-08-17T04:59:08,スズキ,rss,2026年7月30日,,https://www.suzuki.co.jp/release/d/2026/0730a/,
2026-08-17T04:59:08,スズキ,rss,2026年7月30日,,https://www.suzuki.co.jp/release/d/2026/0730/,
2026-08-17T04:59:08,スズキ,rss,2026年7月29日,,https://www.suzuki.co.jp/release/d/2026/0729/,
2026-08-17T04:59:08,スズキ,rss,2026年7月25日,,https://www.suzuki.co.jp/release/d/2026/0725/,
2026-08-17T04:59:08,スズキ,rss,2026年7月24日,,https://www.suzuki.co.jp/release/d/2026/0724/,
2026-08-17T04:59:08,スズキ,rss,2026年7月22日,,https://www.suzuki.co.jp/release/d/2026/0722a/,
2026-08-17T04:59:08,スズキ,rss,2026年7月22日,,https://www.suzuki.co.jp/release/d/2026/0722/,
2026-08-17T04:59:08,スズキ,rss,2026年7月21日,,https://www.suzuki.co.jp/release/d/2026/0721/,
2026-08-17T04:59:08,スズキ,rss,2026年7月17日,,https://www.suzuki.co.jp/release/d/2026/0717/,
2026-08-17T04:59:08,スズキ,rss,2026年7月10日,,https://www.suzuki.co.jp/release/d/2026/0710a/,
2026-08-17T04:59:08,スズキ,rss,2026年7月10日,,https://www.suzuki.co.jp/release/d/2026/0710/,
2026-08-17T04:59:08,スズキ,rss,2026年7月8日,,https://www.suzuki.co.jp/release/d/2026/0708/,
2026-08-17T04:59:08,スズキ,rss,2026年7月8日,,https://www.suzuki.co.jp/release/a/2026/0708/,
2026-08-17T04:59:08,スズキ,rss,2026年7月6日,,https://www.suzuki.co.jp/release/b/2026/0706/,
2026-08-17T04:59:08,スズキ,rss,2026年7月2日,,https://www.suzuki.co.jp/release/d/2026/0702a/,
2026-08-17T04:59:08,スズキ,rss,2026年7月2日,,https://www.suzuki.co.jp/release/d/2026/0702/,
2026-08-17T04:59:08,スズキ,rss,2026年7月2日,,https://www.suzuki.co.jp/release/b/2026/0702/,
2026-08-17T04:59:08,スズキ,rss,2026年7月1日,,https://www.suzuki.co.jp/release/d/2026/0701a/,
2026-08-17T04:59:08,スズキ,rss,2026年7月1日,,https://www.suzuki.co.jp/release/d/2026/0701/,
2026-08-17T04:59:08,スズキ,rss,2026年6月30日,,https://www.suzuki.co.jp/release/d/2026/0630/,
2026-08-17T04:59:08,スズキ,rss,2026年6月29日,,https://www.suzuki.co.jp/release/d/2026/0629/,
2026-08-17T04:59:08,スズキ,rss,2026年6月25日,,https://www.suzuki.co.jp/release/d/2026/0625/,
2026-08-17T04:59:08,スズキ,rss,2026年6月24日,,https://www.suzuki.co.jp/release/a/2026/0624/,
2026-08-17T04:59:08,スズキ,rss,2026年6月24日,,https://www.suzuki.co.jp/release/d/2026/0624/,
2026-08-17T04:59:08,スズキ,rss,2026年6月23日,,https://www.suzuki.co.jp/release/d/2026/0623/,
2026-08-17T04:59:08,スズキ,rss,2026年6月19日,,https://www.suzuki.co.jp/release/d/2026/0619/,
2026-08-17T04:59:08,スズキ,rss,2026年6月15日,,https://www.suzuki.co.jp/release/d/2026/0615a/,
2026-08-17T04:59:08,スズキ,rss,2026年6月15日,,https://www.suzuki.co.jp/release/d/2026/0615/,
2026-08-17T04:59:08,スズキ,rss,2026年6月10日,,https://www.suzuki.co.jp/release/d/2026/0610/,
2026-08-17T04:59:08,スズキ,rss,2026年6月5日,,https://www.suzuki.co.jp/release/d/2026/0605a/,
2026-08-17T04:59:08,スズキ,rss,2026年6月5日,,https://www.suzuki.co.jp/release/d/2026/0605/,
2026-08-17T04:59:08,スズキ,rss,2026年6月1日,,https://www.suzuki.co.jp/release/a/2026/0601/,
2026-08-17T04:59:08,スズキ,rss,2026年5月29日,,https://www.suzuki.co.jp/release/d/2026/0529/,
2026-08-17T04:59:08,スズキ,rss,2026年5月28日,,https://www.suzuki.co.jp/release/d/2026/0528b/,
2026-08-17T04:59:08,スズキ,rss,2026年5月28日,,https://www.suzuki.co.jp/release/d/2026/0528a/,
2026-08-17T04:59:08,スズキ,rss,2026年5月28日,,https://www.suzuki.co.jp/release/d/2026/0528/,
2026-08-17T04:59:08,スズキ,rss,2026年5月27日,,https://www.suzuki.co.jp/release/d/2026/0527a/,
2026-08-17T04:59:08,スズキ,rss,2026年5月27日,,https://www.suzuki.co.jp/release/d/2026/0527/,
2026-08-17T04:59:08,スズキ,rss,2026年5月27日,,https://www.suzuki.co.jp/release/a/2026/0527/,
2026-08-17T04:59:08,スズキ,rss,2026年5月27日,,https://www.suzuki.co.jp/release/c/2026/0527/,
2026-08-17T04:59:08,スズキ,rss,2026年5月19日,,https://www.suzuki.co.jp/release/d/2026/0519/,
2026-08-17T04:59:08,スズキ,rss,2026年5月18日,,https://www.suzuki.co.jp/release/d/2026/0518/,
2026-08-17T04:59:08,スズキ,rss,2026年5月15日,,https://www.suzuki.co.jp/release/d/2026/0515b/,
2026-08-17T04:59:08,スズキ,rss,2026年5月15日,,https://www.suzuki.co.jp/release/d/2026/0515a/,
2026-08-17T04:59:08,スズキ,rss,2026年5月15日,,https://www.suzuki.co.jp/release/d/2026/0515/,
2026-08-17T04:59:08,スズキ,rss,2026年5月14日,,https://www.suzuki.co.jp/ir/library/financialaffairs/,
2026-08-17T04:59:08,スズキ,rss,2026年5月11日,,https://www.suzuki.co.jp/release/b/2026/0511/,
2026-08-17T04:59:08,スズキ,rss,2026年5月11日,,https://www.suzuki.co.jp/release/d/2026/0511/,
2026-08-17T04:59:08,スズキ,rss,2026年5月8日,,https://www.suzuki.co.jp/release/d/2026/0508/,
2026-08-17T04:59:08,スズキ,rss,2026年5月8日,,https://www.suzuki.co.jp/release/a/2026/0508/,
2026-08-17T04:59:08,スズキ,rss,2026年5月7日,,https://www.suzuki.co.jp/release/d/2026/0507/,
2026-08-17T04:59:08,スズキ,rss,2026年4月28日,,https://www.suzuki.co.jp/release/d/2026/0428a/,
2026-08-17T04:59:08,スズキ,rss,2026年4月28日,,https://www.suzuki.co.jp/release/b/2026/0428/,
2026-08-17T04:59:08,スズキ,rss,2026年4月28日,,https://www.suzuki.co.jp/release/d/2026/0428/,
2026-08-17T04:59:08,スズキ,rss,2026年4月27日,,https://www.suzuki.co.jp/release/d/2026/0427/,
2026-08-17T04:59:08,スズキ,rss,2026年4月27日,,https://www.suzuki.co.jp/release/d/2026/0427a/,
2026-08-17T04:59:08,スズキ,rss,2026年4月24日,,https://www.suzuki.co.jp/release/d/2026/0424/,
2026-08-17T04:59:08,スズキ,rss,2026年4月23日,,https://www.suzuki.co.jp/release/d/2026/0423/,
2026-08-17T04:59:08,スズキ,rss,2026年4月17日,,https://www.suzuki.co.jp/release/d/2026/0417/,
2026-08-17T04:59:08,スズキ,rss,2026年4月15日,,https://www.suzuki.co.jp/release/d/2026/0415a/,
2026-08-17T04:59:08,スズキ,rss,2026年4月15日,,https://www.suzuki.co.jp/release/d/2026/0415/,
2026-08-17T04:59:08,スズキ,rss,2026年4月13日,,https://www.suzuki.co.jp/release/a/2026/0413/,
2026-08-17T04:59:08,スズキ,rss,2026年4月10日,,https://www.suzuki.co.jp/release/d/2026/0410a/,
2026-08-17T04:59:08,スズキ,rss,2026年4月10日,,https://www.suzuki.co.jp/release/d/2026/0410/,
2026-08-17T04:59:08,スズキ,rss,2026年4月10日,,https://www.suzuki.co.jp/release/a/2026/0410/,
2026-08-17T04:59:08,スズキ,rss,2026年4月3日,,https://www.suzuki.co.jp/release/d/2026/0403a/,
2026-08-17T04:59:08,スズキ,rss,2026年4月3日,,https://www.suzuki.co.jp/release/d/2026/0403/,
2026-08-17T04:59:08,スズキ,rss,2026年4月3日,,https://www.suzuki.co.jp/release/b/2026/0403/,
2026-08-17T04:59:08,スズキ,rss,2026年3月30日,,https://www.suzuki.co.jp/release/d/2026/0330/,
2026-08-17T04:59:08,スズキ,rss,2026年3月27日,,https://www.suzuki.co.jp/release/d/2026/0327d/,
2026-08-17T04:59:08,スズキ,rss,2026年3月27日,,https://www.suzuki.co.jp/release/d/2026/0327c/,
2026-08-17T04:59:08,スズキ,rss,2026年3月27日,,https://www.suzuki.co.jp/release/d/2026/0327b/,
2026-08-17T04:59:08,スズキ,rss,2026年3月27日,,https://www.suzuki.co.jp/release/d/2026/0327a/,
2026-08-17T04:59:08,スズキ,rss,2026年3月27日,,https://www.suzuki.co.jp/release/d/2026/0327/,
2026-08-17T04:59:08,スズキ,rss,2026年3月27日,,https://www.suzuki.co.jp/release/b/2026/0327/,
2026-08-17T04:59:08,スズキ,rss,2026年3月26日,,https://www.suzuki.co.jp/release/d/2026/0326a/,
2026-08-17T04:59:08,スズキ,rss,2026年3月26日,,https://www.suzuki.co.jp/release/d/2026/0326/,
2026-08-17T04:59:08,スズキ,rss,2026年3月25日,,https://www.suzuki.co.jp/release/d/2026/0325/,
2026-08-17T04:59:08,スズキ,rss,2026年3月24日,,https://www.suzuki.co.jp/release/d/2026/0324/,
2026-08-17T04:59:08,スズキ,rss,2026年3月20日,,https://www.suzuki.co.jp/release/c/2026/0320/,
2026-08-17T04:59:08,スズキ,rss,2026年3月19日,,https://www.suzuki.co.jp/release/d/2026/0319/,
2026-08-17T04:59:08,スズキ,rss,2026年3月18日,,https://www.suzuki.co.jp/release/d/2026/0318/,
2026-08-17T04:59:08,スズキ,rss,2026年3月18日,,https://www.suzuki.co.jp/release/b/2026/0318/,
2026-08-17T04:59:08,スズキ,rss,2026年3月17日,,https://www.suzuki.co.jp/release/d/2026/0317a/,
2026-08-17T04:59:08,スズキ,rss,2026年3月17日,,https://www.suzuki.co.jp/release/d/2026/0317/,
2026-08-17T04:59:08,スズキ,rss,2026年3月16日,,https://www.suzuki.co.jp/release/d/2026/0316a/,
2026-08-17T04:59:08,スズキ,rss,2026年3月16日,,https://www.suzuki.co.jp/release/d/2026/0316/,
2026-08-17T04:59:08,スズキ,rss,2026年3月10日,,https://www.suzuki.co.jp/release/d/2026/0310a/,
2026-08-17T04:59:08,スズキ,rss,2026年3月10日,,https://www.suzuki.co.jp/release/d/2026/0310/,
2026-08-17T04:59:08,スズキ,rss,2026年3月9日,,https://www.suzuki.co.jp/release/d/2026/0309/,
2026-08-17T04:59:08,スズキ,rss,2026年3月9日,,https://www.suzuki.co.jp/release/a/2026/0309/,
2026-08-17T04:59:08,スズキ,rss,2026年3月6日,,https://www.suzuki.co.jp/release/a/2026/0306/,
2026-08-17T04:59:08,スズキ,rss,2026年3月4日,,https://www.suzuki.co.jp/release/d/2026/0304/,
2026-08-17T04:59:08,スズキ,rss,2026年3月3日,,https://www.suzuki.co.jp/release/d/2026/0303/,
2026-08-17T04:59:08,スズキ,rss,2026年3月2日,,https://www.suzuki.co.jp/release/c/2026/0302/,
2026-08-17T04:59:08,スズキ,rss,2026年2月27日,,https://www.suzuki.co.jp/release/d/2026/0227/,
2026-08-17T04:59:08,スズキ,rss,2026年2月26日,,https://www.suzuki.co.jp/release/d/2026/0226/,
2026-08-17T04:59:08,スズキ,rss,2026年2月25日,,https://www.suzuki.co.jp/release/d/2026/0225a/,
2026-08-17T04:59:08,スズキ,rss,2026年2月25日,,https://www.suzuki.co.jp/release/d/2026/0225/,
2026-08-17T04:59:08,スズキ,rss,2026年2月20日,,https://www.suzuki.co.jp/release/d/2026/0220b/,
2026-08-17T04:59:08,スズキ,rss,2026年2月20日,,https://www.suzuki.co.jp/release/d/2026/0220a/,
2026-08-17T04:59:08,スズキ,rss,2026年2月20日,,https://www.suzuki.co.jp/release/d/2026/0220/,
2026-08-17T04:59:08,スズキ,rss,2026年2月18日,,https://www.suzuki.co.jp/release/d/2026/0218a/,
2026-08-17T04:59:08,スズキ,rss,2026年2月18日,,https://www.suzuki.co.jp/release/d/2026/0218/,
2026-08-17T04:59:08,スズキ,rss,2026年2月17日,,https://www.suzuki.co.jp/release/d/2026/0217a/,
2026-08-17T04:59:08,スズキ,rss,2026年2月17日,,https://www.suzuki.co.jp/release/d/2026/0217/,
2026-08-17T04:59:08,スズキ,rss,2026年2月13日,,https://www.suzuki.co.jp/release/d/2026/0213/,
2026-08-17T04:59:08,スズキ,rss,2026年2月11日,,https://www.suzuki.co.jp/release/d/2026/0211/,
2026-08-17T04:59:08,スズキ,rss,2026年2月10日,,https://www.suzuki.co.jp/release/a/2026/0210/,
2026-08-17T04:59:08,スズキ,rss,2026年2月9日,,https://www.suzuki.co.jp/release/d/2026/0209/,
2026-08-17T04:59:08,スズキ,rss,2026年2月5日,,https://www.suzuki.co.jp/release/d/2026/0205b/,
2026-08-17T04:59:08,スズキ,rss,2026年2月5日,,https://www.suzuki.co.jp/release/d/2026/0205a/,
2026-08-17T04:59:08,スズキ,rss,2026年2月5日,,https://www.suzuki.co.jp/ir/library/financialaffairs/,
2026-08-17T04:59:08,スズキ,rss,2026年2月5日,,https://www.suzuki.co.jp/release/d/2026/0205/,
2026-08-17T04:59:08,スズキ,rss,2026年2月3日,,https://www.suzuki.co.jp/release/d/2026/0203/,
2026-08-17T04:59:08,スズキ,rss,2026年2月3日,,https://www.suzuki.co.jp/release/b/2026/0203/,
2026-08-17T04:59:08,スズキ,rss,2026年2月2日,,https://www.suzuki.co.jp/release/a/2026/0202/,
2026-08-17T04:59:08,スズキ,rss,2026年1月30日,,https://www.suzuki.co.jp/release/a/2026/0130/,
2026-08-17T04:59:08,スズキ,rss,2026年1月29日,,https://www.suzuki.co.jp/release/d/2026/0129/,
2026-08-17T04:59:08,スズキ,rss,2026年1月23日,,https://www.suzuki.co.jp/release/a/2026/0123,
2026-08-17T04:59:08,スズキ,rss,2026年1月22日,,https://www.suzuki.co.jp/release/d/2026/0122/,
2026-08-17T04:59:08,スズキ,rss,2026年1月22日,,https://www.suzuki.co.jp/release/b/2026/0122/,
2026-08-17T04:59:08,スズキ,rss,2026年1月19日,,https://www.suzuki.co.jp/release/d/2026/0119a/,
2026-08-17T04:59:08,スズキ,rss,2026年1月19日,,https://www.suzuki.co.jp/release/d/2026/0119/,
2026-08-17T04:59:08,スズキ,rss,2026年1月15日,,https://www.suzuki.co.jp/release/a/2026/0115/,
2026-08-17T04:59:08,スズキ,rss,2026年1月14日,,https://www.suzuki.co.jp/release/d/2026/0114/,
2026-08-17T04:59:08,スズキ,rss,2026年1月13日,,https://www.suzuki.co.jp/release/d/2026/0113/,
2026-08-17T04:59:08,スズキ,rss,2026年1月12日,,https://www.suzuki.co.jp/release/d/2026/0112/,
2026-08-17T04:59:08,スズキ,rss,2026年1月8日,,https://www.suzuki.co.jp/release/d/2026/0108/,
2026-08-17T04:59:08,スズキ,rss,2026年1月6日,,https://www.suzuki.co.jp/release/d/2026/0106/,
2026-08-17T04:59:08,スズキ,rss,2025年12月25日,,https://www.suzuki.co.jp/release/d/2025/1225/,
2026-08-17T04:59:08,スズキ,rss,2025年12月24日,,https://www.suzuki.co.jp/release/d/2025/1224e/,
2026-08-17T04:59:08,スズキ,rss,2025年12月24日,,https://www.suzuki.co.jp/release/d/2025/1224d/,
2026-08-17T04:59:08,スズキ,rss,2025年12月24日,,https://www.suzuki.co.jp/release/d/2025/1224c/,
2026-08-17T04:59:08,スズキ,rss,2025年12月24日,,https://www.suzuki.co.jp/release/d/2025/1224b/,
2026-08-17T04:59:08,スズキ,rss,2025年12月24日,,https://www.suzuki.co.jp/release/d/2025/1224a/,
2026-08-17T04:59:08,スズキ,rss,2025年12月24日,,https://www.suzuki.co.jp/release/d/2025/1224/,
2026-08-17T04:59:08,スズキ,rss,2025年12月22日,,https://www.suzuki.co.jp/release/d/2025/1222b/,
2026-08-17T04:59:08,スズキ,rss,2025年12月22日,,https://www.suzuki.co.jp/release/d/2025/1222a/,
2026-08-17T04:59:08,スズキ,rss,2025年12月22日,,https://www.suzuki.co.jp/release/d/2025/1222/,
2026-08-17T04:59:08,スズキ,rss,2025年12月22日,,https://www.suzuki.co.jp/release/a/2025/1222/,
2026-08-17T04:59:08,スズキ,rss,2025年12月19日,,https://www.suzuki.co.jp/release/d/2025/1219a/,
2026-08-17T04:59:08,スズキ,rss,2025年12月19日,,https://www.suzuki.co.jp/release/d/2025/1219/,
2026-08-17T04:59:08,スズキ,rss,2025年12月19日,,https://www.suzuki.co.jp/release/a/2025/1219/,
2026-08-17T04:59:08,スズキ,rss,2025年12月18日,,https://www.suzuki.co.jp/release/d/2025/1218/,
2026-08-17T04:59:08,スズキ,rss,2025年12月17日,,https://www.suzuki.co.jp/release/d/2025/1217a/,
2026-08-17T04:59:08,スズキ,rss,2025年12月17日,,https://www.suzuki.co.jp/release/d/2025/1217/,
2026-08-17T04:59:08,スズキ,rss,2025年12月16日,,https://www.suzuki.co.jp/release/d/2025/1216/,
2026-08-17T04:59:08,スズキ,rss,2025年12月15日,,https://www.suzuki.co.jp/release/d/2025/1215a/,
2026-08-17T04:59:08,スズキ,rss,2025年12月15日,,https://www.suzuki.co.jp/release/d/2025/1215/,
2026-08-17T04:59:08,スズキ,rss,2025年12月15日,,https://www.suzuki.co.jp/release/a/2025/1215/,
2026-08-17T04:59:08,スズキ,rss,2025年12月9日,,https://www.suzuki.co.jp/release/d/2025/1209a/,
2026-08-17T04:59:08,スズキ,rss,2025年12月9日,,https://www.suzuki.co.jp/release/d/2025/1209/,
2026-08-17T04:59:08,スズキ,rss,2025年12月5日,,https://www.suzuki.co.jp/release/d/2025/1205/,
2026-08-17T04:59:08,スズキ,rss,2025年12月1日,,https://www.suzuki.co.jp/release/d/2025/1201/,
2026-08-17T04:59:08,スズキ,rss,2025年11月27日,,https://www.suzuki.co.jp/release/d/2025/1127a/,
2026-08-17T04:59:08,スズキ,rss,2025年11月27日,,https://www.suzuki.co.jp/release/d/2025/1127/,
2026-08-17T04:59:08,スズキ,rss,2025年11月26日,,https://www.suzuki.co.jp/release/d/2025/1126/,
2026-08-17T04:59:08,スズキ,rss,2025年11月25日,,https://www.suzuki.co.jp/release/d/2025/1125/,
2026-08-17T04:59:08,スズキ,rss,2025年11月21日,,https://www.suzuki.co.jp/release/d/2025/1121/,
2026-08-17T04:59:08,スズキ,rss,2025年11月20日,,https://www.suzuki.co.jp/release/d/2025/1120a/,
2026-08-17T04:59:08,スズキ,rss,2025年11月20日,,https://www.suzuki.co.jp/release/d/2025/1120/,
2026-08-17T04:59:08,スズキ,rss,2025年11月19日,,https://www.suzuki.co.jp/release/d/2025/1119/,
2026-08-17T04:59:08,スズキ,rss,2025年11月18日,,https://www.suzuki.co.jp/release/d/2025/1118/,
2026-08-17T04:59:08,スズキ,rss,2025年11月17日,,https://www.suzuki.co.jp/release/d/2025/1117/,
2026-08-17T04:59:08,スズキ,rss,2025年11月12日,,https://www.suzuki.co.jp/release/d/2025/1112/,
2026-08-17T04:59:08,スズキ,rss,2025年11月11日,,https://www.suzuki.co.jp/release/d/2025/1111/,
2026-08-17T04:59:08,スズキ,rss,2025年11月10日,,https://www.suzuki.co.jp/release/d/2025/1110/,
2026-08-17T04:59:08,スズキ,rss,2025年11月10日,,https://www.suzuki.co.jp/release/a/2025/1110/,
2026-08-17T04:59:08,スズキ,rss,2025年11月7日,,https://www.suzuki.co.jp/release/d/2025/1107/,
2026-08-17T04:59:08,スズキ,rss,2025年11月6日,,https://www.suzuki.co.jp/ir/library/financialaffairs/,
2026-08-17T04:59:08,スズキ,rss,2025年11月5日,,https://www.suzuki.co.jp/release/d/2025/1105a/,
2026-08-17T04:59:08,スズキ,rss,2025年11月5日,,https://www.suzuki.co.jp/release/b/2025/1105/,
2026-08-17T04:59:08,スズキ,rss,2025年11月5日,,https://www.suzuki.co.jp/release/d/2025/1105/,
2026-08-17T04:59:08,スズキ,rss,2025年11月4日,,https://www.suzuki.co.jp/release/c/2025/1104/,
2026-08-17T04:59:08,スズキ,rss,2025年10月31日,,https://www.suzuki.co.jp/release/a/2025/1031/,
2026-08-17T04:59:08,スズキ,rss,2025年10月31日,,https://www.suzuki.co.jp/release/d/2025/1031a/,
2026-08-17T04:59:08,スズキ,rss,2025年10月31日,,https://www.suzuki.co.jp/release/d/2025/1031/,
2026-08-17T04:59:08,スズキ,rss,2025年10月30日,,https://www.suzuki.co.jp/release/a/2025/1030/,
2026-08-17T04:59:08,スズキ,rss,2025年10月27日,,https://www.suzuki.co.jp/release/d/2025/1027/,
2026-08-17T04:59:08,スズキ,rss,2025年10月27日,,https://www.suzuki.co.jp/release/a/2025/1027/,
2026-08-17T04:59:08,スズキ,rss,2025年10月23日,,https://www.suzuki.co.jp/release/d/2025/1023a/,
2026-08-17T04:59:08,スズキ,rss,2025年10月23日,,https://www.suzuki.co.jp/release/d/2025/1023/,
2026-08-17T04:59:08,スズキ,rss,2025年10月21日,,https://www.suzuki.co.jp/release/a/2025/1021/,
2026-08-17T04:59:08,スズキ,rss,2025年10月20日,,https://www.suzuki.co.jp/release/d/2025/1020/,
2026-08-17T04:59:08,スズキ,rss,2025年10月17日,,https://www.suzuki.co.jp/release/d/2025/1017a/,
2026-08-17T04:59:08,スズキ,rss,2025年10月17日,,https://www.suzuki.co.jp/release/d/2025/1017/,
2026-08-17T04:59:08,スズキ,rss,2025年10月16日,,https://www.suzuki.co.jp/release/d/2025/1016/,
2026-08-17T04:59:08,スズキ,rss,2025年10月15日,,https://www.suzuki.co.jp/release/d/2025/1015/,
2026-08-17T04:59:08,スズキ,rss,2025年10月15日,,https://www.suzuki.co.jp/release/a/2025/1015/,
2026-08-17T04:59:08,スズキ,rss,2025年10月10日,,https://www.suzuki.co.jp/release/d/2025/1010a/,
2026-08-17T04:59:08,スズキ,rss,2025年10月10日,,https://www.suzuki.co.jp/release/d/2025/1010/,
2026-08-17T04:59:08,スズキ,rss,2025年10月8日,,https://www.suzuki.co.jp/release/d/2025/1008/,
2026-08-17T04:59:08,スズキ,rss,2025年10月7日,,https://www.suzuki.co.jp/release/d/2025/1007a/,
2026-08-17T04:59:08,スズキ,rss,2025年10月7日,,https://www.suzuki.co.jp/release/d/2025/1007/,
2026-08-17T04:59:08,スズキ,rss,2025年10月6日,,https://www.suzuki.co.jp/release/d/2025/1006/,
2026-08-17T04:59:08,スズキ,rss,2025年10月3日,,https://www.suzuki.co.jp/release/a/2025/1003/,
2026-08-17T04:59:08,スズキ,rss,2025年10月2日,,https://www.suzuki.co.jp/release/a/2025/1002/,
2026-08-17T04:59:08,スズキ,rss,2025年10月1日,,https://www.suzuki.co.jp/release/d/2025/1001a/,
2026-08-17T04:59:08,スズキ,rss,2025年10月1日,,https://www.suzuki.co.jp/release/d/2025/1001/,
2026-08-17T04:59:08,スズキ,rss,2025年10月1日,,https://www.suzuki.co.jp/release/b/2025/1001/,
2026-08-17T04:59:08,スズキ,rss,2025年9月30日,,https://www.suzuki.co.jp/release/d/2025/0930/,
2026-08-17T04:59:08,スズキ,rss,2025年9月30日,,https://www.suzuki.co.jp/release/d/2025/0930a/,
2026-08-17T04:59:08,スズキ,rss,2025年9月29日,,https://www.suzuki.co.jp/release/d/2025/0929a/,
2026-08-17T04:59:08,スズキ,rss,2025年9月29日,,https://www.suzuki.co.jp/release/d/2025/0929/,
2026-08-17T04:59:08,スズキ,rss,2025年9月24日,,https://www.suzuki.co.jp/release/d/2025/0924/,
2026-08-17T04:59:08,スズキ,rss,2025年9月22日,,https://www.suzuki.co.jp/release/d/2025/0922/,
2026-08-17T04:59:08,スズキ,rss,2025年9月19日,,https://www.suzuki.co.jp/release/d/2025/0919/,
2026-08-17T04:59:08,スズキ,rss,2025年9月18日,,https://www.suzuki.co.jp/release/d/2025/0918/,
2026-08-17T04:59:08,スズキ,rss,2025年9月17日,,https://www.suzuki.co.jp/release/d/2025/0917/,
2026-08-17T04:59:08,スズキ,rss,2025年9月16日,,https://www.suzuki.co.jp/release/a/2025/0916/,
2026-08-17T04:59:08,スズキ,rss,2025年9月12日,,https://www.suzuki.co.jp/release/b/2025/0912/,
2026-08-17T04:59:08,スズキ,rss,2025年9月10日,,https://www.suzuki.co.jp/release/d/2025/0910/,
2026-08-17T04:59:08,スズキ,rss,2025年9月9日,,https://www.suzuki.co.jp/release/d/2025/0909/,
2026-08-17T04:59:08,スズキ,rss,2025年9月9日,,https://www.suzuki.co.jp/release/d/2025/0909a/,
2026-08-17T04:59:08,スズキ,rss,2025年9月5日,,https://www.suzuki.co.jp/release/d/2025/0905b/,
2026-08-17T04:59:08,スズキ,rss,2025年9月5日,,https://www.suzuki.co.jp/release/d/2025/0905a/,
2026-08-17T04:59:08,スズキ,rss,2025年9月5日,,https://www.suzuki.co.jp/release/d/2025/0905/,
2026-08-17T04:59:08,スズキ,rss,2025年9月4日,,https://www.suzuki.co.jp/release/d/2025/0904/,
2026-08-17T04:59:08,スズキ,rss,2025年9月3日,,https://www.suzuki.co.jp/release/d/2025/0903/,
2026-08-17T04:59:08,スズキ,rss,2025年9月3日,,https://www.suzuki.co.jp/release/b/2025/0903/,
2026-08-17T04:59:08,スズキ,rss,2025年9月2日,,https://www.suzuki.co.jp/release/b/2025/0902/,
2026-08-17T04:59:08,スズキ,rss,2025年9月1日,,https://www.suzuki.co.jp/release/a/2025/0901/,
2026-08-17T04:59:08,スズキ,rss,2025年8月29日,,https://www.suzuki.co.jp/release/d/2025/0829/,
2026-08-17T04:59:08,スズキ,rss,2025年8月28日,,https://www.suzuki.co.jp/release/d/2025/0828/,
2026-08-17T04:59:08,スズキ,rss,2025年8月27日,,https://www.suzuki.co.jp/release/d/2025/0827/,
2026-08-17T04:59:08,スズキ,rss,2025年8月26日,,https://www.suzuki.co.jp/release/d/2025/0826/,
2026-08-17T04:59:08,スズキ,rss,2025年8月21日,,https://www.suzuki.co.jp/release/d/2025/0821a/,
2026-08-17T04:59:08,スズキ,rss,2025年8月21日,,https://www.suzuki.co.jp/release/d/2025/0821/,
2026-08-17T04:59:08,スズキ,rss,2025年8月20日,,https://www.suzuki.co.jp/release/a/2025/0820/,
2026-08-17T04:59:08,スズキ,rss,2025年8月8日,,https://www.suzuki.co.jp/release/d/2025/0808/,
2026-08-17T04:59:08,スズキ,rss,2025年8月7日,,https://www.suzuki.co.jp/release/d/2025/0807/,
2026-08-17T04:59:08,スズキ,rss,2025年8月6日,,https://www.suzuki.co.jp/release/d/2025/0806a/,
2026-08-17T04:59:08,スズキ,rss,2025年8月6日,,https://www.suzuki.co.jp/release/d/2025/0806/,
2026-08-17T04:59:08,スズキ,rss,2025年8月5日,,https://www.suzuki.co.jp/ir/library/financialaffairs/#2026,
2026-08-17T04:59:08,スズキ,rss,2025年8月4日,,https://www.suzuki.co.jp/release/d/2025/0804/,
2026-08-17T04:59:08,スズキ,rss,2025年8月4日,,https://www.suzuki.co.jp/release/b/2025/0804/,
2026-08-17T04:59:08,スズキ,rss,2025年7月31日,,https://www.suzuki.co.jp/release/b/2025/0731/,
2026-08-17T04:59:08,スズキ,rss,2025年7月31日,,https://www.suzuki.co.jp/release/d/2025/0731a/,
2026-08-17T04:59:08,スズキ,rss,2025年7月31日,,https://www.suzuki.co.jp/release/d/2025/0731/,
2026-08-17T04:59:08,スズキ,rss,2025年7月30日,,https://www.suzuki.co.jp/release/d/2025/0730a/,
2026-08-17T04:59:08,スズキ,rss,2025年7月30日,,https://www.suzuki.co.jp/release/d/2025/0730/,
2026-08-17T04:59:08,スズキ,rss,2025年7月25日,,https://www.suzuki.co.jp/release/b/2025/0725/,
2026-08-17T04:59:08,スズキ,rss,2025年7月25日,,https://www.suzuki.co.jp/release/d/2025/0725/,
2026-08-17T04:59:08,スズキ,rss,2025年7月24日,,https://www.suzuki.co.jp/release/a/2025/0724/,
2026-08-17T04:59:08,スズキ,rss,2025年7月17日,,https://www.suzuki.co.jp/release/d/2025/0717/,
2026-08-17T04:59:08,スズキ,rss,2025年7月16日,,https://www.suzuki.co.jp/release/d/2025/0716/,
2026-08-17T04:59:08,スズキ,rss,2025年7月15日,,https://www.suzuki.co.jp/release/d/2025/0715/,
2026-08-17T04:59:08,スズキ,rss,2025年7月14日,,https://www.suzuki.co.jp/release/d/2025/0714/,
2026-08-17T04:59:08,スズキ,rss,2025年7月10日,,https://www.suzuki.co.jp/release/a/2025/0710a/,
2026-08-17T04:59:08,スズキ,rss,2025年7月10日,,https://www.suzuki.co.jp/release/a/2025/0710/,
2026-08-17T04:59:08,スズキ,rss,2025年7月4日,,https://www.suzuki.co.jp/release/b/2025/0704/,
2026-08-17T04:59:08,スズキ,rss,2025年7月4日,,https://www.suzuki.co.jp/release/d/2025/0704/,
2026-08-17T04:59:08,スズキ,rss,2025年6月30日,,https://www.suzuki.co.jp/release/d/2025/0630/,
2026-08-17T04:59:08,スズキ,rss,2025年6月27日,,https://www.suzuki.co.jp/release/d/2025/0627a/,
2026-08-17T04:59:08,スズキ,rss,2025年6月27日,,https://www.suzuki.co.jp/release/d/2025/0627/,
2026-08-17T04:59:08,スズキ,rss,2025年6月25日,,https://www.suzuki.co.jp/release/d/2025/0625/,
2026-08-17T04:59:08,スズキ,rss,2025年6月24日,,https://www.suzuki.co.jp/release/d/2025/0624/,
2026-08-17T04:59:08,スズキ,rss,2025年6月23日,,https://www.suzuki.co.jp/release/a/2025/0623/,
2026-08-17T04:59:08,スズキ,rss,2025年6月18日,,https://www.suzuki.co.jp/release/d/2025/0618/,
2026-08-17T04:59:08,スズキ,rss,2025年6月17日,,https://www.suzuki.co.jp/release/d/2025/0617/,
2026-08-17T04:59:08,スズキ,rss,2025年6月13日,,https://www.suzuki.co.jp/release/d/2025/0613/,
2026-08-17T04:59:08,スズキ,rss,2025年6月10日,,https://www.suzuki.co.jp/release/d/2025/0610/,
2026-08-17T04:59:08,スズキ,rss,2025年6月9日,,https://www.suzuki.co.jp/release/d/2025/0609/,
2026-08-17T04:59:08,スズキ,rss,2025年6月6日,,https://www.suzuki.co.jp/release/b/2025/0606/,
2026-08-17T04:59:08,スズキ,rss,2025年6月5日,,https://www.suzuki.co.jp/release/d/2025/0605/,
2026-08-17T04:59:08,スズキ,rss,2025年6月2日,,https://www.suzuki.co.jp/release/d/2025/0602/,
2026-08-17T04:59:08,スズキ,rss,2025年6月2日,,https://www.suzuki.co.jp/release/c/2025/0602/,
2026-08-17T04:59:08,スズキ,rss,2025年5月30日,,https://www.suzuki.co.jp/release/d/2025/0530/,
2026-08-17T04:59:08,スズキ,rss,2025年5月30日,,https://www.suzuki.co.jp/release/a/2025/0530/,
2026-08-17T04:59:08,スズキ,rss,2025年5月29日,,https://www.suzuki.co.jp/release/d/2025/0529b/,
2026-08-17T04:59:08,スズキ,rss,2025年5月29日,,https://www.suzuki.co.jp/release/d/2025/0529a/,
2026-08-17T04:59:08,スズキ,rss,2025年5月29日,,https://www.suzuki.co.jp/release/d/2025/0529/,
2026-08-17T04:59:08,スズキ,rss,2025年5月28日,,https://www.suzuki.co.jp/release/d/2025/0528/,
2026-08-17T04:59:08,スズキ,rss,2025年5月23日,,https://www.suzuki.co.jp/release/d/2025/0523/,
2026-08-17T04:59:08,スズキ,rss,2025年5月20日,,https://www.suzuki.co.jp/release/d/2025/0520a/,
2026-08-17T04:59:08,スズキ,rss,2025年5月20日,,https://www.suzuki.co.jp/release/d/2025/0520/,
2026-08-17T04:59:08,スズキ,rss,2025年5月19日,,https://www.suzuki.co.jp/release/d/2025/0519/,
2026-08-17T04:59:08,スズキ,rss,2025年5月15日,,https://www.suzuki.co.jp/release/d/2025/0515/,
2026-08-17T04:59:08,スズキ,rss,2025年5月14日,,https://www.suzuki.co.jp/release/d/2025/0514/,
2026-08-17T04:59:08,スズキ,rss,2025年5月12日,,https://www.suzuki.co.jp/ir/library/financialaffairs/#2025,
2026-08-17T04:59:08,スズキ,rss,2025年5月8日,,https://www.suzuki.co.jp/release/d/2025/0508/,
2026-08-17T04:59:08,スズキ,rss,2025年5月7日,,https://www.suzuki.co.jp/release/a/2025/0507/,
2026-08-17T04:59:08,スズキ,rss,2025年4月29日,,https://www.suzuki.co.jp/release/d/2025/0429/,
2026-08-17T04:59:08,スズキ,rss,2025年4月25日,,https://www.suzuki.co.jp/release/d/2025/0425/,
2026-08-17T04:59:08,スズキ,rss,2025年4月24日,,https://www.suzuki.co.jp/release/d/2025/0424a/,
2026-08-17T04:59:08,スズキ,rss,2025年4月24日,,https://www.suzuki.co.jp/release/d/2025/0424/,
2026-08-17T04:59:08,スズキ,rss,2025年4月16日,,https://www.suzuki.co.jp/release/d/2025/0416/,
2026-08-17T04:59:08,スズキ,rss,2025年4月14日,,https://www.suzuki.co.jp/ir/news/pdf/20250414news01.pdf,
2026-08-17T04:59:08,スズキ,rss,2025年4月11日,,https://www.suzuki.co.jp/release/d/2025/0411/,
2026-08-17T04:59:08,スズキ,rss,2025年4月10日,,https://www.suzuki.co.jp/release/d/2025/0410/,
2026-08-17T04:59:08,スズキ,rss,2025年4月7日,,https://www.suzuki.co.jp/ir/news/pdf/20250407news01.pdf,
2026-08-17T04:59:08,スズキ,rss,2025年4月3日,,https://www.suzuki.co.jp/release/d/2025/0403a/,
2026-08-17T04:59:08,スズキ,rss,2025年4月3日,,https://www.suzuki.co.jp/release/d/2025/0403/,
2026-08-17T04:59:08,スズキ,rss,2025年3月31日,,https://www.suzuki.co.jp/release/d/2025/0331/,
2026-08-17T04:59:08,スズキ,rss,2025年3月28日,,https://www.suzuki.co.jp/release/d/2025/0328a/,
2026-08-17T04:59:08,スズキ,rss,2025年3月28日,,https://www.suzuki.co.jp/release/b/2025/0328/,
2026-08-17T04:59:08,スズキ,rss,2025年3月28日,,https://www.suzuki.co.jp/release/d/2025/0328/,
2026-08-17T04:59:08,スズキ,rss,2025年3月27日,,https://www.suzuki.co.jp/release/d/2025/0327/,
2026-08-17T04:59:08,スズキ,rss,2025年3月24日,,https://www.suzuki.co.jp/release/d/2025/0324a/,
2026-08-17T04:59:08,スズキ,rss,2025年3月24日,,https://www.suzuki.co.jp/release/d/2025/0324/,
2026-08-17T04:59:08,スズキ,rss,2025年3月21日,,https://www.suzuki.co.jp/release/d/2025/0321/,
2026-08-17T04:59:08,スズキ,rss,2025年3月18日,,https://www.suzuki.co.jp/release/d/2025/0318a/,
2026-08-17T04:59:08,スズキ,rss,2025年3月18日,,https://www.suzuki.co.jp/release/d/2025/0318/,
2026-08-17T04:59:08,スズキ,rss,2025年3月13日,,https://www.suzuki.co.jp/release/d/2025/0313/,
2026-08-17T04:59:08,スズキ,rss,2025年3月10日,,https://www.suzuki.co.jp/release/d/2025/0310a/,
2026-08-17T04:59:08,スズキ,rss,2025年3月10日,,https://www.suzuki.co.jp/release/d/2025/0310/,
2026-08-17T04:59:08,スズキ,rss,2025年3月5日,,https://www.suzuki.co.jp/release/c/2025/0305/,
2026-08-17T04:59:08,スズキ,rss,2025年3月4日,,https://www.suzuki.co.jp/release/d/2025/0304/,
2026-08-17T04:59:08,スズキ,rss,2025年3月3日,,https://www.suzuki.co.jp/release/d/2025/0303/,
2026-08-17T04:59:08,スズキ,rss,2025年2月27日,,https://www.suzuki.co.jp/release/d/2025/0227/,
2026-08-17T04:59:08,スズキ,rss,2025年2月26日,,https://www.suzuki.co.jp/release/d/2025/0226a/,
2026-08-17T04:59:08,スズキ,rss,2025年2月26日,,https://www.suzuki.co.jp/release/d/2025/0226/,
2026-08-17T04:59:08,スズキ,rss,2025年2月26日,,https://www.suzuki.co.jp/release/c/2025/0226/,
2026-08-17T04:59:08,スズキ,rss,2025年2月25日,,https://www.suzuki.co.jp/release/d/2025/0225/,
2026-08-17T04:59:08,スズキ,rss,2025年2月21日,,https://www.suzuki.co.jp/release/d/2025/0221a/,
2026-08-17T04:59:08,スズキ,rss,2025年2月21日,,https://www.suzuki.co.jp/release/d/2025/0221b/,
2026-08-17T04:59:08,スズキ,rss,2025年2月20日,,https://www.suzuki.co.jp/ir/library/forinvestor/,
2026-08-17T04:59:08,スズキ,rss,2025年2月19日,,https://www.suzuki.co.jp/release/d/2025/0219/,
2026-08-17T04:59:08,スズキ,rss,2025年2月12日,,https://www.suzuki.co.jp/release/d/2025/0212/,
2026-08-17T04:59:08,スズキ,rss,2025年2月10日,,https://www.suzuki.co.jp/release/d/2025/0210/,
2026-08-17T04:59:08,スズキ,rss,2025年2月6日,,https://www.suzuki.co.jp/release/d/2025/0206b/,
2026-08-17T04:59:08,スズキ,rss,2025年2月6日,,https://www.suzuki.co.jp/release/d/2025/0206a/,
2026-08-17T04:59:08,スズキ,rss,2025年2月6日,,https://www.suzuki.co.jp/ir/library/financialaffairs/#2025,
2026-08-17T04:59:08,スズキ,rss,2025年2月5日,,https://www.suzuki.co.jp/release/d/2025/0205/,
2026-08-17T04:59:08,スズキ,rss,2025年2月4日,,https://www.suzuki.co.jp/release/b/2025/0204/,
2026-08-17T04:59:08,スズキ,rss,2025年2月3日,,https://www.suzuki.co.jp/release/a/2025/0203/,
2026-08-17T04:59:08,スズキ,rss,2025年1月31日,,https://www.suzuki.co.jp/release/d/2025/0131a/,
2026-08-17T04:59:08,スズキ,rss,2025年1月31日,,https://www.suzuki.co.jp/release/d/2025/0131/,
2026-08-17T04:59:08,スズキ,rss,2025年1月30日,,https://www.suzuki.co.jp/release/d/2025/0130/,
2026-08-17T04:59:08,スズキ,rss,2025年1月30日,,https://www.suzuki.co.jp/release/a/2025/0130/,
2026-08-17T04:59:08,スズキ,rss,2025年1月29日,,https://www.suzuki.co.jp/release/d/2025/0129/,
2026-08-17T04:59:08,スズキ,rss,2025年1月27日,,https://www.suzuki.co.jp/release/d/2025/0127/,
2026-08-17T04:59:08,スズキ,rss,2025年1月21日,,https://www.suzuki.co.jp/release/d/2025/0121/,
2026-08-17T04:59:08,スズキ,rss,2025年1月17日,,https://www.suzuki.co.jp/release/b/2025/0117/,
2026-08-17T04:59:08,スズキ,rss,2025年1月17日,,https://www.suzuki.co.jp/release/d/2025/0117/,
2026-08-17T04:59:08,スズキ,rss,2025年1月16日,,https://www.suzuki.co.jp/release/a/2025/0116/,
2026-08-17T04:59:08,スズキ,rss,2025年1月15日,,https://www.suzuki.co.jp/release/d/2025/0115a/,
2026-08-17T04:59:08,スズキ,rss,2025年1月15日,,https://www.suzuki.co.jp/release/d/2025/0115/,
2026-08-17T04:59:08,スズキ,rss,2025年1月14日,,https://www.suzuki.co.jp/release/d/2025/0114/,
2026-08-17T04:59:08,スズキ,rss,2025年1月9日,,https://www.suzuki.co.jp/release/d/2025/0109/,
2026-08-17T04:59:08,スズキ,rss,2024年12月27日,,https://www.suzuki.co.jp/release/d/2024/1227/,
2026-08-17T04:59:08,スズキ,rss,2024年12月26日,,https://www.suzuki.co.jp/release/d/2024/1226/,
2026-08-17T04:59:08,スズキ,rss,2024年12月25日,,https://www.suzuki.co.jp/release/d/2024/1225b/,
2026-08-17T04:59:08,スズキ,rss,2024年12月25日,,https://www.suzuki.co.jp/release/d/2024/1225a/,
2026-08-17T04:59:08,スズキ,rss,2024年12月25日,,https://www.suzuki.co.jp/release/d/2024/1225/,
2026-08-17T04:59:08,スズキ,rss,2024年12月24日,,https://www.suzuki.co.jp/release/d/2024/1224/,
2026-08-17T04:59:08,スズキ,rss,2024年12月24日,,https://www.suzuki.co.jp/release/d/2024/1224a/,
2026-08-17T04:59:08,スズキ,rss,2024年12月23日,,https://www.suzuki.co.jp/release/d/2024/1223/,
2026-08-17T04:59:08,スズキ,rss,2024年12月20日,,https://www.suzuki.co.jp/release/d/2024/1220b/,
2026-08-17T04:59:08,スズキ,rss,2024年12月20日,,https://www.suzuki.co.jp/release/d/2024/1220a/,
2026-08-17T04:59:08,スズキ,rss,2024年12月20日,,https://www.suzuki.co.jp/release/d/2024/1220/,
2026-08-17T04:59:08,スズキ,rss,2024年12月17日,,https://www.suzuki.co.jp/release/d/2024/1217a/,
2026-08-17T04:59:08,スズキ,rss,2024年12月17日,,https://www.suzuki.co.jp/release/d/2024/1217/,
2026-08-17T04:59:08,スズキ,rss,2024年12月17日,,https://www.suzuki.co.jp/release/a/2024/1217/,
2026-08-17T04:59:08,スズキ,rss,2024年12月16日,,https://www.suzuki.co.jp/release/d/2024/1216/,
2026-08-17T04:59:08,スズキ,rss,2024年12月12日,,https://www.suzuki.co.jp/release/d/2024/1212/,
2026-08-17T04:59:08,スズキ,rss,2024年12月11日,,https://www.suzuki.co.jp/release/d/2024/1211/,
2026-08-17T04:59:08,スズキ,rss,2024年12月10日,,https://www.suzuki.co.jp/release/d/2024/1210/,
2026-08-17T04:59:08,スズキ,rss,2024年12月10日,,https://www.suzuki.co.jp/release/a/2024/1210/,
2026-08-17T04:59:08,スズキ,rss,2024年11月29日,,https://www.suzuki.co.jp/release/d/2024/1129/,
2026-08-17T04:59:08,スズキ,rss,2024年11月28日,,https://www.suzuki.co.jp/release/d/2024/1128/,
2026-08-17T04:59:08,スズキ,rss,2024年11月27日,,https://www.suzuki.co.jp/release/d/2024/1127a/,
2026-08-17T04:59:08,スズキ,rss,2024年11月27日,,https://www.suzuki.co.jp/release/d/2024/1127/,
2026-08-17T04:59:08,スズキ,rss,2024年11月25日,,https://www.suzuki.co.jp/release/d/2024/1125/,
2026-08-17T04:59:08,スズキ,rss,2024年11月21日,,https://www.suzuki.co.jp/release/d/2024/1121/,
2026-08-17T04:59:08,スズキ,rss,2024年11月18日,,https://www.suzuki.co.jp/release/d/2024/1118a/,
2026-08-17T04:59:08,スズキ,rss,2024年11月18日,,https://www.suzuki.co.jp/release/d/2024/1118/,
2026-08-17T04:59:08,スズキ,rss,2024年11月13日,,https://www.suzuki.co.jp/release/d/2024/1113/,
2026-08-17T04:59:08,スズキ,rss,2024年11月12日,,https://www.suzuki.co.jp/release/d/2024/1112a/,
2026-08-17T04:59:08,スズキ,rss,2024年11月12日,,https://www.suzuki.co.jp/release/d/2024/1112/,
2026-08-17T04:59:08,スズキ,rss,2024年11月11日,,https://www.suzuki.co.jp/release/d/2024/1111a/,
2026-08-17T04:59:08,スズキ,rss,2024年11月11日,,https://www.suzuki.co.jp/release/d/2024/1111/,
2026-08-17T04:59:08,スズキ,rss,2024年11月8日,,https://www.suzuki.co.jp/ir/library/financialaffairs/#2025,
2026-08-17T04:59:08,スズキ,rss,2024年11月6日,,https://www.suzuki.co.jp/release/a/2024/1106a/,
2026-08-17T04:59:08,スズキ,rss,2024年11月6日,,https://www.suzuki.co.jp/release/a/2024/1106/,
2026-08-17T04:59:08,スズキ,rss,2024年11月5日,,https://www.suzuki.co.jp/release/b/2024/1105/,
2026-08-17T04:59:08,スズキ,rss,2024年11月5日,,https://www.suzuki.co.jp/release/d/2024/1105/,
2026-08-17T04:59:08,スズキ,rss,2024年11月4日,,https://www.suzuki.co.jp/release/d/2024/1104/,
2026-08-17T04:59:08,スズキ,rss,2024年10月31日,,https://www.suzuki.co.jp/release/d/2024/1031/,
2026-08-17T04:59:08,スズキ,rss,2024年10月30日,,https://www.suzuki.co.jp/release/d/2024/1030a/,
2026-08-17T04:59:08,スズキ,rss,2024年10月30日,,https://www.suzuki.co.jp/release/d/2024/1030/,
2026-08-17T04:59:08,スズキ,rss,2024年10月29日,,https://www.suzuki.co.jp/release/d/2024/1029/,
2026-08-17T04:59:08,スズキ,rss,2024年10月23日,,https://www.suzuki.co.jp/release/d/2024/1023/,
2026-08-17T04:59:08,スズキ,rss,2024年10月21日,,https://www.suzuki.co.jp/release/d/2024/1021/,
2026-08-17T04:59:08,スズキ,rss,2024年10月16日,,https://www.suzuki.co.jp/release/d/2024/1016/,
2026-08-17T04:59:08,スズキ,rss,2024年10月16日,,https://www.suzuki.co.jp/release/a/2024/1016/,
2026-08-17T04:59:08,スズキ,rss,2024年10月14日,,https://www.suzuki.co.jp/release/d/2024/1014/,
2026-08-17T04:59:08,スズキ,rss,2024年10月11日,,https://www.suzuki.co.jp/release/d/2024/1011/,
2026-08-17T04:59:08,スズキ,rss,2024年10月8日,,https://www.suzuki.co.jp/release/d/2024/1008/,
2026-08-17T04:59:08,スズキ,rss,2024年10月3日,,https://www.suzuki.co.jp/release/d/2024/1003a/,
2026-08-17T04:59:08,スズキ,rss,2024年10月3日,,https://www.suzuki.co.jp/release/d/2024/1003/,
2026-08-17T04:59:08,スズキ,rss,2024年10月1日,,https://www.suzuki.co.jp/release/d/2024/1001/,
2026-08-17T04:59:08,スズキ,rss,2024年10月1日,,https://www.suzuki.co.jp/release/d/2024/1001a/,
2026-08-17T04:59:08,スズキ,rss,2024年9月27日,,https://www.suzuki.co.jp/release/d/2024/0927/,
2026-08-17T04:59:08,スズキ,rss,2024年9月26日,,https://www.suzuki.co.jp/release/d/2024/0926a/,
2026-08-17T04:59:08,スズキ,rss,2024年9月26日,,https://www.suzuki.co.jp/release/d/2024/0926/,
2026-08-17T04:59:08,スズキ,rss,2024年9月23日,,https://www.suzuki.co.jp/release/d/2024/0923/,
2026-08-17T04:59:08,スズキ,rss,2024年9月20日,,https://www.suzuki.co.jp/release/d/2024/0920a/,
2026-08-17T04:59:08,スズキ,rss,2024年9月20日,,https://www.suzuki.co.jp/release/a/2024/0920/,
2026-08-17T04:59:08,スズキ,rss,2024年9月20日,,https://www.suzuki.co.jp/release/d/2024/0920/,
2026-08-17T04:59:08,スズキ,rss,2024年9月17日,,https://www.suzuki.co.jp/release/d/2024/0917/,
2026-08-17T04:59:08,スズキ,rss,2024年9月12日,,https://www.suzuki.co.jp/release/d/2024/0912/,
2026-08-17T04:59:08,スズキ,rss,2024年9月11日,,https://www.suzuki.co.jp/release/d/2024/0911/,
2026-08-17T04:59:08,スズキ,rss,2024年9月9日,,https://www.suzuki.co.jp/release/d/2024/0909/,
2026-08-17T04:59:08,スズキ,rss,2024年9月7日,,https://www.suzuki.co.jp/release/d/2024/0907/,
2026-08-17T04:59:08,スズキ,rss,2024年9月6日,,https://www.suzuki.co.jp/release/d/2024/0906/,
2026-08-17T04:59:08,スズキ,rss,2024年9月3日,,https://www.suzuki.co.jp/release/d/2024/0903/,
2026-08-17T04:59:08,スズキ,rss,2024年9月2日,,https://www.suzuki.co.jp/release/d/2024/0902/,
2026-08-17T04:59:08,スズキ,rss,2024年8月29日,,https://www.suzuki.co.jp/release/d/2024/0829/,
2026-08-17T04:59:08,スズキ,rss,2024年8月27日,,https://www.suzuki.co.jp/release/d/2024/0827/,
2026-08-17T04:59:08,スズキ,rss,2024年8月23日,,https://www.suzuki.co.jp/release/a/2024/0823/,
2026-08-17T04:59:08,スズキ,rss,2024年8月9日,,https://www.suzuki.co.jp/release/d/2024/0809/,
2026-08-17T04:59:08,スズキ,rss,2024年8月6日,,https://www.suzuki.co.jp/ir/library/financialaffairs/#2025,
2026-08-17T04:59:08,スズキ,rss,2024年7月30日,,https://www.suzuki.co.jp/release/d/2024/0730/,
2026-08-17T04:59:08,スズキ,rss,2024年7月26日,,https://www.suzuki.co.jp/release/d/2024/0726/,
2026-08-17T04:59:08,スズキ,rss,2024年7月25日,,https://www.suzuki.co.jp/release/a/2024/0725/,
2026-08-17T04:59:08,スズキ,rss,2024年7月23日,,https://www.suzuki.co.jp/release/d/2024/0723/,
2026-08-17T04:59:08,スズキ,rss,2024年7月17日,,https://www.suzuki.co.jp/release/d/2024/0717/,
2026-08-17T04:59:08,スズキ,rss,2024年7月13日,,https://www.suzuki.co.jp/release/d/2024/0713/,
2026-08-17T04:59:08,スズキ,rss,2024年7月10日,,https://www.suzuki.co.jp/release/d/2024/0710/,
2026-08-17T04:59:08,スズキ,rss,2024年7月4日,,https://www.suzuki.co.jp/release/d/2024/0704a/,
2026-08-17T04:59:08,スズキ,rss,2024年7月4日,,https://www.suzuki.co.jp/release/d/2024/0704/,
2026-08-17T04:59:08,スズキ,rss,2024年7月1日,,https://www.suzuki.co.jp/release/d/2024/0701/,
2026-08-17T04:59:08,スズキ,rss,2024年7月1日,,https://www.suzuki.co.jp/release/a/2024/0701/,
2026-08-17T04:59:08,スズキ,rss,2024年6月28日,,https://www.suzuki.co.jp/release/b/2024/0628/,
2026-08-17T04:59:08,スズキ,rss,2024年6月27日,,https://www.suzuki.co.jp/release/d/2024/0627a/,
2026-08-17T04:59:08,スズキ,rss,2024年6月27日,,https://www.suzuki.co.jp/release/d/2024/0627/,
2026-08-17T04:59:08,スズキ,rss,2024年6月25日,,https://www.suzuki.co.jp/release/d/2024/0625/,
2026-08-17T04:59:08,スズキ,rss,2024年6月21日,,https://www.suzuki.co.jp/release/d/2024/0621/,
2026-08-17T04:59:08,スズキ,rss,2024年6月20日,,https://www.suzuki.co.jp/release/d/2024/0620a/,
2026-08-17T04:59:08,スズキ,rss,2024年6月20日,,https://www.suzuki.co.jp/release/d/2024/0620/,
2026-08-17T04:59:08,スズキ,rss,2024年6月18日,,https://www.suzuki.co.jp/release/d/2024/0618/,
2026-08-17T04:59:08,スズキ,rss,2024年6月17日,,https://www.suzuki.co.jp/release/d/2024/0617a/,
2026-08-17T04:59:08,スズキ,rss,2024年6月17日,,https://www.suzuki.co.jp/release/d/2024/0617/,
2026-08-17T04:59:08,スズキ,rss,2024年6月7日,,https://www.suzuki.co.jp/release/d/2024/0607/,
2026-08-17T04:59:08,スズキ,rss,2024年6月6日,,https://www.suzuki.co.jp/release/d/2024/0606/,
2026-08-17T04:59:08,スズキ,rss,2024年6月3日,,https://www.suzuki.co.jp/release/d/2024/0603/,
2026-08-17T04:59:08,スズキ,rss,2024年5月31日,,https://www.suzuki.co.jp/release/b/2024/0531/,
2026-08-17T04:59:08,スズキ,rss,2024年5月30日,,https://www.suzuki.co.jp/release/d/2024/0530/,
2026-08-17T04:59:08,スズキ,rss,2024年5月29日,,https://www.suzuki.co.jp/release/b/2024/0529/,
2026-08-17T04:59:08,スズキ,rss,2024年5月24日,,https://www.suzuki.co.jp/release/a/2024/0524/,
2026-08-17T04:59:08,スズキ,rss,2024年5月20日,,https://www.suzuki.co.jp/release/d/2024/0520/,
2026-08-17T04:59:08,スズキ,rss,2024年5月15日,,https://www.suzuki.co.jp/release/d/2024/0515b/,
2026-08-17T04:59:08,スズキ,rss,2024年5月15日,,https://www.suzuki.co.jp/release/d/2024/0515a/,
2026-08-17T04:59:08,スズキ,rss,2024年5月15日,,https://www.suzuki.co.jp/release/d/2024/0515/,
2026-08-17T04:59:08,スズキ,rss,2024年5月13日,,https://www.suzuki.co.jp/ir/library/financialaffairs/#2024,
2026-08-17T04:59:08,スズキ,rss,2024年5月9日,,https://www.suzuki.co.jp/release/d/2024/0509/,
2026-08-17T04:59:08,スズキ,rss,2024年4月25日,,https://www.suzuki.co.jp/release/d/2024/0425/,
2026-08-17T04:59:08,スズキ,rss,2024年4月23日,,https://www.suzuki.co.jp/release/d/2024/0423/,
2026-08-17T04:59:08,スズキ,rss,2024年4月19日,,https://www.suzuki.co.jp/release/d/2024/0419/,
2026-08-17T04:59:08,スズキ,rss,2024年4月19日,,https://www.suzuki.co.jp/release/a/2024/0419/,
2026-08-17T04:59:08,スズキ,rss,2024年4月16日,,https://www.suzuki.co.jp/release/d/2024/0416/,
2026-08-17T04:59:08,スズキ,rss,2024年4月15日,,https://www.suzuki.co.jp/release/d/2024/0415/,
2026-08-17T04:59:08,スズキ,rss,2024年4月11日,,https://www.suzuki.co.jp/release/d/2024/0411/,
2026-08-17T04:59:08,スズキ,rss,2024年4月8日,,https://www.suzuki.co.jp/release/d/2024/0408/,
2026-08-17T04:59:08,スズキ,rss,2024年4月4日,,https://www.suzuki.co.jp/release/d/2024/0404/,
2026-08-17T04:59:08,スズキ,rss,2024年4月3日,,https://www.suzuki.co.jp/release/d/2024/0403/,
2026-08-17T04:59:08,スズキ,rss,2024年3月29日,,https://www.suzuki.co.jp/release/d/2024/0329/pdf/0329.pdf,
2026-08-17T04:59:08,スズキ,rss,2024年3月28日,,https://www.suzuki.co.jp/release/d/2024/0328/,
2026-08-17T04:59:08,スズキ,rss,2024年3月26日,,https://www.suzuki.co.jp/release/d/2024/0326/,
2026-08-17T04:59:08,スズキ,rss,2024年3月22日,,https://www.suzuki.co.jp/release/b/2024/0322/,
2026-08-17T04:59:08,スズキ,rss,2024年3月21日,,https://www.suzuki.co.jp/release/d/2024/0321/,
2026-08-17T04:59:08,スズキ,rss,2024年3月18日,,https://www.suzuki.co.jp/release/d/2024/0318/,
2026-08-17T04:59:08,スズキ,rss,2024年3月8日,,https://www.suzuki.co.jp/release/d/2024/0308/,
2026-08-17T04:59:08,スズキ,rss,2024年3月8日,,https://www.suzuki.co.jp/release/b/2024/0308/,
2026-08-17T04:59:08,スズキ,rss,2024年3月8日,,https://www.suzuki.co.jp/release/c/2024/0308/,
2026-08-17T04:59:08,スズキ,rss,2024年3月7日,,https://www.suzuki.co.jp/release/d/2024/0307/,
2026-08-17T04:59:08,スズキ,rss,2024年2月29日,,https://www.suzuki.co.jp/release/d/2024/0229/,
2026-08-17T04:59:08,スズキ,rss,2024年2月28日,,https://www.suzuki.co.jp/release/d/2024/0228/,
2026-08-17T04:59:08,スズキ,rss,2024年2月27日,,https://www.suzuki.co.jp/release/a/2024/0227/,
2026-08-17T04:59:08,スズキ,rss,2024年2月20日,,https://www.suzuki.co.jp/release/d/2024/0220/,
2026-08-17T04:59:08,スズキ,rss,2024年2月19日,,https://www.suzuki.co.jp/release/a/2024/0219/,
2026-08-17T04:59:08,スズキ,rss,2024年2月16日,,https://www.suzuki.co.jp/release/d/2024/0216a/,
2026-08-17T04:59:08,スズキ,rss,2024年2月16日,,https://www.suzuki.co.jp/release/d/2024/0216b/,
2026-08-17T04:59:08,スズキ,rss,2024年2月7日,,https://www.suzuki.co.jp/ir/library/financialaffairs/#2024,
2026-08-17T04:59:08,スズキ,rss,2024年2月7日,,https://www.suzuki.co.jp/release/d/2024/0207/,
2026-08-17T04:59:08,スズキ,rss,2024年2月6日,,https://www.suzuki.co.jp/release/d/2024/0206/,
2026-08-17T04:59:08,スズキ,rss,2024年2月1日,,https://www.suzuki.co.jp/release/d/2024/0201/,
2026-08-17T04:59:08,スズキ,rss,2024年1月30日,,https://www.suzuki.co.jp/release/d/2024/0130/,
2026-08-17T04:59:08,スズキ,rss,2024年1月26日,,https://www.suzuki.co.jp/release/d/2024/0126/,
2026-08-17T04:59:08,スズキ,rss,2024年1月18日,,https://www.suzuki.co.jp/release/b/2024/0118/,
2026-08-17T04:59:08,スズキ,rss,2024年1月10日,,https://www.suzuki.co.jp/release/d/2024/0110b/,
2026-08-17T04:59:08,スズキ,rss,2024年1月10日,,https://www.suzuki.co.jp/release/d/2024/0110a/,
2026-08-17T04:59:08,スズキ,rss,2024年1月10日,,https://www.suzuki.co.jp/release/d/2024/0110/,
2026-08-17T04:59:08,スズキ,rss,2023年12月28日,,https://www.suzuki.co.jp/release/d/2023/1228/,
2026-08-17T04:59:08,スズキ,rss,2023年12月27日,,https://www.suzuki.co.jp/release/d/2023/1227/,
2026-08-17T04:59:08,スズキ,rss,2023年12月26日,,https://www.suzuki.co.jp/release/d/2023/1226/,
2026-08-17T04:59:08,スズキ,rss,2023年12月22日,,https://www.suzuki.co.jp/release/c/2023/1222/,
2026-08-17T04:59:08,スズキ,rss,2023年12月15日,,https://www.suzuki.co.jp/release/d/2023/1215a/,
2026-08-17T04:59:08,スズキ,rss,2023年12月15日,,https://www.suzuki.co.jp/release/d/2023/1215b/,
2026-08-17T04:59:08,スズキ,rss,2023年12月13日,,https://www.suzuki.co.jp/release/d/2023/1213/,
2026-08-17T04:59:08,スズキ,rss,2023年12月13日,,https://www.suzuki.co.jp/release/a/2023/1213/,
2026-08-17T04:59:08,スズキ,rss,2023年12月8日,,https://www.suzuki.co.jp/release/a/2023/1208/,
2026-08-17T04:59:08,スズキ,rss,2023年12月7日,,https://www.suzuki.co.jp/release/a/2023/1207/,
2026-08-17T04:59:08,スズキ,rss,2023年12月6日,,https://www.suzuki.co.jp/release/d/2023/1206/,
2026-08-17T04:59:08,スズキ,rss,2023年12月6日,,https://www.suzuki.co.jp/release/a/2023/1206/,
2026-08-17T04:59:08,スズキ,rss,2023年11月29日,,https://www.suzuki.co.jp/release/d/2023/1129/,
2026-08-17T04:59:08,スズキ,rss,2023年11月28日,,https://www.suzuki.co.jp/release/d/2023/1128/,
2026-08-17T04:59:08,スズキ,rss,2023年11月24日,,https://www.suzuki.co.jp/release/d/2023/1124/,
2026-08-17T04:59:08,スズキ,rss,2023年11月22日,,https://www.suzuki.co.jp/release/d/2023/1122/,
2026-08-17T04:59:08,スズキ,rss,2023年11月20日,,https://www.suzuki.co.jp/release/a/2023/1120/,
2026-08-17T04:59:08,スズキ,rss,2023年11月14日,,https://www.suzuki.co.jp/release/d/2023/1114/,
2026-08-17T04:59:08,スズキ,rss,2023年11月13日,,https://www.suzuki.co.jp/release/a/2023/1113/,
2026-08-17T04:59:08,スズキ,rss,2023年11月10日,,https://www.suzuki.co.jp/release/d/2023/1110/,
2026-08-17T04:59:08,スズキ,rss,2023年11月9日,,https://www.suzuki.co.jp/release/a/2023/1109/,
2026-08-17T04:59:08,スズキ,rss,2023年11月7日,,https://www.suzuki.co.jp/release/b/2023/1107/,
2026-08-17T04:59:08,スズキ,rss,2023年11月7日,,https://www.suzuki.co.jp/ir/library/financialaffairs/#2024,
2026-08-17T04:59:08,スズキ,rss,2023年11月7日,,https://www.suzuki.co.jp/release/d/2023/1107/,
2026-08-17T04:59:08,スズキ,rss,2023年10月30日,,https://www.suzuki.co.jp/release/d/2023/1030/,
2026-08-17T04:59:08,スズキ,rss,2023年10月20日,,https://www.suzuki.co.jp/release/d/2023/1020/,
2026-08-17T04:59:08,スズキ,rss,2023年10月20日,,https://www.suzuki.co.jp/release/b/2023/1020/,
2026-08-17T04:59:08,スズキ,rss,2023年10月18日,,https://www.suzuki.co.jp/release/d/2023/1018/,
2026-08-17T04:59:08,スズキ,rss,2023年10月17日,,https://www.suzuki.co.jp/release/d/2023/1017a/,
2026-08-17T04:59:08,スズキ,rss,2023年10月17日,,https://www.suzuki.co.jp/release/d/2023/1017/,
2026-08-17T04:59:08,スズキ,rss,2023年10月10日,,https://www.suzuki.co.jp/release/d/2023/1010a/,
2026-08-17T04:59:08,スズキ,rss,2023年10月10日,,https://www.suzuki.co.jp/release/d/2023/1010/,
2026-08-17T04:59:08,スズキ,rss,2023年10月6日,,https://www.suzuki.co.jp/release/b/2023/1006/,
2026-08-17T04:59:08,スズキ,rss,2023年10月3日,,https://www.suzuki.co.jp/release/d/2023/1003/,
2026-08-17T04:59:08,スズキ,rss,2023年10月2日,,https://www.suzuki.co.jp/release/a/2023/1002/,
2026-08-17T04:59:08,スズキ,rss,2023年9月29日,,https://www.suzuki.co.jp/release/d/2023/0929/,
2026-08-17T04:59:08,スズキ,rss,2023年9月28日,,https://www.suzuki.co.jp/release/d/2023/0928/,
2026-08-17T04:59:08,スズキ,rss,2023年9月21日,,https://www.suzuki.co.jp/release/d/2023/0921/,
2026-08-17T04:59:08,スズキ,rss,2023年9月18日,,https://www.suzuki.co.jp/release/d/2023/0918/,
2026-08-17T04:59:08,スズキ,rss,2023年9月15日,,https://www.suzuki.co.jp/release/d/2023/0915/,
2026-08-17T04:59:08,スズキ,rss,2023年9月11日,,https://www.suzuki.co.jp/release/d/2023/0911a/,
2026-08-17T04:59:08,スズキ,rss,2023年9月11日,,https://www.suzuki.co.jp/release/d/2023/0911/,
2026-08-17T04:59:08,スズキ,rss,2023年9月8日,,https://www.suzuki.co.jp/release/d/2023/0908/,
2026-08-17T04:59:08,スズキ,rss,2023年9月6日,,https://www.suzuki.co.jp/release/d/2023/0906/,
2026-08-17T04:59:08,スズキ,rss,2023年8月30日,,https://www.suzuki.co.jp/release/d/2023/0830/,
2026-08-17T04:59:08,スズキ,rss,2023年8月10日,,https://www.suzuki.co.jp/release/d/2023/0810/,
2026-08-17T04:59:08,スズキ,rss,2023年8月8日,,https://www.suzuki.co.jp/release/d/2023/0808/,
2026-08-17T04:59:08,スズキ,rss,2023年8月8日,,https://www.suzuki.co.jp/release/b/2023/0808/,
2026-08-17T04:59:08,スズキ,rss,2023年8月4日,,https://www.suzuki.co.jp/ir/library/financialaffairs/#2024,
2026-08-17T04:59:08,スズキ,rss,2023年7月31日,,https://www.suzuki.co.jp/release/d/2023/0731a/,
2026-08-17T04:59:08,スズキ,rss,2023年7月31日,,https://www.suzuki.co.jp/release/d/2023/0731/,
2026-08-17T04:59:08,スズキ,rss,2023年7月28日,,https://www.suzuki.co.jp/release/d/2023/0728/,
2026-08-17T04:59:08,スズキ,rss,2023年7月19日,,https://www.suzuki.co.jp/release/d/2023/0719/,
2026-08-17T04:59:08,スズキ,rss,2023年7月13日,,https://www.suzuki.co.jp/release/d/2023/0713/,
2026-08-17T04:59:08,スズキ,rss,2023年7月12日,,https://www.suzuki.co.jp/release/a/2023/0712/,
2026-08-17T04:59:08,スズキ,rss,2023年7月3日,,https://www.suzuki.co.jp/release/a/2023/0703/,
2026-08-17T04:59:08,スズキ,rss,2023年6月30日,,https://www.suzuki.co.jp/release/b/2023/0630a/,
2026-08-17T04:59:08,スズキ,rss,2023年6月30日,,https://www.suzuki.co.jp/release/b/2023/0630b/,
2026-08-17T04:59:08,スズキ,rss,2023年6月29日,,https://www.suzuki.co.jp/release/d/2023/0629/,
2026-08-17T04:59:08,スズキ,rss,2023年6月23日,,https://www.suzuki.co.jp/release/d/2023/0623/,
2026-08-17T04:59:08,スズキ,rss,2023年6月20日,,https://www.suzuki.co.jp/release/d/2023/0620a/,
2026-08-17T04:59:08,スズキ,rss,2023年6月20日,,https://www.suzuki.co.jp/release/d/2023/0620/,
2026-08-17T04:59:08,スズキ,rss,2023年6月13日,,https://www.suzuki.co.jp/release/d/2023/0613/,
2026-08-17T04:59:08,スズキ,rss,2023年6月2日,,https://www.suzuki.co.jp/release/d/2023/0602/,
2026-08-17T04:59:08,スズキ,rss,2023年5月30日,,https://www.suzuki.co.jp/release/d/2023/0530/,
2026-08-17T04:59:08,スズキ,rss,2023年5月23日,,https://www.suzuki.co.jp/release/d/2023/0523/,
2026-08-17T04:59:08,スズキ,rss,2023年5月17日,,https://www.suzuki.co.jp/release/a/2023/0517/,
2026-08-17T04:59:08,スズキ,rss,2023年5月17日,,https://www.suzuki.co.jp/release/d/2023/0517/,
2026-08-17T04:59:08,スズキ,rss,2023年5月16日,,https://www.suzuki.co.jp/release/d/2023/0516/,
2026-08-17T04:59:08,スズキ,rss,2023年5月15日,,https://www.suzuki.co.jp/release/d/2023/0515a/,
2026-08-17T04:59:08,スズキ,rss,2023年5月15日,,https://www.suzuki.co.jp/release/d/2023/0515/,
2026-08-17T04:59:08,スズキ,rss,2023年5月10日,,https://www.suzuki.co.jp/release/a/2023/0510/,
2026-08-17T04:59:08,スズキ,rss,2023年4月27日,,https://www.suzuki.co.jp/release/d/2023/0427/,
2026-08-17T04:59:08,スズキ,rss,2023年4月14日,,https://www.suzuki.co.jp/release/d/2023/0414/,
2026-08-17T04:59:08,スズキ,rss,2023年4月12日,,https://www.suzuki.co.jp/release/d/2023/0412/,
2026-08-17T04:59:08,スズキ,rss,2023年4月11日,,https://www.suzuki.co.jp/release/d/2023/0411/,
2026-08-17T04:59:08,スズキ,rss,2023年4月6日,,https://www.suzuki.co.jp/release/d/2023/0406/,
2026-08-17T04:59:08,スズキ,rss,2023年4月5日,,https://www.suzuki.co.jp/release/d/2023/0405/,
2026-08-17T04:59:08,スズキ,rss,2023年3月30日,,https://www.suzuki.co.jp/release/d/2023/0330a/,
2026-08-17T04:59:08,スズキ,rss,2023年3月30日,,https://www.suzuki.co.jp/release/d/2023/0330/,
2026-08-17T04:59:08,スズキ,rss,2023年3月29日,,https://www.suzuki.co.jp/release/d/2023/0329/,
2026-08-17T04:59:08,スズキ,rss,2023年3月29日,,https://www.suzuki.co.jp/release/b/2023/0329/,
2026-08-17T04:59:08,スズキ,rss,2023年3月22日,,https://www.suzuki.co.jp/release/d/2023/0322a/,
2026-08-17T04:59:08,スズキ,rss,2023年3月22日,,https://www.suzuki.co.jp/release/d/2023/0322/,
2026-08-17T04:59:08,スズキ,rss,2023年3月17日,,https://www.suzuki.co.jp/release/b/2023/0317a/,
2026-08-17T04:59:08,スズキ,rss,2023年3月17日,,https://www.suzuki.co.jp/release/b/2023/0317b/,
2026-08-17T04:59:08,スズキ,rss,2023年3月16日,,https://www.suzuki.co.jp/release/d/2023/0316/,
2026-08-17T04:59:08,スズキ,rss,2023年3月10日,,https://www.suzuki.co.jp/release/b/2023/0310/,
2026-08-17T04:59:08,スズキ,rss,2023年3月6日,,https://www.suzuki.co.jp/release/d/2023/0306/,
2026-08-17T04:59:08,スズキ,rss,2023年3月3日,,https://www.suzuki.co.jp/release/c/2023/0303/,
2026-08-17T04:59:08,スズキ,rss,2023年2月27日,,https://www.suzuki.co.jp/release/d/2023/0227/,
2026-08-17T04:59:08,スズキ,rss,2023年2月24日,,https://www.suzuki.co.jp/release/d/2023/0224/,
2026-08-17T04:59:08,スズキ,rss,2023年2月21日,,https://www.suzuki.co.jp/release/b/2023/0221/,
2026-08-17T04:59:08,スズキ,rss,2023年2月17日,,https://www.suzuki.co.jp/release/d/2023/0217a/,
2026-08-17T04:59:08,スズキ,rss,2023年2月17日,,https://www.suzuki.co.jp/release/d/2023/0217b/,
2026-08-17T04:59:08,スズキ,rss,2023年2月16日,,https://www.suzuki.co.jp/release/d/2023/0216a/,
2026-08-17T04:59:08,スズキ,rss,2023年2月16日,,https://www.suzuki.co.jp/release/d/2023/0216/,
2026-08-17T04:59:08,スズキ,rss,2023年2月10日,,https://www.suzuki.co.jp/release/d/2023/0210/,
2026-08-17T04:59:08,スズキ,rss,2023年2月7日,,https://www.suzuki.co.jp/release/d/2023/0207a/,
2026-08-17T04:59:08,スズキ,rss,2023年2月7日,,https://www.suzuki.co.jp/release/d/2023/0207b/,
2026-08-17T04:59:08,スズキ,rss,2023年2月6日,,https://www.suzuki.co.jp/release/d/2023/0206/,
2026-08-17T04:59:08,スズキ,rss,2023年2月1日,,https://www.suzuki.co.jp/release/a/2023/0201/,
2026-08-17T04:59:08,スズキ,rss,2023年1月31日,,https://www.suzuki.co.jp/release/d/2023/0131/,
2026-08-17T04:59:08,スズキ,rss,2023年1月30日,,https://www.suzuki.co.jp/release/d/2023/0130b/,
2026-08-17T04:59:08,スズキ,rss,2023年1月30日,,https://www.suzuki.co.jp/release/d/2023/0130a/,
2026-08-17T04:59:08,スズキ,rss,2023年1月27日,,https://www.suzuki.co.jp/release/d/2023/0127/,
2026-08-17T04:59:08,スズキ,rss,2023年1月26日,,https://www.suzuki.co.jp/release/d/2023/0126/,
2026-08-17T04:59:08,スズキ,rss,2023年1月17日,,https://www.suzuki.co.jp/release/d/2023/0117/,
2026-08-17T04:59:08,スズキ,rss,2023年1月12日,,https://www.suzuki.co.jp/release/d/2023/0112/,
2026-08-17T04:59:08,スズキ,rss,2023年1月11日,,https://www.suzuki.co.jp/release/d/2023/0111/,
2026-08-17T04:59:08,スズキ,rss,2023年1月10日,,https://www.suzuki.co.jp/release/d/2023/0110/,
2026-08-17T04:59:08,スズキ,rss,2022年12月28日,,https://www.suzuki.co.jp/release/d/2022/1228/,
2026-08-17T04:59:08,スズキ,rss,2022年12月26日,,https://www.suzuki.co.jp/release/d/2022/1226/,
2026-08-17T04:59:08,スズキ,rss,2022年12月26日,,https://www.suzuki.co.jp/release/c/2022/1226/,
2026-08-17T04:59:08,スズキ,rss,2022年12月23日,,https://www.suzuki.co.jp/release/d/2022/1223a/,
2026-08-17T04:59:08,スズキ,rss,2022年12月23日,,https://www.suzuki.co.jp/release/d/2022/1223/,
2026-08-17T04:59:08,スズキ,rss,2022年12月23日,,https://www.suzuki.co.jp/release/a/2022/1223/,
2026-08-17T04:59:08,スズキ,rss,2022年12月15日,,https://www.suzuki.co.jp/release/a/2022/1215/,
2026-08-17T04:59:08,スズキ,rss,2022年12月12日,,https://www.suzuki.co.jp/release/d/2022/1212/,
2026-08-17T04:59:08,スズキ,rss,2022年12月1日,,https://www.suzuki.co.jp/release/d/2022/1201/,
2026-08-17T04:59:08,スズキ,rss,2022年11月29日,,https://www.suzuki.co.jp/release/d/2022/1129/,
2026-08-17T04:59:08,スズキ,rss,2022年11月10日,,https://www.suzuki.co.jp/release/d/2022/1110/,
2026-08-17T04:59:08,スズキ,rss,2022年11月8日,,https://www.suzuki.co.jp/release/b/2022/1108a/,
2026-08-17T04:59:08,スズキ,rss,2022年11月8日,,https://www.suzuki.co.jp/release/d/2022/1108/,
2026-08-17T04:59:08,スズキ,rss,2022年11月8日,,https://www.suzuki.co.jp/release/b/2022/1108/,
2026-08-17T04:59:08,スズキ,rss,2022年11月7日,,https://www.suzuki.co.jp/release/b/2022/1107/,
2026-08-17T04:59:08,スズキ,rss,2022年11月2日,,https://www.suzuki.co.jp/release/c/2022/1102/,
2026-08-17T04:59:08,スズキ,rss,2022年10月28日,,https://www.suzuki.co.jp/release/d/2022/1028a/,
2026-08-17T04:59:08,スズキ,rss,2022年10月28日,,https://www.suzuki.co.jp/release/d/2022/1028/,
2026-08-17T04:59:08,スズキ,rss,2022年10月25日,,https://www.suzuki.co.jp/release/d/2022/1025/,
2026-08-17T04:59:08,スズキ,rss,2022年10月21日,,https://www.suzuki.co.jp/release/d/2022/1021/,
2026-08-17T04:59:08,スズキ,rss,2022年10月17日,,https://www.suzuki.co.jp/release/b/2022/1017/,
2026-08-17T04:59:08,スズキ,rss,2022年10月13日,,https://www.suzuki.co.jp/release/b/2022/1013/,
2026-08-17T04:59:08,スズキ,rss,2022年10月11日,,https://www.suzuki.co.jp/release/d/2022/1011a/,
2026-08-17T04:59:08,スズキ,rss,2022年10月11日,,https://www.suzuki.co.jp/release/d/2022/1011/,
2026-08-17T04:59:08,スズキ,rss,2022年10月4日,,https://www.suzuki.co.jp/release/b/2022/1004/,
2026-08-17T04:59:08,スズキ,rss,2022年10月4日,,https://www.suzuki.co.jp/release/d/2022/1004/,
2026-08-17T04:59:08,スズキ,rss,2022年9月29日,,https://www.suzuki.co.jp/release/d/2022/0929/,
2026-08-17T04:59:08,スズキ,rss,2022年9月26日,,https://www.suzuki.co.jp/release/d/2022/0926/,
2026-08-17T04:59:08,スズキ,rss,2022年9月21日,,https://www.suzuki.co.jp/release/d/2022/0921/,
2026-08-17T04:59:08,スズキ,rss,2022年9月20日,,https://www.suzuki.co.jp/release/d/2022/0920/,
2026-08-17T04:59:08,スズキ,rss,2022年9月14日,,https://www.suzuki.co.jp/release/d/2022/0914/,
2026-08-17T04:59:08,スズキ,rss,2022年9月12日,,https://www.suzuki.co.jp/release/d/2022/0912/,
2026-08-17T04:59:08,スズキ,rss,2022年9月7日,,https://www.suzuki.co.jp/release/d/2022/0907/,
2026-08-17T04:59:08,スズキ,rss,2022年9月5日,,https://www.suzuki.co.jp/release/b/2022/0905/,
2026-08-17T04:59:08,スズキ,rss,2022年8月31日,,https://www.suzuki.co.jp/release/d/2022/0831b/,
2026-08-17T04:59:08,スズキ,rss,2022年8月31日,,https://www.suzuki.co.jp/release/d/2022/0831a/,
2026-08-17T04:59:08,スズキ,rss,2022年8月31日,,https://www.suzuki.co.jp/release/d/2022/0831/,
2026-08-17T04:59:08,スズキ,rss,2022年8月30日,,https://www.suzuki.co.jp/release/d/2022/0830/,
2026-08-17T04:59:08,スズキ,rss,2022年8月29日,,https://www.suzuki.co.jp/release/d/2022/0829/,
2026-08-17T04:59:08,スズキ,rss,2022年8月28日,,https://www.suzuki.co.jp/release/d/2022/0828a/,
2026-08-17T04:59:08,スズキ,rss,2022年8月28日,,https://www.suzuki.co.jp/release/d/2022/0828b/,
2026-08-17T04:59:08,スズキ,rss,2022年8月26日,,https://www.suzuki.co.jp/release/a/2022/0826/,
2026-08-17T04:59:08,スズキ,rss,2022年8月25日,,https://www.suzuki.co.jp/release/d/2022/0825/,
2026-08-17T04:59:08,スズキ,rss,2022年8月23日,,https://www.suzuki.co.jp/release/d/2022/0823/,
2026-08-17T04:59:08,スズキ,rss,2022年8月22日,,https://www.suzuki.co.jp/release/d/2022/0822a/,
2026-08-17T04:59:08,スズキ,rss,2022年8月22日,,https://www.suzuki.co.jp/release/d/2022/0822b/,
2026-08-17T04:59:08,スズキ,rss,2022年8月5日,,https://www.suzuki.co.jp/release/d/2022/0805/,
2026-08-17T04:59:08,スズキ,rss,2022年8月2日,,https://www.suzuki.co.jp/release/a/2022/0802/,
2026-08-17T04:59:08,スズキ,rss,2022年7月29日,,https://www.suzuki.co.jp/release/d/2022/0729/,
2026-08-17T04:59:08,スズキ,rss,2022年7月28日,,https://www.suzuki.co.jp/release/d/2022/0728/,
2026-08-17T04:59:08,スズキ,rss,2022年7月28日,,https://www.suzuki.co.jp/release/a/2022/0728/,
2026-08-17T04:59:08,スズキ,rss,2022年7月22日,,https://www.suzuki.co.jp/release/c/2022/0722/,
2026-08-17T04:59:08,スズキ,rss,2022年7月20日,,https://www.suzuki.co.jp/release/d/2022/0720a/,
2026-08-17T04:59:08,スズキ,rss,2022年7月20日,,https://www.suzuki.co.jp/release/d/2022/0720/,
2026-08-17T04:59:08,スズキ,rss,2022年7月19日,,https://www.suzuki.co.jp/release/d/2022/0719/,
2026-08-17T04:59:08,スズキ,rss,2022年7月13日,,https://www.suzuki.co.jp/release/b/2022/0713/,
2026-08-17T04:59:08,スズキ,rss,2022年7月13日,,https://www.suzuki.co.jp/release/a/2022/0713/,
2026-08-17T04:59:08,スズキ,rss,2022年6月30日,,https://www.suzuki.co.jp/release/d/2022/0630/,
2026-08-17T04:59:08,スズキ,rss,2022年6月29日,,https://www.suzuki.co.jp/release/d/2022/0629a/,
2026-08-17T04:59:08,スズキ,rss,2022年6月29日,,https://www.suzuki.co.jp/release/d/2022/0629/,
2026-08-17T04:59:08,スズキ,rss,2022年6月24日,,https://www.suzuki.co.jp/release/d/2022/0624/,
2026-08-17T04:59:08,スズキ,rss,2022年6月20日,,https://www.suzuki.co.jp/release/a/2022/0620/,
2026-08-17T04:59:08,スズキ,rss,2022年6月20日,,https://www.suzuki.co.jp/release/d/2022/0620/,
2026-08-17T04:59:08,スズキ,rss,2022年6月17日,,https://www.suzuki.co.jp/release/a/2022/0617/,
2026-08-17T04:59:08,スズキ,rss,2022年6月16日,,https://www.suzuki.co.jp/release/d/2022/0616/,
2026-08-17T04:59:08,スズキ,rss,2022年6月3日,,https://www.suzuki.co.jp/release/d/2022/0603/,
2026-08-17T04:59:08,スズキ,rss,2022年6月2日,,https://www.suzuki.co.jp/release/d/2022/0602a/,
2026-08-17T04:59:08,スズキ,rss,2022年6月2日,,https://www.suzuki.co.jp/release/d/2022/0602/,
2026-08-17T04:59:08,スズキ,rss,2022年6月1日,,https://www.suzuki.co.jp/release/d/2022/0601/,
2026-08-17T04:59:08,スズキ,rss,2022年5月30日,,https://www.suzuki.co.jp/release/d/2022/0530/,
2026-08-17T04:59:08,スズキ,rss,2022年5月23日,,https://www.suzuki.co.jp/release/d/2022/0523/,
2026-08-17T04:59:08,スズキ,rss,2022年5月20日,,https://www.suzuki.co.jp/release/d/2022/0520/,
2026-08-17T04:59:08,スズキ,rss,2022年5月16日,,https://www.suzuki.co.jp/release/d/2022/0516/,
2026-08-17T04:59:08,スズキ,rss,2022年5月12日,,https://www.suzuki.co.jp/release/b/2022/0512/,
2026-08-17T04:59:08,スズキ,rss,2022年5月11日,,https://www.suzuki.co.jp/release/d/2022/0511/,
2026-08-17T04:59:08,スズキ,rss,2022年5月9日,,https://www.suzuki.co.jp/release/a/2022/0509/,
2026-08-17T04:59:08,スズキ,rss,2022年5月9日,,https://www.suzuki.co.jp/release/d/2022/0509/,
2026-08-17T04:59:08,スズキ,rss,2022年4月28日,,https://www.suzuki.co.jp/release/d/2022/0428a/,
2026-08-17T04:59:08,スズキ,rss,2022年4月28日,,https://www.suzuki.co.jp/release/d/2022/0428/,
2026-08-17T04:59:08,スズキ,rss,2022年4月27日,,https://www.suzuki.co.jp/release/d/2022/0427/,
2026-08-17T04:59:08,スズキ,rss,2022年4月21日,,https://www.suzuki.co.jp/release/d/2022/0421/,
2026-08-17T04:59:08,スズキ,rss,2022年4月21日,,https://www.suzuki.co.jp/release/a/2022/0421/,
2026-08-17T04:59:08,スズキ,rss,2022年4月19日,,https://www.suzuki.co.jp/release/b/2022/0419/,
2026-08-17T04:59:08,スズキ,rss,2022年4月7日,,https://www.suzuki.co.jp/release/a/2022/0407a/,
2026-08-17T04:59:08,スズキ,rss,2022年4月7日,,https://www.suzuki.co.jp/release/a/2022/0407b/,
2026-08-17T04:59:08,スズキ,rss,2022年3月31日,,https://www.suzuki.co.jp/release/d/2022/0331/,
2026-08-17T04:59:08,スズキ,rss,2022年3月30日,,https://www.suzuki.co.jp/release/d/2022/0330b/,
2026-08-17T04:59:08,スズキ,rss,2022年3月30日,,https://www.suzuki.co.jp/release/d/2022/0330a/,
2026-08-17T04:59:08,スズキ,rss,2022年3月30日,,https://www.suzuki.co.jp/release/d/2022/0330/,
2026-08-17T04:59:08,スズキ,rss,2022年3月24日,,https://www.suzuki.co.jp/release/d/2022/0324a/,
2026-08-17T04:59:08,スズキ,rss,2022年3月24日,,https://www.suzuki.co.jp/release/d/2022/0324b/,
2026-08-17T04:59:08,スズキ,rss,2022年3月24日,,https://www.suzuki.co.jp/release/c/2022/0324/,
2026-08-17T04:59:08,スズキ,rss,2022年3月22日,,https://www.suzuki.co.jp/release/d/2022/0322/,
2026-08-17T04:59:08,スズキ,rss,2022年3月20日,,https://www.suzuki.co.jp/release/d/2022/0320/,
2026-08-17T04:59:08,スズキ,rss,2022年3月18日,,https://www.suzuki.co.jp/release/d/2022/0318/,
2026-08-17T04:59:08,スズキ,rss,2022年3月16日,,https://www.suzuki.co.jp/release/d/2022/0316/,
2026-08-17T04:59:08,スズキ,rss,2022年3月11日,,https://www.suzuki.co.jp/release/d/2022/0311/,
2026-08-17T04:59:08,スズキ,rss,2022年3月11日,,https://www.suzuki.co.jp/release/b/2022/0311/,
2026-08-17T04:59:08,スズキ,rss,2022年3月4日,,https://www.suzuki.co.jp/release/d/2022/0304/,
2026-08-17T04:59:08,スズキ,rss,2022年2月25日,,https://www.suzuki.co.jp/release/d/2022/0225/,
2026-08-17T04:59:08,スズキ,rss,2022年2月24日,,https://www.suzuki.co.jp/release/d/2022/0224/,
2026-08-17T04:59:08,スズキ,rss,2022年2月18日,,https://www.suzuki.co.jp/release/d/2022/0218a/,
2026-08-17T04:59:08,スズキ,rss,2022年2月18日,,https://www.suzuki.co.jp/release/d/2022/0218b/,
2026-08-17T04:59:08,スズキ,rss,2022年2月17日,,https://www.suzuki.co.jp/release/c/2022/0217/,
2026-08-17T04:59:08,スズキ,rss,2022年2月8日,,https://www.suzuki.co.jp/release/b/2022/0208/,
2026-08-17T04:59:08,スズキ,rss,2022年2月4日,,https://www.suzuki.co.jp/release/d/2022/0204/,
2026-08-17T04:59:08,スズキ,rss,2022年2月1日,,https://www.suzuki.co.jp/release/d/2022/0201/,
2026-08-17T04:59:08,スズキ,rss,2022年1月31日,,https://www.suzuki.co.jp/release/d/2022/0131/,
2026-08-17T04:59:08,スズキ,rss,2022年1月28日,,https://www.suzuki.co.jp/release/d/2022/0128/,
2026-08-17T04:59:08,スズキ,rss,2022年1月27日,,https://www.suzuki.co.jp/release/d/2022/0127/,
2026-08-17T04:59:08,スズキ,rss,2022年1月26日,,https://www.suzuki.co.jp/release/d/2022/0126a/,
2026-08-17T04:59:08,スズキ,rss,2022年1月26日,,https://www.suzuki.co.jp/release/a/2022/0126/,
2026-08-17T04:59:08,スズキ,rss,2022年1月26日,,https://www.suzuki.co.jp/release/d/2022/0126/,
2026-08-17T04:59:08,スズキ,rss,2022年1月21日,,https://www.suzuki.co.jp/release/d/2022/0121/,
2026-08-17T04:59:08,スズキ,rss,2021年12月27日,,https://www.suzuki.co.jp/release/d/2021/1227/,
2026-08-17T04:59:08,スズキ,rss,2021年12月24日,,https://www.suzuki.co.jp/release/d/2021/1224/,
2026-08-17T04:59:08,スズキ,rss,2021年12月23日,,https://www.suzuki.co.jp/release/d/2021/1223/,
2026-08-17T04:59:08,スズキ,rss,2021年12月10日,,https://www.suzuki.co.jp/release/a/2021/1210/,
2026-08-17T04:59:08,スズキ,rss,2021年12月7日,,https://www.suzuki.co.jp/release/d/2021/1207/,
2026-08-17T04:59:08,スズキ,rss,2021年12月3日,,https://www.suzuki.co.jp/release/d/2021/1203a/,
2026-08-17T04:59:08,スズキ,rss,2021年12月3日,,https://www.suzuki.co.jp/release/d/2021/1203/,
2026-08-17T04:59:08,スズキ,rss,2021年12月3日,,https://www.suzuki.co.jp/release/a/2021/1203b/,
2026-08-17T04:59:08,スズキ,rss,2021年12月3日,,https://www.suzuki.co.jp/release/a/2021/1203a/,
2026-08-17T04:59:08,スズキ,rss,2021年11月30日,,https://www.suzuki.co.jp/release/d/2021/1130/,
2026-08-17T04:59:08,スズキ,rss,2021年11月29日,,https://www.suzuki.co.jp/release/d/2021/1129/,
2026-08-17T04:59:08,スズキ,rss,2021年11月26日,,https://www.suzuki.co.jp/release/d/2021/1126/,
2026-08-17T04:59:08,スズキ,rss,2021年11月25日,,https://www.suzuki.co.jp/release/d/2021/1125/,
2026-08-17T04:59:08,スズキ,rss,2021年11月24日,,https://www.suzuki.co.jp/release/d/2021/1124/,
2026-08-17T04:59:08,スズキ,rss,2021年11月16日,,https://www.suzuki.co.jp/release/d/2021/1116/,
2026-08-17T04:59:08,スズキ,rss,2021年11月11日,,https://www.suzuki.co.jp/release/d/2021/1111a/,
2026-08-17T04:59:08,スズキ,rss,2021年11月11日,,https://www.suzuki.co.jp/release/d/2021/1111/,
2026-08-17T04:59:08,スズキ,rss,2021年11月10日,,https://www.suzuki.co.jp/release/d/2021/1110/,
2026-08-17T04:59:08,スズキ,rss,2021年11月1日,,https://www.suzuki.co.jp/release/d/2021/1101/,
2026-08-17T04:59:08,スズキ,rss,2021年10月29日,,https://www.suzuki.co.jp/release/d/2021/1029/,
2026-08-17T04:59:08,スズキ,rss,2021年10月28日,,https://www.suzuki.co.jp/release/d/2021/1028/,
2026-08-17T04:59:08,スズキ,rss,2021年10月22日,,https://www.suzuki.co.jp/release/d/2021/1022/,
2026-08-17T04:59:08,スズキ,rss,2021年10月12日,,https://www.suzuki.co.jp/release/d/2021/1012/,
2026-08-17T04:59:08,スズキ,rss,2021年10月11日,,https://www.suzuki.co.jp/release/b/2021/1011/,
2026-08-17T04:59:08,スズキ,rss,2021年9月30日,,https://www.suzuki.co.jp/release/d/2021/0930/,
2026-08-17T04:59:08,スズキ,rss,2021年9月29日,,https://www.suzuki.co.jp/release/d/2021/0929/,
2026-08-17T04:59:08,スズキ,rss,2021年9月27日,,https://www.suzuki.co.jp/release/d/2021/0927/,
2026-08-17T04:59:08,スズキ,rss,2021年9月22日,,https://www.suzuki.co.jp/release/b/2021/0922/,
2026-08-17T04:59:08,スズキ,rss,2021年9月21日,,https://www.suzuki.co.jp/release/b/2021/0921/,
2026-08-17T04:59:08,スズキ,rss,2021年9月17日,,https://www.suzuki.co.jp/release/d/2021/0917/,
2026-08-17T04:59:08,スズキ,rss,2021年9月16日,,https://www.suzuki.co.jp/release/a/2021/0916/,
2026-08-17T04:59:08,スズキ,rss,2021年9月13日,,https://www.suzuki.co.jp/release/d/2021/0913/,
2026-08-17T04:59:08,スズキ,rss,2021年9月7日,,https://www.suzuki.co.jp/release/c/2021/0907/,
2026-08-17T04:59:08,スズキ,rss,2021年9月7日,,https://www.suzuki.co.jp/release/a/2021/0907/,
2026-08-17T04:59:08,スズキ,rss,2021年9月2日,,https://www.suzuki.co.jp/release/d/2021/0902/,
2026-08-17T04:59:08,スズキ,rss,2021年9月1日,,https://www.suzuki.co.jp/release/a/2021/0901/,
2026-08-17T04:59:08,スズキ,rss,2021年8月30日,,https://www.suzuki.co.jp/release/d/2021/0830a/,
2026-08-17T04:59:08,スズキ,rss,2021年8月30日,,https://www.suzuki.co.jp/release/d/2021/0830/,
2026-08-17T04:59:08,スズキ,rss,2021年8月27日,,https://www.suzuki.co.jp/release/a/2021/0827/,
2026-08-17T04:59:08,スズキ,rss,2021年8月5日,,https://www.suzuki.co.jp/release/d/2021/0805/,
2026-08-17T04:59:08,スズキ,rss,2021年8月2日,,https://www.suzuki.co.jp/release/a/2021/0802/,
2026-08-17T04:59:08,スズキ,rss,2021年7月29日,,https://www.suzuki.co.jp/release/d/2021/0729/,
2026-08-17T04:59:08,スズキ,rss,2021年7月21日,,https://www.suzuki.co.jp/release/d/2021/0721/,
2026-08-17T04:59:08,スズキ,rss,2021年7月21日,,https://www.suzuki.co.jp/release/b/2021/0721/,
2026-08-17T04:59:08,スズキ,rss,2021年7月18日,,https://www.suzuki.co.jp/release/d/2021/0718/,
2026-08-17T04:59:08,スズキ,rss,2021年7月7日,,https://www.suzuki.co.jp/release/d/2021/0707/,
2026-08-17T04:59:08,スズキ,rss,2021年6月29日,,https://www.suzuki.co.jp/release/d/2021/0629a/,
2026-08-17T04:59:08,スズキ,rss,2021年6月29日,,https://www.suzuki.co.jp/release/d/2021/0629/,
2026-08-17T04:59:08,スズキ,rss,2021年6月25日,,https://www.suzuki.co.jp/release/d/2021/0625/,
2026-08-17T04:59:08,スズキ,rss,2021年6月21日,,https://www.suzuki.co.jp/release/c/2021/0621/,
2026-08-17T04:59:08,スズキ,rss,2021年6月21日,,https://www.suzuki.co.jp/release/d/2021/0621/,
2026-08-17T04:59:08,スズキ,rss,2021年6月15日,,https://www.suzuki.co.jp/release/b/2021/0615/,
2026-08-17T04:59:08,スズキ,rss,2021年5月28日,,https://www.suzuki.co.jp/release/d/2021/0528/,
2026-08-17T04:59:08,スズキ,rss,2021年5月25日,,https://www.suzuki.co.jp/release/c/2021/0525/,
2026-08-17T04:59:08,スズキ,rss,2021年5月13日,,https://www.suzuki.co.jp/release/d/2021/0513/,
2026-08-17T04:59:08,スズキ,rss,2021年5月11日,,https://www.suzuki.co.jp/release/d/2021/0511/,
2026-08-17T04:59:08,スズキ,rss,2021年4月28日,,https://www.suzuki.co.jp/release/d/2021/0428/,
2026-08-17T04:59:08,スズキ,rss,2021年4月27日,,https://www.suzuki.co.jp/release/d/2021/0427/,
2026-08-17T04:59:08,スズキ,rss,2021年4月27日,,https://www.suzuki.co.jp/release/b/2021/0427/,
2026-08-17T04:59:08,スズキ,rss,2021年4月26日,,https://www.suzuki.co.jp/release/b/2021/0426/,
2026-08-17T04:59:08,スズキ,rss,2021年4月6日,,https://www.suzuki.co.jp/release/a/2021/0406/,
2026-08-17T04:59:08,スズキ,rss,2021年4月2日,,https://www.suzuki.co.jp/release/d/2021/0402/,
2026-08-17T04:59:08,スズキ,rss,2021年3月30日,,https://www.suzuki.co.jp/release/d/2021/0330/,
2026-08-17T04:59:08,スズキ,rss,2021年3月30日,,https://www.suzuki.co.jp/release/d/2021/0330a/,
2026-08-17T04:59:08,スズキ,rss,2021年3月26日,,https://www.suzuki.co.jp/release/b/2021/0326/,
2026-08-17T04:59:08,スズキ,rss,2021年3月22日,,https://www.suzuki.co.jp/release/c/2021/0322/,
2026-08-17T04:59:08,スズキ,rss,2021年3月19日,,https://www.suzuki.co.jp/release/b/2021/0319/,
2026-08-17T04:59:08,スズキ,rss,2021年3月8日,,https://www.suzuki.co.jp/release/b/2021/0308/,
2026-08-17T04:59:08,スズキ,rss,2021年3月1日,,https://www.suzuki.co.jp/release/d/2021/0301/,
2026-08-17T04:59:08,スズキ,rss,2021年2月25日,,https://www.suzuki.co.jp/release/d/2021/0225/,
2026-08-17T04:59:08,スズキ,rss,2021年2月24日,,https://www.suzuki.co.jp/release/d/2021/0224a/,
2026-08-17T04:59:08,スズキ,rss,2021年2月24日,,https://www.suzuki.co.jp/release/d/2021/0224b/,
2026-08-17T04:59:08,スズキ,rss,2021年2月19日,,https://www.suzuki.co.jp/release/d/2021/0219b/,
2026-08-17T04:59:08,スズキ,rss,2021年2月19日,,https://www.suzuki.co.jp/release/d/2021/0219a/,
2026-08-17T04:59:08,スズキ,rss,2021年2月5日,,https://www.suzuki.co.jp/release/b/2021/0205/,
2026-08-17T04:59:08,スズキ,rss,2021年2月5日,,https://www.suzuki.co.jp/release/d/2021/0205/,
2026-08-17T04:59:08,スズキ,rss,2021年2月2日,,https://www.suzuki.co.jp/release/d/2021/0202/,
2026-08-17T04:59:08,スズキ,rss,2021年1月29日,,https://www.suzuki.co.jp/release/d/2021/0129/,
2026-08-17T04:59:08,スズキ,rss,2021年1月28日,,https://www.suzuki.co.jp/release/d/2021/0128/,
2026-08-17T04:59:08,スズキ,rss,2021年1月20日,,https://www.suzuki.co.jp/release/d/2021/0120/,
2026-08-17T04:59:08,スズキ,rss,2020年12月29日,,https://www.suzuki.co.jp/release/d/2020/1229/,
2026-08-17T04:59:08,スズキ,rss,2020年12月28日,,https://www.suzuki.co.jp/release/d/2020/1228/,
2026-08-17T04:59:08,スズキ,rss,2020年12月25日,,https://www.suzuki.co.jp/release/d/2020/1225/,
2026-08-17T04:59:08,スズキ,rss,2020年12月24日,,https://www.suzuki.co.jp/release/b/2020/1224/,
2026-08-17T04:59:08,スズキ,rss,2020年12月24日,,https://www.suzuki.co.jp/release/d/2020/1224/,
2026-08-17T04:59:08,スズキ,rss,2020年11月30日,,https://www.suzuki.co.jp/release/d/2020/1130/,
2026-08-17T04:59:08,スズキ,rss,2020年11月27日,,https://www.suzuki.co.jp/release/d/2020/1127a/,
2026-08-17T04:59:08,スズキ,rss,2020年11月27日,,https://www.suzuki.co.jp/release/d/2020/1127/,
2026-08-17T04:59:08,スズキ,rss,2020年11月25日,,https://www.suzuki.co.jp/release/a/2020/1125/,
2026-08-17T04:59:08,スズキ,rss,2020年11月24日,,https://www.suzuki.co.jp/release/a/2020/1124/,
2026-08-17T04:59:08,スズキ,rss,2020年11月19日,,https://www.suzuki.co.jp/release/d/2020/1119/,
2026-08-17T04:59:08,スズキ,rss,2020年11月18日,,https://www.suzuki.co.jp/release/d/2020/1118/,
2026-08-17T04:59:08,スズキ,rss,2020年11月17日,,https://www.suzuki.co.jp/release/a/2020/1117/,
2026-08-17T04:59:08,スズキ,rss,2020年11月16日,,https://www.suzuki.co.jp/release/b/2020/1116/,
2026-08-17T04:59:08,スズキ,rss,2020年11月13日,,https://www.suzuki.co.jp/release/c/2020/1113/,
2026-08-17T04:59:08,スズキ,rss,2020年11月9日,,https://www.suzuki.co.jp/release/d/2020/1109/,
2026-08-17T04:59:08,スズキ,rss,2020年11月9日,,https://www.suzuki.co.jp/release/b/2020/1109/,
2026-08-17T04:59:08,スズキ,rss,2020年11月6日,,https://www.suzuki.co.jp/release/a/2020/1106/,
2026-08-17T04:59:08,スズキ,rss,2020年11月5日,,https://www.suzuki.co.jp/release/d/2020/1105/,
2026-08-17T04:59:08,スズキ,rss,2020年11月4日,,https://www.suzuki.co.jp/release/b/2020/1104/,
2026-08-17T04:59:08,スズキ,rss,2020年10月29日,,https://www.suzuki.co.jp/release/d/2020/1029/,
2026-08-17T04:59:08,スズキ,rss,2020年10月22日,,https://www.suzuki.co.jp/release/d/2020/1022/,
2026-08-17T04:59:08,スズキ,rss,2020年10月19日,,https://www.suzuki.co.jp/release/b/2020/1019/,
2026-08-17T04:59:08,スズキ,rss,2020年10月15日,,https://www.suzuki.co.jp/release/a/2020/1015/,
2026-08-17T04:59:08,スズキ,rss,2020年10月14日,,https://www.suzuki.co.jp/release/a/2020/1014/,
2026-08-17T04:59:08,スズキ,rss,2020年10月1日,,https://www.suzuki.co.jp/release/c/2020/1001/,
2026-08-17T04:59:08,スズキ,rss,2020年10月1日,,https://www.suzuki.co.jp/release/d/2020/1001/,
2026-08-17T04:59:08,スズキ,rss,2020年9月30日,,https://www.suzuki.co.jp/release/d/2020/0930a/,
2026-08-17T04:59:08,スズキ,rss,2020年9月29日,,https://www.suzuki.co.jp/release/d/2020/0929/,
2026-08-17T04:59:08,スズキ,rss,2020年9月28日,,https://www.suzuki.co.jp/release/b/2020/0928/,
2026-08-17T04:59:08,スズキ,rss,2020年9月16日,,https://www.suzuki.co.jp/release/a/2020/0916/,
2026-08-17T04:59:08,スズキ,rss,2020年8月28日,,https://www.suzuki.co.jp/release/d/2020/0828/,
2026-08-17T04:59:08,スズキ,rss,2020年8月22日,,https://www.suzuki.co.jp/release/d/2020/0822/,
2026-08-17T04:59:08,スズキ,rss,2020年8月20日,,https://www.suzuki.co.jp/release/d/2020/0820/,
2026-08-17T04:59:08,スズキ,rss,2020年8月20日,,https://www.suzuki.co.jp/release/a/2020/0820/,
2026-08-17T04:59:08,スズキ,rss,2020年8月19日,,https://www.suzuki.co.jp/release/b/2020/0819/,
2026-08-17T04:59:08,スズキ,rss,2020年8月19日,,https://www.suzuki.co.jp/release/d/2020/0819/,
2026-08-17T04:59:08,スズキ,rss,2020年8月6日,,https://www.suzuki.co.jp/release/a/2020/0806/,
2026-08-17T04:59:08,スズキ,rss,2020年8月6日,,https://www.suzuki.co.jp/release/d/2020/0806/,
2026-08-17T04:59:08,スズキ,rss,2020年8月3日,,https://www.suzuki.co.jp/release/d/2020/0803a/,
2026-08-17T04:59:08,スズキ,rss,2020年8月3日,,https://www.suzuki.co.jp/release/d/2020/0803/,
2026-08-17T04:59:08,スズキ,rss,2020年8月1日,,https://www.suzuki.co.jp/release/d/2020/0801/,
2026-08-17T04:59:08,スズキ,rss,2020年7月31日,,https://www.suzuki.co.jp/release/d/2020/0731a/,
2026-08-17T04:59:08,スズキ,rss,2020年7月31日,,https://www.suzuki.co.jp/release/d/2020/0731/,
2026-08-17T04:59:08,スズキ,rss,2020年7月30日,,https://www.suzuki.co.jp/release/d/2020/0730a/,
2026-08-17T04:59:08,スズキ,rss,2020年7月30日,,https://www.suzuki.co.jp/release/d/2020/0730/,
2026-08-17T04:59:08,スズキ,rss,2020年7月23日,,https://www.suzuki.co.jp/release/d/2020/0723/,
2026-08-17T04:59:08,スズキ,rss,2020年7月15日,,https://www.suzuki.co.jp/release/b/2020/0715/,
2026-08-17T04:59:08,スズキ,rss,2020年6月30日,,https://www.suzuki.co.jp/release/d/2020/0630/,
2026-08-17T04:59:08,スズキ,rss,2020年6月30日,,https://www.suzuki.co.jp/release/c/2020/0630/,
2026-08-17T04:59:08,スズキ,rss,2020年6月29日,,https://www.suzuki.co.jp/release/d/2020/0629/,
2026-08-17T04:59:08,スズキ,rss,2020年6月26日,,https://www.suzuki.co.jp/release/d/2020/0626/,
2026-08-17T04:59:08,スズキ,rss,2020年6月22日,,https://www.suzuki.co.jp/release/d/2020/0622/,
2026-08-17T04:59:08,スズキ,rss,2020年5月28日,,https://www.suzuki.co.jp/release/d/2020/0528/,
2026-08-17T04:59:08,スズキ,rss,2020年5月26日,,https://www.suzuki.co.jp/release/d/2020/0526b/,
2026-08-17T04:59:08,スズキ,rss,2020年5月26日,,https://www.suzuki.co.jp/release/d/2020/0526a/,
2026-08-17T04:59:08,スズキ,rss,2020年5月15日,,https://www.suzuki.co.jp/release/a/2020/0515/,
2026-08-17T04:59:08,スズキ,rss,2020年5月1日,,https://www.suzuki.co.jp/release/d/2020/0501/,
2026-08-17T04:59:08,スズキ,rss,2020年4月30日,,https://www.suzuki.co.jp/release/d/2020/0430/,
2026-08-17T04:59:08,スズキ,rss,2020年4月28日,,https://www.suzuki.co.jp/release/d/2020/0428/,
2026-08-17T04:59:08,スズキ,rss,2020年4月16日,,https://www.suzuki.co.jp/release/b/2020/0416/,
2026-08-17T04:59:08,スズキ,rss,2020年4月15日,,https://www.suzuki.co.jp/release/d/2020/0415/,
2026-08-17T04:59:08,スズキ,rss,2020年4月1日,,https://www.suzuki.co.jp/release/d/2020/0401a/,
2026-08-17T04:59:08,スズキ,rss,2020年4月1日,,https://www.suzuki.co.jp/release/d/2020/0401/,
2026-08-17T04:59:08,スズキ,rss,2020年3月31日,,https://www.suzuki.co.jp/release/d/2020/0331/,
2026-08-17T04:59:08,スズキ,rss,2020年3月30日,,https://www.suzuki.co.jp/release/d/2020/0330/,
2026-08-17T04:59:08,スズキ,rss,2020年3月27日,,https://www.suzuki.co.jp/release/d/2020/0327a/,
2026-08-17T04:59:08,スズキ,rss,2020年3月27日,,https://www.suzuki.co.jp/release/d/2020/0327/,
2026-08-17T04:59:08,スズキ,rss,2020年3月23日,,https://www.suzuki.co.jp/release/d/2020/0323/,
2026-08-17T04:59:08,スズキ,rss,2020年3月19日,,https://www.suzuki.co.jp/release/b/2020/0319/,
2026-08-17T04:59:08,スズキ,rss,2020年3月15日,,https://www.suzuki.co.jp/release/d/2020/0315/,
2026-08-17T04:59:08,スズキ,rss,2020年3月12日,,https://www.suzuki.co.jp/release/c/2020/0312/,
2026-08-17T04:59:08,スズキ,rss,2020年3月3日,,https://www.suzuki.co.jp/release/d/2020/0303/,
2026-08-17T04:59:08,スズキ,rss,2020年2月28日,,https://www.suzuki.co.jp/release/d/2020/0228/,
2026-08-17T04:59:08,スズキ,rss,2020年2月27日,,https://www.suzuki.co.jp/release/d/2020/0227/,
2026-08-17T04:59:08,スズキ,rss,2020年2月24日,,https://www.suzuki.co.jp/release/a/2020/0224/,
2026-08-17T04:59:08,スズキ,rss,2020年2月21日,,https://www.suzuki.co.jp/release/d/2020/0221/,
2026-08-17T04:59:08,スズキ,rss,2020年2月20日,,https://www.suzuki.co.jp/release/d/2020/0220/,
2026-08-17T04:59:08,スズキ,rss,2020年2月15日,,https://www.suzuki.co.jp/release/d/2020/0215/,
2026-08-17T04:59:08,スズキ,rss,2020年2月14日,,https://www.suzuki.co.jp/release/c/2020/0214/,
2026-08-17T04:59:08,スズキ,rss,2020年2月7日,,https://www.suzuki.co.jp/release/d/2020/0207a/,
2026-08-17T04:59:08,スズキ,rss,2020年2月7日,,https://www.suzuki.co.jp/release/d/2020/0207b/,
2026-08-17T04:59:08,スズキ,rss,2020年2月5日,,https://www.suzuki.co.jp/release/d/2020/0205a/,
2026-08-17T04:59:08,スズキ,rss,2020年2月5日,,https://www.suzuki.co.jp/release/d/2020/0205/,
2026-08-17T04:59:08,スズキ,rss,2020年2月4日,,https://www.suzuki.co.jp/release/a/2020/0204/,
2026-08-17T04:59:08,スズキ,rss,2020年1月30日,,https://www.suzuki.co.jp/release/d/2020/0130/,
2026-08-17T04:59:08,スズキ,rss,2020年1月24日,,https://www.suzuki.co.jp/release/d/2020/0124/,
2026-08-17T04:59:08,スズキ,rss,2020年1月20日,,https://www.suzuki.co.jp/release/b/2020/0120/,
2026-08-17T04:59:08,スズキ,rss,2020年1月14日,,https://www.suzuki.co.jp/release/d/2020/0114/,
2026-08-17T04:59:08,スズキ,rss,2019年12月27日,,https://www.suzuki.co.jp/release/d/2019/1227/,
2026-08-17T04:59:08,スズキ,rss,2019年12月26日,,https://www.suzuki.co.jp/release/d/2019/1226/,
2026-08-17T04:59:08,スズキ,rss,2019年12月25日,,https://www.suzuki.co.jp/release/d/2019/1225/,
2026-08-17T04:59:08,スズキ,rss,2019年12月25日,,https://www.suzuki.co.jp/release/a/2019/1225/,
2026-08-17T04:59:08,スズキ,rss,2019年12月24日,,https://www.suzuki.co.jp/release/a/2019/1224/,
2026-08-17T04:59:08,スズキ,rss,2019年11月28日,,https://www.suzuki.co.jp/release/d/2019/1128/,
2026-08-17T04:59:08,スズキ,rss,2019年11月14日,,https://www.suzuki.co.jp/release/a/2019/1114/,
2026-08-17T04:59:08,スズキ,rss,2019年11月7日,,https://www.suzuki.co.jp/release/d/2019/1107/,
2026-08-17T04:59:08,スズキ,rss,2019年11月6日,,https://www.suzuki.co.jp/release/d/2019/1106/,
2026-08-17T04:59:08,スズキ,rss,2019年11月6日,,https://www.suzuki.co.jp/release/b/2019/1106/,
2026-08-17T04:59:08,スズキ,rss,2019年11月5日,,https://www.suzuki.co.jp/release/d/2019/1105a/,
2026-08-17T04:59:08,スズキ,rss,2019年11月5日,,https://www.suzuki.co.jp/release/d/2019/1105/,
2026-08-17T04:59:08,スズキ,rss,2019年11月1日,,https://www.suzuki.co.jp/release/d/2019/1101/,
2026-08-17T04:59:08,スズキ,rss,2019年10月30日,,https://www.suzuki.co.jp/release/d/2019/1030/,
2026-08-17T04:59:08,スズキ,rss,2019年10月25日,,https://www.suzuki.co.jp/release/d/2019/1025/,
2026-08-17T04:59:08,スズキ,rss,2019年10月23日,,https://www.suzuki.co.jp/release/d/2019/1023/,
2026-08-17T04:59:08,スズキ,rss,2019年10月2日,,https://www.suzuki.co.jp/release/d/2019/1002/,
2026-08-17T04:59:08,スズキ,rss,2019年9月30日,,https://www.suzuki.co.jp/release/d/2019/0930a/,
2026-08-17T04:59:08,スズキ,rss,2019年9月30日,,https://www.suzuki.co.jp/release/d/2019/0930/,
2026-08-17T04:59:08,スズキ,rss,2019年9月27日,,https://www.suzuki.co.jp/release/d/2019/0927a/,
2026-08-17T04:59:08,スズキ,rss,2019年9月27日,,https://www.suzuki.co.jp/release/d/2019/0927b/,
2026-08-17T04:59:08,スズキ,rss,2019年9月27日,,https://www.suzuki.co.jp/release/d/2019/0927/,
2026-08-17T04:59:08,スズキ,rss,2019年9月18日,,https://www.suzuki.co.jp/release/c/2019/0918/,
2026-08-17T04:59:08,スズキ,rss,2019年9月6日,,https://www.suzuki.co.jp/release/b/2019/0906/,
2026-08-17T04:59:08,スズキ,rss,2019年9月3日,,https://www.suzuki.co.jp/release/d/2019/0903/,
2026-08-17T04:59:08,スズキ,rss,2019年9月2日,,https://www.suzuki.co.jp/release/a/2019/0902/,
2026-08-17T04:59:08,スズキ,rss,2019年8月29日,,https://www.suzuki.co.jp/release/d/2019/0829a/,
2026-08-17T04:59:08,スズキ,rss,2019年8月29日,,https://www.suzuki.co.jp/release/d/2019/0829/,
2026-08-17T04:59:08,スズキ,rss,2019年8月28日,,https://www.suzuki.co.jp/release/d/2019/0828/,
2026-08-17T04:59:08,スズキ,rss,2019年8月26日,,https://www.suzuki.co.jp/release/b/2019/0826/,
2026-08-17T04:59:08,スズキ,rss,2019年8月23日,,https://www.suzuki.co.jp/release/c/2019/0823/,
2026-08-17T04:59:08,スズキ,rss,2019年8月23日,,https://www.suzuki.co.jp/release/d/2019/0823/,
2026-08-17T04:59:08,スズキ,rss,2019年8月22日,,https://www.suzuki.co.jp/release/d/2019/0822/,
2026-08-17T04:59:08,スズキ,rss,2019年8月9日,,https://www.suzuki.co.jp/release/d/2019/0809/,
2026-08-17T04:59:08,スズキ,rss,2019年8月5日,,https://www.suzuki.co.jp/release/d/2019/0805/,
2026-08-17T04:59:08,スズキ,rss,2019年8月5日,,https://www.suzuki.co.jp/release/a/2019/0805/,
2026-08-17T04:59:08,スズキ,rss,2019年7月30日,,https://www.suzuki.co.jp/release/d/2019/0730/,
2026-08-17T04:59:08,スズキ,rss,2019年7月20日,,https://www.suzuki.co.jp/release/d/2019/0720/,
2026-08-17T04:59:08,スズキ,rss,2019年7月12日,,https://www.suzuki.co.jp/release/d/2019/0712/,
2026-08-17T04:59:08,スズキ,rss,2019年7月11日,,https://www.suzuki.co.jp/release/a/2019/0711a/,
2026-08-17T04:59:08,スズキ,rss,2019年7月11日,,https://www.suzuki.co.jp/release/a/2019/0711b/,
2026-08-17T04:59:08,スズキ,rss,2019年7月3日,,https://www.suzuki.co.jp/release/a/2019/0703/,
2026-08-17T04:59:08,スズキ,rss,2019年6月28日,,https://www.suzuki.co.jp/release/d/2019/0628/,
2026-08-17T04:59:08,スズキ,rss,2019年6月27日,,https://www.suzuki.co.jp/release/d/2019/0627a/,
2026-08-17T04:59:08,スズキ,rss,2019年6月27日,,https://www.suzuki.co.jp/release/d/2019/0627/,
2026-08-17T04:59:08,スズキ,rss,2019年6月20日,,https://www.suzuki.co.jp/release/d/2019/0620/,
2026-08-17T04:59:08,スズキ,rss,2019年6月17日,,https://www.suzuki.co.jp/release/a/2019/0617a/,
2026-08-17T04:59:08,スズキ,rss,2019年6月17日,,https://www.suzuki.co.jp/release/a/2019/0617b/,
2026-08-17T04:59:08,スズキ,rss,2019年6月17日,,https://www.suzuki.co.jp/release/d/2019/0617/,
2026-08-17T04:59:08,スズキ,rss,2019年6月13日,,https://www.suzuki.co.jp/release/a/2019/0613/,
2026-08-17T04:59:08,スズキ,rss,2019年6月10日,,https://www.suzuki.co.jp/release/d/2019/0610/,
2026-08-17T04:59:08,スズキ,rss,2019年6月7日,,https://www.suzuki.co.jp/release/d/2019/0607/,
2026-08-17T04:59:08,スズキ,rss,2019年5月30日,,https://www.suzuki.co.jp/release/d/2019/0530/,
2026-08-17T04:59:08,スズキ,rss,2019年5月28日,,https://www.suzuki.co.jp/release/d/2019/0528/,
2026-08-17T04:59:08,スズキ,rss,2019年5月24日,,https://www.suzuki.co.jp/release/b/2019/0524/,
2026-08-17T04:59:08,スズキ,rss,2019年5月10日,,https://www.suzuki.co.jp/release/d/2019/0510/,
2026-08-17T04:59:08,スズキ,rss,2019年5月7日,,https://www.suzuki.co.jp/release/d/2019/0507/,
2026-08-17T04:59:08,スズキ,rss,2019年4月25日,,https://www.suzuki.co.jp/release/d/2019/0425a/,
2026-08-17T04:59:08,スズキ,rss,2019年4月25日,,https://www.suzuki.co.jp/release/d/2019/0425/,
2026-08-17T04:59:08,スズキ,rss,2019年4月23日,,https://www.suzuki.co.jp/release/d/2019/0423/,
2026-08-17T04:59:08,スズキ,rss,2019年4月15日,,https://www.suzuki.co.jp/release/b/2019/0415/,
2026-08-17T04:59:08,スズキ,rss,2019年4月12日,,https://www.suzuki.co.jp/release/d/2019/0412/,
2026-08-17T04:59:08,スズキ,rss,2019年4月10日,,https://www.suzuki.co.jp/release/a/2019/0410/,
2026-08-17T04:59:08,スズキ,rss,2019年4月4日,,https://www.suzuki.co.jp/release/b/2019/0404/,
2026-08-17T04:59:08,スズキ,rss,2019年3月29日,,https://www.suzuki.co.jp/release/d/2019/0329/,
2026-08-17T04:59:08,スズキ,rss,2019年3月28日,,https://www.suzuki.co.jp/release/d/2019/0328/,
2026-08-17T04:59:08,スズキ,rss,2019年3月20日,,https://www.suzuki.co.jp/release/d/2019/0320/,
2026-08-17T04:59:08,スズキ,rss,2019年3月11日,,https://www.suzuki.co.jp/release/b/2019/0311/,
2026-08-17T04:59:08,スズキ,rss,2019年2月27日,,https://www.suzuki.co.jp/release/d/2019/0227/,
2026-08-17T04:59:08,スズキ,rss,2019年2月22日,,https://www.suzuki.co.jp/release/c/2019/0222/,
2026-08-17T04:59:08,スズキ,rss,2019年2月15日,,https://www.suzuki.co.jp/release/d/2019/0215/,
2026-08-17T04:59:08,スズキ,rss,2019年2月8日,,https://www.suzuki.co.jp/release/d/2019/0208/,
2026-08-17T04:59:08,スズキ,rss,2019年2月5日,,https://www.suzuki.co.jp/release/d/2019/0205/,
2026-08-17T04:59:08,スズキ,rss,2019年2月4日,,https://www.suzuki.co.jp/release/b/2019/0204/,
2026-08-17T04:59:08,スズキ,rss,2019年1月30日,,https://www.suzuki.co.jp/release/d/2019/0130/,
2026-08-17T04:59:08,スズキ,rss,2019年1月23日,,https://www.suzuki.co.jp/release/d/2019/0123/,
2026-08-17T04:59:08,スズキ,rss,2019年1月18日,,https://www.suzuki.co.jp/release/d/2019/0118/,
2026-08-17T04:59:08,スズキ,rss,2018年12月28日,,https://www.suzuki.co.jp/release/d/2018/1228/,
2026-08-17T04:59:08,スズキ,rss,2018年12月27日,,https://www.suzuki.co.jp/release/d/2018/1227/,
2026-08-17T04:59:08,スズキ,rss,2018年12月26日,,https://www.suzuki.co.jp/release/d/2018/1226/,
2026-08-17T04:59:08,スズキ,rss,2018年12月21日,,https://www.suzuki.co.jp/release/d/2018/1221/,
2026-08-17T04:59:08,スズキ,rss,2018年12月20日,,https://www.suzuki.co.jp/release/a/2018/1220/,
2026-08-17T04:59:08,スズキ,rss,2018年12月13日,,https://www.suzuki.co.jp/release/b/2018/1213/,
2026-08-17T04:59:08,スズキ,rss,2018年12月13日,,https://www.suzuki.co.jp/release/a/2018/1213/,
2026-08-17T04:59:08,スズキ,rss,2018年12月6日,,https://www.suzuki.co.jp/release/a/2018/1206/,
2026-08-17T04:59:08,スズキ,rss,2018年12月3日,,https://www.suzuki.co.jp/release/a/2018/1203/,
2026-08-17T04:59:08,スズキ,rss,2018年11月30日,,https://www.suzuki.co.jp/release/d/2018/1130/,
2026-08-17T04:59:08,スズキ,rss,2018年11月29日,,https://www.suzuki.co.jp/release/a/2018/1129/,
2026-08-17T04:59:08,スズキ,rss,2018年11月29日,,https://www.suzuki.co.jp/release/d/2018/1129/,
2026-08-17T04:59:08,スズキ,rss,2018年11月26日,,https://www.suzuki.co.jp/release/d/2018/1126/,
2026-08-17T04:59:08,スズキ,rss,2018年11月2日,,https://www.suzuki.co.jp/release/c/2018/1102/,
2026-08-17T04:59:08,スズキ,rss,2018年11月1日,,https://www.suzuki.co.jp/release/d/2018/1101/,
2026-08-17T04:59:08,スズキ,rss,2018年11月1日,,https://www.suzuki.co.jp/release/a/2018/1101/,
2026-08-17T04:59:08,スズキ,rss,2018年10月31日,,https://www.suzuki.co.jp/release/d/2018/1031/,
2026-08-17T04:59:08,スズキ,rss,2018年10月29日,,https://www.suzuki.co.jp/release/d/2018/1029/,
2026-08-17T04:59:08,スズキ,rss,2018年10月12日,,https://www.suzuki.co.jp/release/d/2018/1012/,
2026-08-17T04:59:08,スズキ,rss,2018年10月11日,,https://www.suzuki.co.jp/release/a/2018/1011/,
2026-08-17T04:59:08,スズキ,rss,2018年10月3日,,https://www.suzuki.co.jp/release/d/2018/1003/,
2026-08-17T04:59:08,スズキ,rss,2018年10月3日,,https://www.suzuki.co.jp/release/c/2018/1003/,
2026-08-17T04:59:08,スズキ,rss,2018年10月2日,,https://www.suzuki.co.jp/release/b/2018/1002/,
2026-08-17T04:59:08,スズキ,rss,2018年9月28日,,https://www.suzuki.co.jp/release/d/2018/0928/,
2026-08-17T04:59:08,スズキ,rss,2018年9月27日,,https://www.suzuki.co.jp/release/d/2018/0927/,
2026-08-17T04:59:08,スズキ,rss,2018年9月26日,,https://www.suzuki.co.jp/release/d/2018/0926/,
2026-08-17T04:59:08,スズキ,rss,2018年9月21日,,https://www.suzuki.co.jp/release/d/2018/0921a/,
2026-08-17T04:59:08,スズキ,rss,2018年9月21日,,https://www.suzuki.co.jp/release/d/2018/0921b/,
2026-08-17T04:59:08,スズキ,rss,2018年9月20日,,https://www.suzuki.co.jp/release/c/2018/0920/,
2026-08-17T04:59:08,スズキ,rss,2018年9月11日,,https://www.suzuki.co.jp/release/d/2018/0911/,
2026-08-17T04:59:08,スズキ,rss,2018年9月7日,,https://www.suzuki.co.jp/release/a/2018/0907/,
2026-08-17T04:59:08,スズキ,rss,2018年9月4日,,https://www.suzuki.co.jp/release/d/2018/0904/,
2026-08-17T04:59:08,スズキ,rss,2018年8月31日,,https://www.suzuki.co.jp/release/d/2018/0831/,
2026-08-17T04:59:08,スズキ,rss,2018年8月31日,,https://www.suzuki.co.jp/release/d/2018/0831a/,
2026-08-17T04:59:08,スズキ,rss,2018年8月30日,,https://www.suzuki.co.jp/release/a/2018/0830/,
2026-08-17T04:59:08,スズキ,rss,2018年8月30日,,https://www.suzuki.co.jp/release/d/2018/0830/,
2026-08-17T04:59:08,スズキ,rss,2018年8月9日,,https://www.suzuki.co.jp/release/d/2018/0809/,
2026-08-17T04:59:08,スズキ,rss,2018年8月2日,,https://www.suzuki.co.jp/release/d/2018/0802/,
2026-08-17T04:59:08,スズキ,rss,2018年7月30日,,https://www.suzuki.co.jp/release/d/2018/0730/,
2026-08-17T04:59:08,スズキ,rss,2018年7月27日,,https://www.suzuki.co.jp/release/d/2018/0727/,
2026-08-17T04:59:08,スズキ,rss,2018年7月17日,,https://www.suzuki.co.jp/release/a/2018/0717/,
2026-08-17T04:59:08,スズキ,rss,2018年7月17日,,https://www.suzuki.co.jp/release/d/2018/0717/,
2026-08-17T04:59:08,スズキ,rss,2018年7月5日,,https://www.suzuki.co.jp/release/a/2018/0705/,
2026-08-17T04:59:08,スズキ,rss,2018年7月2日,,https://www.suzuki.co.jp/release/d/2018/0702/,
2026-08-17T04:59:08,スズキ,rss,2018年7月2日,,https://www.suzuki.co.jp/release/a/2018/0702/,
2026-08-17T04:59:08,スズキ,rss,2018年7月1日,,https://www.suzuki.co.jp/release/d/2018/0701/,
2026-08-17T04:59:08,スズキ,rss,2018年6月28日,,https://www.suzuki.co.jp/release/d/2018/0628/,
2026-08-17T04:59:08,スズキ,rss,2018年6月20日,,https://www.suzuki.co.jp/release/d/2018/0620/,
2026-08-17T04:59:08,スズキ,rss,2018年6月18日,,https://www.suzuki.co.jp/release/d/2018/0618/,
2026-08-17T04:59:08,スズキ,rss,2018年6月15日,,https://www.suzuki.co.jp/release/d/2018/0615/,
2026-08-17T04:59:08,スズキ,rss,2018年6月4日,,https://www.suzuki.co.jp/release/d/2018/0604/,
2026-08-17T04:59:08,スズキ,rss,2018年5月31日,,https://www.suzuki.co.jp/release/b/2018/0531/,
2026-08-17T04:59:08,スズキ,rss,2018年5月31日,,https://www.suzuki.co.jp/release/a/2018/0531/,
2026-08-17T04:59:08,スズキ,rss,2018年5月31日,,https://www.suzuki.co.jp/release/d/2018/0531/,
2026-08-17T04:59:08,スズキ,rss,2018年5月30日,,https://www.suzuki.co.jp/release/d/2018/0530/,
2026-08-17T04:59:08,スズキ,rss,2018年5月25日,,https://www.suzuki.co.jp/release/d/2018/0525/,
2026-08-17T04:59:08,スズキ,rss,2018年5月23日,,https://www.suzuki.co.jp/release/d/2018/0523/,
2026-08-17T04:59:08,スズキ,rss,2018年5月16日,,https://www.suzuki.co.jp/release/a/2018/0516a/,
2026-08-17T04:59:08,スズキ,rss,2018年5月16日,,https://www.suzuki.co.jp/release/a/2018/0516b/,
2026-08-17T04:59:08,スズキ,rss,2018年5月16日,,https://www.suzuki.co.jp/release/c/2018/0516/,
2026-08-17T04:59:08,スズキ,rss,2018年5月15日,,https://www.suzuki.co.jp/release/c/2018/0515/,
2026-08-17T04:59:08,スズキ,rss,2018年5月15日,,https://www.suzuki.co.jp/release/d/2018/0515/,
2026-08-17T04:59:08,スズキ,rss,2018年5月10日,,https://www.suzuki.co.jp/release/d/2018/0510/,
2026-08-17T04:59:08,スズキ,rss,2018年4月26日,,https://www.suzuki.co.jp/release/d/2018/0426/,
2026-08-17T04:59:08,スズキ,rss,2018年4月24日,,https://www.suzuki.co.jp/release/d/2018/0424/,
2026-08-17T04:59:08,スズキ,rss,2018年4月19日,,https://www.suzuki.co.jp/release/d/2018/0419/,
2026-08-17T04:59:08,スズキ,rss,2018年4月10日,,https://www.suzuki.co.jp/release/d/2018/0410/,
2026-08-17T04:59:08,スズキ,rss,2018年3月30日,,https://www.suzuki.co.jp/release/d/2017/0330a/,
2026-08-17T04:59:08,スズキ,rss,2018年3月30日,,https://www.suzuki.co.jp/release/d/2017/0330/,
2026-08-17T04:59:08,スズキ,rss,2018年3月29日,,https://www.suzuki.co.jp/release/d/2017/0329a/,
2026-08-17T04:59:08,スズキ,rss,2018年3月29日,,https://www.suzuki.co.jp/release/d/2017/0329/,
2026-08-17T04:59:08,スズキ,rss,2018年3月28日,,https://www.suzuki.co.jp/release/d/2017/0328/,
2026-08-17T04:59:08,スズキ,rss,2018年3月9日,,https://www.suzuki.co.jp/release/b/2017/0309/,
2026-08-17T04:59:08,スズキ,rss,2018年2月27日,,https://www.suzuki.co.jp/release/d/2017/0227a/,
2026-08-17T04:59:08,スズキ,rss,2018年2月27日,,https://www.suzuki.co.jp/release/d/2017/0227/,
2026-08-17T04:59:08,スズキ,rss,2018年2月22日,,https://www.suzuki.co.jp/release/c/2017/0222/,
2026-08-17T04:59:08,スズキ,rss,2018年2月16日,,https://www.suzuki.co.jp/release/d/2017/0216/,
2026-08-17T04:59:08,スズキ,rss,2018年2月9日,,https://www.suzuki.co.jp/release/a/2017/0209/,
2026-08-17T04:59:08,スズキ,rss,2018年2月8日,,https://www.suzuki.co.jp/release/d/2017/0208/,
2026-08-17T04:59:08,スズキ,rss,2018年2月5日,,https://www.suzuki.co.jp/release/d/2017/0205/,
2026-08-17T04:59:08,スズキ,rss,2018年1月31日,,https://www.suzuki.co.jp/release/d/2017/0131/,
2026-08-17T04:59:08,スズキ,rss,2018年1月30日,,https://www.suzuki.co.jp/release/d/2017/0130/,
2026-08-17T04:59:08,スズキ,rss,2018年1月22日,,https://www.suzuki.co.jp/release/b/2017/0122a/,
2026-08-17T04:59:08,スズキ,rss,2018年1月22日,,https://www.suzuki.co.jp/release/b/2017/0122b/,
2026-08-17T04:59:08,スズキ,rss,2018年1月20日,,https://www.suzuki.co.jp/release/c/2017/0120/,
2026-08-17T04:59:08,スズキ,rss,2017年12月29日,,https://www.suzuki.co.jp/release/d/2017/1229/,
2026-08-17T04:59:08,スズキ,rss,2017年12月28日,,https://www.suzuki.co.jp/release/d/2017/1228/,
2026-08-17T04:59:08,スズキ,rss,2017年12月27日,,https://www.suzuki.co.jp/release/d/2017/1227/,
2026-08-17T04:59:08,スズキ,rss,2017年12月25日,,https://www.suzuki.co.jp/release/a/2017/1225/,
2026-08-17T04:59:08,スズキ,rss,2017年12月22日,,https://www.suzuki.co.jp/release/d/2017/1222/,
2026-08-17T04:59:08,スズキ,rss,2017年12月14日,,https://www.suzuki.co.jp/release/a/2017/1214/,
2026-08-17T04:59:08,スズキ,rss,2017年12月13日,,https://www.suzuki.co.jp/release/d/2017/1213/,
2026-08-17T04:59:08,スズキ,rss,2017年12月7日,,https://www.suzuki.co.jp/release/a/2017/1207/,
2026-08-17T04:59:08,スズキ,rss,2017年12月4日,,https://www.suzuki.co.jp/release/a/2017/1204/,
2026-08-17T04:59:08,スズキ,rss,2017年11月29日,,https://www.suzuki.co.jp/release/d/2017/1129/,
2026-08-17T04:59:08,スズキ,rss,2017年11月17日,,https://www.suzuki.co.jp/release/d/2017/1117/,
2026-08-17T04:59:08,スズキ,rss,2017年11月15日,,https://www.suzuki.co.jp/release/d/2017/1115/,
2026-08-17T04:59:08,スズキ,rss,2017年11月13日,,https://www.suzuki.co.jp/release/a/2017/1113a/,
2026-08-17T04:59:08,スズキ,rss,2017年11月13日,,https://www.suzuki.co.jp/release/a/2017/1113b/,
2026-08-17T04:59:08,スズキ,rss,2017年11月10日,,https://www.suzuki.co.jp/release/d/2017/1110/,
2026-08-17T04:59:08,スズキ,rss,2017年11月7日,,https://www.suzuki.co.jp/release/b/2017/1107/,
2026-08-17T04:59:08,スズキ,rss,2017年11月2日,,https://www.suzuki.co.jp/release/d/2017/1102/,
2026-08-17T04:59:08,スズキ,rss,2017年10月31日,,https://www.suzuki.co.jp/release/d/2017/1031/,
2026-08-17T04:59:08,スズキ,rss,2017年10月30日,,https://www.suzuki.co.jp/release/d/2017/1030/,
2026-08-17T04:59:08,スズキ,rss,2017年10月4日,,https://www.suzuki.co.jp/release/d/2017/1004/,
2026-08-17T04:59:08,スズキ,rss,2017年10月2日,,https://www.suzuki.co.jp/release/d/2017/1002/,
2026-08-17T04:59:08,スズキ,rss,2017年9月28日,,https://www.suzuki.co.jp/release/d/2017/0928/,
2026-08-17T04:59:08,スズキ,rss,2017年9月26日,,https://www.suzuki.co.jp/release/c/2017/0926/,
2026-08-17T04:59:08,スズキ,rss,2017年9月25日,,https://www.suzuki.co.jp/release/d/2017/0925/,
2026-08-17T04:59:08,スズキ,rss,2017年9月22日,,https://www.suzuki.co.jp/release/d/2017/0922/,
2026-08-17T04:59:08,スズキ,rss,2017年9月21日,,https://www.suzuki.co.jp/release/c/2017/0921/,
2026-08-17T04:59:08,スズキ,rss,2017年9月20日,,https://www.suzuki.co.jp/release/c/2017/0920/,
2026-08-17T04:59:08,スズキ,rss,2017年9月20日,,https://www.suzuki.co.jp/release/b/2017/0920a/,
2026-08-17T04:59:08,スズキ,rss,2017年9月20日,,https://www.suzuki.co.jp/release/b/2017/0920b/,
2026-08-17T04:59:08,スズキ,rss,2017年9月15日,,https://www.suzuki.co.jp/release/d/2017/0915/,
2026-08-17T04:59:08,スズキ,rss,2017年9月13日,,https://www.suzuki.co.jp/release/a/2017/0913/,
2026-08-17T04:59:08,スズキ,rss,2017年9月13日,,https://www.suzuki.co.jp/release/d/2017/0913/,
2026-08-17T04:59:08,スズキ,rss,2017年9月7日,,https://www.suzuki.co.jp/release/c/2017/0907/,
2026-08-17T04:59:08,スズキ,rss,2017年9月4日,,https://www.suzuki.co.jp/release/d/2017/0904/,
2026-08-17T04:59:08,スズキ,rss,2017年8月31日,,https://www.suzuki.co.jp/release/d/2017/0831/,
2026-08-17T04:59:08,スズキ,rss,2017年8月30日,,https://www.suzuki.co.jp/release/d/2017/0830a/,
2026-08-17T04:59:08,スズキ,rss,2017年8月30日,,https://www.suzuki.co.jp/release/d/2017/0830/,
2026-08-17T04:59:08,スズキ,rss,2017年8月23日,,https://www.suzuki.co.jp/release/a/2017/0823/,
2026-08-17T04:59:08,スズキ,rss,2017年8月22日,,https://www.suzuki.co.jp/release/d/2017/0822/,
2026-08-17T04:59:08,スズキ,rss,2017年8月9日,,https://www.suzuki.co.jp/release/d/2017/0809/,
2026-08-17T04:59:08,スズキ,rss,2017年8月3日,,https://www.suzuki.co.jp/release/d/2017/0803/,
2026-08-17T04:59:08,スズキ,rss,2017年7月31日,,https://www.suzuki.co.jp/release/d/2017/0731/,
2026-08-17T04:59:08,スズキ,rss,2017年7月28日,,https://www.suzuki.co.jp/release/d/2017/0728/,
2026-08-17T04:59:08,スズキ,rss,2017年7月27日,,https://www.suzuki.co.jp/release/b/2017/0727/,
2026-08-17T04:59:08,スズキ,rss,2017年7月26日,,https://www.suzuki.co.jp/release/a/2017/0726/,
2026-08-17T04:59:08,スズキ,rss,2017年7月24日,,https://www.suzuki.co.jp/release/d/2017/0724/,
2026-08-17T04:59:08,スズキ,rss,2017年7月23日,,https://www.suzuki.co.jp/release/d/2017/0723/,
2026-08-17T04:59:08,スズキ,rss,2017年7月12日,,https://www.suzuki.co.jp/release/a/2017/0712/,
2026-08-17T04:59:08,スズキ,rss,2017年7月12日,,https://www.suzuki.co.jp/release/b/2017/0712/,
2026-08-17T04:59:08,スズキ,rss,2017年7月4日,,https://www.suzuki.co.jp/release/d/2017/0704/,
2026-08-17T04:59:08,スズキ,rss,2017年6月30日,,https://www.suzuki.co.jp/release/b/2017/0630/,
2026-08-17T04:59:08,スズキ,rss,2017年6月29日,,https://www.suzuki.co.jp/release/d/2017/0629/,
2026-08-17T04:59:08,スズキ,rss,2017年6月27日,,https://www.suzuki.co.jp/release/d/2017/0627/,
2026-08-17T04:59:08,スズキ,rss,2017年6月22日,,https://www.suzuki.co.jp/release/c/2017/0622/,
2026-08-17T04:59:08,スズキ,rss,2017年6月20日,,https://www.suzuki.co.jp/release/d/2017/0620/,
2026-08-17T04:59:08,スズキ,rss,2017年6月16日,,https://www.suzuki.co.jp/release/d/2017/0616/,
2026-08-17T04:59:08,スズキ,rss,2017年6月15日,,https://www.suzuki.co.jp/release/a/2017/0615/,
2026-08-17T04:59:08,スズキ,rss,2017年6月13日,,https://www.suzuki.co.jp/release/b/2017/0613/,
2026-08-17T04:59:08,スズキ,rss,2017年6月9日,,https://www.suzuki.co.jp/release/c/2017/0609/,
2026-08-17T04:59:08,スズキ,rss,2017年5月31日,,https://www.suzuki.co.jp/release/d/2017/0531/,
2026-08-17T04:59:08,スズキ,rss,2017年5月30日,,https://www.suzuki.co.jp/release/d/2017/0530/,
2026-08-17T04:59:08,スズキ,rss,2017年5月26日,,https://www.suzuki.co.jp/release/c/2017/0526/,
2026-08-17T04:59:08,スズキ,rss,2017年5月25日,,https://www.suzuki.co.jp/release/d/2017/0525/,
2026-08-17T04:59:08,スズキ,rss,2017年5月25日,,https://www.suzuki.co.jp/release/b/2017/0525/,
2026-08-17T04:59:08,スズキ,rss,2017年5月19日,,https://www.suzuki.co.jp/release/a/2017/0519/,
2026-08-17T04:59:08,スズキ,rss,2017年5月18日,,https://www.suzuki.co.jp/release/d/2017/0518/,
2026-08-17T04:59:08,スズキ,rss,2017年5月17日,,https://www.suzuki.co.jp/release/d/2017/0517/,
2026-08-17T04:59:08,スズキ,rss,2017年5月16日,,https://www.suzuki.co.jp/release/d/2017/0516/,
2026-08-17T04:59:08,スズキ,rss,2017年5月12日,,https://www.suzuki.co.jp/release/d/2017/0512/,
2026-08-17T04:59:08,スズキ,rss,2017年4月27日,,https://www.suzuki.co.jp/release/d/2017/0427/,
2026-08-17T04:59:08,スズキ,rss,2017年4月24日,,https://www.suzuki.co.jp/release/d/2017/0424/,
2026-08-17T04:59:08,スズキ,rss,2017年4月20日,,https://www.suzuki.co.jp/release/a/2017/0420/,
2026-08-17T04:59:08,スズキ,rss,2017年4月20日,,https://www.suzuki.co.jp/release/d/2017/0420/,
2026-08-17T04:59:08,スズキ,rss,2017年4月19日,,https://www.suzuki.co.jp/release/d/2017/0419a/,
2026-08-17T04:59:08,スズキ,rss,2017年4月19日,,https://www.suzuki.co.jp/release/d/2017/0419/,
2026-08-17T04:59:08,スズキ,rss,2017年4月18日,,https://www.suzuki.co.jp/release/d/2017/0418/,
2026-08-17T04:59:08,スズキ,rss,2017年4月17日,,https://www.suzuki.co.jp/release/d/2017/0417/,
2026-08-17T04:59:08,スズキ,rss,2017年4月14日,,https://www.suzuki.co.jp/release/d/2017/0414/,
2026-08-17T04:59:08,スズキ,rss,2017年4月13日,,https://www.suzuki.co.jp/release/d/2017/0413/,
2026-08-17T04:59:08,スズキ,rss,2017年3月31日,,https://www.suzuki.co.jp/release/d/2016/0331/,
2026-08-17T04:59:08,スズキ,rss,2017年3月29日,,https://www.suzuki.co.jp/release/d/2016/0329/,
2026-08-17T04:59:08,スズキ,rss,2017年3月21日,,https://www.suzuki.co.jp/release/d/2016/0321/,
2026-08-17T04:59:08,スズキ,rss,2017年3月17日,,https://www.suzuki.co.jp/release/b/2016/0317/,
2026-08-17T04:59:08,スズキ,rss,2017年3月10日,,https://www.suzuki.co.jp/release/b/2016/0310/,
2026-08-17T04:59:08,スズキ,rss,2017年3月7日,,https://www.suzuki.co.jp/release/d/2016/0307/,
2026-08-17T04:59:08,スズキ,rss,2017年2月27日,,https://www.suzuki.co.jp/release/d/2016/0227/,
2026-08-17T04:59:08,スズキ,rss,2017年2月17日,,https://www.suzuki.co.jp/release/c/2016/0217/,
2026-08-17T04:59:08,スズキ,rss,2017年2月17日,,https://www.suzuki.co.jp/release/d/2016/0217/,
2026-08-17T04:59:08,スズキ,rss,2017年2月6日,,https://www.suzuki.co.jp/release/d/2016/0206b/,
2026-08-17T04:59:08,スズキ,rss,2017年2月6日,,https://www.suzuki.co.jp/release/d/2016/0206a/,
2026-08-17T04:59:08,スズキ,rss,2017年2月1日,,https://www.suzuki.co.jp/release/a/2016/0201/,
2026-08-17T04:59:08,スズキ,rss,2017年1月30日,,https://www.suzuki.co.jp/release/b/2016/0130/,
2026-08-17T04:59:08,スズキ,rss,2017年1月30日,,https://www.suzuki.co.jp/release/d/2016/0130/,
2026-08-17T04:59:08,スズキ,rss,2017年1月27日,,https://www.suzuki.co.jp/release/d/2016/0127/,
2026-08-17T04:59:08,スズキ,rss,2017年1月18日,,https://www.suzuki.co.jp/release/b/2016/0118/,
2026-08-17T04:59:08,スズキ,rss,2017年1月13日,,https://www.suzuki.co.jp/release/d/2016/0113/,
2026-08-17T04:59:08,スズキ,rss,2017年1月11日,,https://www.suzuki.co.jp/release/b/2016/0111/,
2026-08-17T04:59:08,スズキ,rss,2017年1月10日,,https://www.suzuki.co.jp/release/a/2016/0110/,
2026-08-17T04:59:08,スズキ,rss,2017年1月6日,,https://www.suzuki.co.jp/release/d/2016/0106/,
2026-08-17T04:59:08,スズキ,rss,2016年12月27日,,https://www.suzuki.co.jp/release/d/2016/1227/,
2026-08-17T04:59:08,スズキ,rss,2016年12月27日,,https://www.suzuki.co.jp/release/a/2016/1227/,
2026-08-17T04:59:08,スズキ,rss,2016年12月26日,,https://www.suzuki.co.jp/release/a/2016/1226/,
2026-08-17T04:59:08,スズキ,rss,2016年12月22日,,https://www.suzuki.co.jp/release/a/2016/1222/,
2026-08-17T04:59:08,スズキ,rss,2016年12月22日,,https://www.suzuki.co.jp/release/d/2016/1222/,
2026-08-17T04:59:08,スズキ,rss,2016年12月16日,,https://www.suzuki.co.jp/release/d/2016/1216/,
2026-08-17T04:59:08,スズキ,rss,2016年12月13日,,https://www.suzuki.co.jp/release/a/2016/1213a/,
2026-08-17T04:59:08,スズキ,rss,2016年12月13日,,https://www.suzuki.co.jp/release/a/2016/1213b/,
2026-08-17T04:59:08,スズキ,rss,2016年12月8日,,https://www.suzuki.co.jp/release/a/2016/1208/,
2026-08-17T04:59:08,スズキ,rss,2016年12月1日,,https://www.suzuki.co.jp/release/a/2016/1201/,
2026-08-17T04:59:08,スズキ,rss,2016年11月29日,,https://www.suzuki.co.jp/release/a/2016/1129/,
2026-08-17T04:59:08,スズキ,rss,2016年11月25日,,https://www.suzuki.co.jp/release/d/2016/1125/,
2026-08-17T04:59:08,スズキ,rss,2016年11月17日,,https://www.suzuki.co.jp/release/a/2016/1117/,
2026-08-17T04:59:08,スズキ,rss,2016年11月16日,,https://www.suzuki.co.jp/release/a/2016/1116/,
2026-08-17T04:59:08,スズキ,rss,2016年11月14日,,https://www.suzuki.co.jp/release/d/2016/1114/,
2026-08-17T04:59:08,スズキ,rss,2016年11月11日,,https://www.suzuki.co.jp/release/a/2016/1111/,
2026-08-17T04:59:08,スズキ,rss,2016年11月8日,,https://www.suzuki.co.jp/release/b/2016/1108/,
2026-08-17T04:59:08,スズキ,rss,2016年11月4日,,https://www.suzuki.co.jp/release/d/2016/1104/,
2026-08-17T04:59:08,スズキ,rss,2016年11月2日,,https://www.suzuki.co.jp/release/b/2016/1102/,
2026-08-17T04:59:08,スズキ,rss,2016年11月1日,,https://www.suzuki.co.jp/release/d/2016/1101/,
2026-08-17T04:59:08,スズキ,rss,2016年10月27日,,https://www.suzuki.co.jp/release/d/2016/1027/,
2026-08-17T04:59:08,スズキ,rss,2016年10月17日,,https://www.suzuki.co.jp/release/a/2016/1017/,
2026-08-17T04:59:08,スズキ,rss,2016年10月12日,,https://www.suzuki.co.jp/release/d/2016/1012/,
2026-08-17T04:59:08,スズキ,rss,2016年10月5日,,https://www.suzuki.co.jp/release/c/2016/1005/,
2026-08-17T04:59:08,スズキ,rss,2016年10月4日,,https://www.suzuki.co.jp/release/b/2016/1004/,
2026-08-17T04:59:08,スズキ,rss,2016年9月29日,,https://www.suzuki.co.jp/release/d/2016/0929a/,
2026-08-17T04:59:08,スズキ,rss,2016年9月29日,,https://www.suzuki.co.jp/release/d/2016/0929b/,
2026-08-17T04:59:08,スズキ,rss,2016年9月28日,,https://www.suzuki.co.jp/release/d/2016/0928/,
2026-08-17T04:59:08,スズキ,rss,2016年9月20日,,https://www.suzuki.co.jp/release/c/2016/0920/,
2026-08-17T04:59:08,スズキ,rss,2016年9月9日,,https://www.suzuki.co.jp/release/d/2016/0909/,
2026-08-17T04:59:08,スズキ,rss,2016年9月5日,,https://www.suzuki.co.jp/release/b/2016/0905/,
2026-08-17T04:59:08,スズキ,rss,2016年8月30日,,https://www.suzuki.co.jp/release/d/2016/0830a/,
2026-08-17T04:59:08,スズキ,rss,2016年8月30日,,https://www.suzuki.co.jp/release/d/2016/0830/,
2026-08-17T04:59:08,スズキ,rss,2016年8月29日,,https://www.suzuki.co.jp/release/b/2016/0829/,
2026-08-17T04:59:08,スズキ,rss,2016年8月3日,,https://www.suzuki.co.jp/release/d/2016/0803a/,
2026-08-17T04:59:08,スズキ,rss,2016年8月3日,,https://www.suzuki.co.jp/release/d/2016/0803/,
2026-08-17T04:59:08,スズキ,rss,2016年8月3日,,https://www.suzuki.co.jp/release/b/2016/0803/,
2026-08-17T04:59:08,スズキ,rss,2016年7月31日,,https://www.suzuki.co.jp/release/d/2016/0731/,
2026-08-17T04:59:08,スズキ,rss,2016年7月28日,,https://www.suzuki.co.jp/release/d/2016/0728/,
2026-08-17T04:59:08,スズキ,rss,2016年7月27日,,https://www.suzuki.co.jp/release/d/2016/0727/,
2026-08-17T04:59:08,スズキ,rss,2016年7月5日,,https://www.suzuki.co.jp/release/d/2016/0705/,
2026-08-17T04:59:08,スズキ,rss,2016年6月29日,,https://www.suzuki.co.jp/release/d/2016/0629a/,
2026-08-17T04:59:08,スズキ,rss,2016年6月29日,,https://www.suzuki.co.jp/release/d/2016/0629/,
2026-08-17T04:59:08,スズキ,rss,2016年6月8日,,https://www.suzuki.co.jp/release/d/2016/0608b/,
2026-08-17T04:59:08,スズキ,rss,2016年6月8日,,https://www.suzuki.co.jp/release/d/2016/0608a/,
2026-08-17T04:59:08,スズキ,rss,2016年6月1日,,https://www.suzuki.co.jp/release/d/2016/0601/,
2026-08-17T04:59:08,スズキ,rss,2016年5月31日,,https://www.suzuki.co.jp/release/d/2016/0531/,
2026-08-17T04:59:08,スズキ,rss,2016年5月30日,,https://www.suzuki.co.jp/release/d/2016/0530/,
2026-08-17T04:59:08,スズキ,rss,2016年5月18日,,https://www.suzuki.co.jp/release/d/2016/0518/,
2026-08-17T04:59:08,スズキ,rss,2016年5月10日,,https://www.suzuki.co.jp/release/d/2016/0510b/,
2026-08-17T04:59:08,スズキ,rss,2016年5月10日,,https://www.suzuki.co.jp/release/d/2016/0510a/,
2026-08-17T04:59:08,スズキ,rss,2016年4月26日,,https://www.suzuki.co.jp/release/d/2016/0426/,
2026-08-17T04:59:08,スズキ,rss,2016年4月25日,,https://www.suzuki.co.jp/release/d/2016/0425/,
2026-08-17T04:59:08,スズキ,rss,2016年4月19日,,https://www.suzuki.co.jp/release/d/2016/0419/,
2026-08-17T04:59:08,スズキ,rss,2016年4月15日,,https://www.suzuki.co.jp/release/d/2016/0415/,
2026-08-17T04:59:08,スズキ,rss,2016年4月11日,,https://www.suzuki.co.jp/release/d/2016/0411/,
2026-08-17T04:59:08,スズキ,rss,2016年3月31日,,https://www.suzuki.co.jp/release/d/2015/0331/index.html,
2026-08-17T04:59:08,スズキ,rss,2016年3月28日,,https://www.suzuki.co.jp/release/d/2015/0328/index.html,
2026-08-17T04:59:08,スズキ,rss,2016年3月24日,,https://www.suzuki.co.jp/release/a/2015/0324/index.html,
2026-08-17T04:59:08,スズキ,rss,2016年3月11日,,https://www.suzuki.co.jp/release/b/2015/0311/index.html,
2026-08-17T04:59:08,スズキ,rss,2016年3月10日,,https://www.suzuki.co.jp/release/a/2015/0310/index.html,
2026-08-17T04:59:08,スズキ,rss,2016年3月9日,,https://www.suzuki.co.jp/release/a/2015/0309/index.html,
2026-08-17T04:59:08,スズキ,rss,2016年3月7日,,https://www.suzuki.co.jp/release/d/2015/0307a/index.html,
2026-08-17T04:59:08,スズキ,rss,2016年3月7日,,https://www.suzuki.co.jp/release/d/2015/0307/index.html,
2026-08-17T04:59:08,スズキ,rss,2016年2月26日,,https://www.suzuki.co.jp/release/d/2015/0226/index.html,
2026-08-17T04:59:08,スズキ,rss,2016年2月19日,,https://www.suzuki.co.jp/release/d/2015/0219/index.html,
2026-08-17T04:59:08,スズキ,rss,2016年2月18日,,https://www.suzuki.co.jp/release/c/2015/0218/index.html,
2026-08-17T04:59:08,スズキ,rss,2016年2月10日,,https://www.suzuki.co.jp/release/d/2015/0210/index.html,
2026-08-17T04:59:08,スズキ,rss,2016年2月8日,,https://www.suzuki.co.jp/release/d/2015/0208a/index.html,
2026-08-17T04:59:08,スズキ,rss,2016年2月8日,,https://www.suzuki.co.jp/release/d/2015/0208/index.html,
2026-08-17T04:59:08,スズキ,rss,2016年2月3日,,https://www.suzuki.co.jp/release/d/2015/0203/index.html,
2026-08-17T04:59:08,スズキ,rss,2016年1月27日,,https://www.suzuki.co.jp/release/d/2015/0127/index.html,
2026-08-17T04:59:08,スズキ,rss,2016年1月25日,,https://www.suzuki.co.jp/release/c/2015/0125/index.html,
2026-08-17T04:59:08,スズキ,rss,2016年1月21日,,https://www.suzuki.co.jp/release/a/2015/0121/index.html,
2026-08-17T04:59:08,スズキ,rss,2016年1月19日,,https://www.suzuki.co.jp/release/d/2015/0119/index.html,
2026-08-17T04:59:08,スズキ,rss,2016年1月18日,,https://www.suzuki.co.jp/release/d/2015/0118/index.html,
2026-08-17T04:59:08,スズキ,rss,2015年12月25日,,https://www.suzuki.co.jp/release/d/2015/1225d/index.html,
2026-08-17T04:59:08,スズキ,rss,2015年12月25日,,https://www.suzuki.co.jp/release/d/2015/1225c/index.html,
2026-08-17T04:59:08,スズキ,rss,2015年12月25日,,https://www.suzuki.co.jp/release/d/2015/1225a/index.html,
2026-08-17T04:59:08,スズキ,rss,2015年12月25日,,https://www.suzuki.co.jp/release/d/2015/1225b/index.html,
2026-08-17T04:59:08,スズキ,rss,2015年12月24日,,https://www.suzuki.co.jp/release/a/2015/1224/index.html,
2026-08-17T04:59:08,スズキ,rss,2015年12月21日,,https://www.suzuki.co.jp/release/a/2015/1221/index.html,
2026-08-17T04:59:08,スズキ,rss,2015年12月14日,,https://www.suzuki.co.jp/release/d/2015/1214/index.html,
2026-08-17T04:59:08,スズキ,rss,2015年12月9日,,https://www.suzuki.co.jp/release/a/2015/1209/index.html,
2026-08-17T04:59:08,スズキ,rss,2015年12月7日,,https://www.suzuki.co.jp/release/a/2015/1207/index.html,
2026-08-17T04:59:08,スズキ,rss,2015年12月7日,,https://www.suzuki.co.jp/release/d/2015/1207/index.html,
2026-08-17T04:59:08,スズキ,rss,2015年11月27日,,https://www.suzuki.co.jp/release/d/2015/1127/index.html,
2026-08-17T04:59:08,スズキ,rss,2015年11月17日,,https://www.suzuki.co.jp/release/b/2015/1117/index.html,
2026-08-17T04:59:08,スズキ,rss,2015年11月11日,,https://www.suzuki.co.jp/release/d/2015/1111/index.html,
2026-08-17T04:59:08,スズキ,rss,2015年11月4日,,https://www.suzuki.co.jp/release/d/2015/1104/index.html,
2026-08-17T04:59:08,スズキ,rss,2015年10月28日,,https://www.suzuki.co.jp/release/d/2015/1028/index.html,
2026-08-17T04:59:08,スズキ,rss,2015年10月27日,,https://www.suzuki.co.jp/release/b/2015/1027/index.html,
2026-08-17T04:59:08,スズキ,rss,2015年10月27日,,https://www.suzuki.co.jp/release/d/2015/1027/index.html,
2026-08-17T04:59:08,スズキ,rss,2015年10月26日,,https://www.suzuki.co.jp/release/d/2015/1026a/index.html,
2026-08-17T04:59:08,スズキ,rss,2015年10月26日,,https://www.suzuki.co.jp/release/d/2015/1026/index.html,
2026-08-17T04:59:08,スズキ,rss,2015年10月23日,,https://www.suzuki.co.jp/release/d/2015/1023/index.html,
2026-08-17T04:59:08,スズキ,rss,2015年10月15日,,https://www.suzuki.co.jp/release/a/2015/1015/index.html,
2026-08-17T04:59:08,スズキ,rss,2015年10月5日,,https://www.suzuki.co.jp/release/c/2015/1005/index.html,
2026-08-17T04:59:08,スズキ,rss,2015年9月30日,,https://www.suzuki.co.jp/release/d/2015/0930/index.html,
2026-08-17T04:59:08,スズキ,rss,2015年9月29日,,https://www.suzuki.co.jp/release/d/2015/0929c/index.html,
2026-08-17T04:59:08,スズキ,rss,2015年9月29日,,https://www.suzuki.co.jp/release/d/2015/0929b/index.html,
2026-08-17T04:59:08,スズキ,rss,2015年9月29日,,https://www.suzuki.co.jp/release/d/2015/0929a/index.html,
2026-08-17T04:59:08,スズキ,rss,2015年9月25日,,https://www.suzuki.co.jp/release/b/2015/0925/index.html,
2026-08-17T04:59:08,スズキ,rss,2015年9月18日,,https://www.suzuki.co.jp/release/d/2015/0918/index.html,
2026-08-17T04:59:08,スズキ,rss,2015年9月15日,,https://www.suzuki.co.jp/release/d/2015/0915/index.html,
2026-08-17T04:59:08,スズキ,rss,2015年8月31日,,https://www.suzuki.co.jp/release/b/2015/0831/index.html,
2026-08-17T04:59:08,スズキ,rss,2015年8月30日,,https://www.suzuki.co.jp/release/d/2015/0830/index.html,
2026-08-17T04:59:08,スズキ,rss,2015年8月28日,,https://www.suzuki.co.jp/release/d/2015/0828/index.html,
2026-08-17T04:59:08,スズキ,rss,2015年8月26日,,https://www.suzuki.co.jp/release/a/2015/0826/index.html,
2026-08-17T04:59:08,スズキ,rss,2015年8月20日,,https://www.suzuki.co.jp/release/a/2015/0820/index.html,
2026-08-17T04:59:08,スズキ,rss,2015年8月18日,,https://www.suzuki.co.jp/release/a/2015/0818a/index.html,
2026-08-17T04:59:08,スズキ,rss,2015年8月18日,,https://www.suzuki.co.jp/release/a/2015/0818b/index.html,
2026-08-17T04:59:08,スズキ,rss,2015年8月7日,,https://www.suzuki.co.jp/release/d/2015/0807/index.html,
2026-08-17T04:59:08,スズキ,rss,2015年8月5日,,https://www.suzuki.co.jp/release/a/2015/0805/index.html,
2026-08-17T04:59:08,スズキ,rss,2015年8月5日,,https://www.suzuki.co.jp/release/d/2015/0805/index.html,
2026-08-17T04:59:08,スズキ,rss,2015年8月3日,,https://www.suzuki.co.jp/release/d/2015/0803/index.html,
2026-08-17T04:59:08,スズキ,rss,2015年8月2日,,https://www.suzuki.co.jp/release/d/2015/0802/index.html,
2026-08-17T04:59:08,スズキ,rss,2015年7月29日,,https://www.suzuki.co.jp/release/d/2015/0729/index.html,
2026-08-17T04:59:08,スズキ,rss,2015年7月28日,,https://www.suzuki.co.jp/release/d/2015/0728a/index.html,
2026-08-17T04:59:08,スズキ,rss,2015年7月28日,,https://www.suzuki.co.jp/release/d/2015/0728/index.html,
2026-08-17T04:59:08,スズキ,rss,2015年7月10日,,https://www.suzuki.co.jp/release/b/2015/0710/index.html,
2026-08-17T04:59:08,スズキ,rss,2015年6月30日,,https://www.suzuki.co.jp/release/d/2015/0630a/index.html,
2026-08-17T04:59:08,スズキ,rss,2015年6月30日,,https://www.suzuki.co.jp/release/d/2015/0630c/index.html,
2026-08-17T04:59:08,スズキ,rss,2015年6月30日,,https://www.suzuki.co.jp/release/d/2015/0630b/index.html,
2026-08-17T04:59:08,スズキ,rss,2015年6月29日,,https://www.suzuki.co.jp/release/d/2015/0629/index.html,
2026-08-17T04:59:08,スズキ,rss,2015年6月25日,,https://www.suzuki.co.jp/release/a/2015/0625/index.html,
2026-08-17T04:59:08,スズキ,rss,2015年6月17日,,https://www.suzuki.co.jp/release/b/2015/0617/index.html,
2026-08-17T04:59:08,スズキ,rss,2015年6月15日,,https://www.suzuki.co.jp/release/d/2015/0615/index.html,
2026-08-17T04:59:08,スズキ,rss,2015年6月3日,,https://www.suzuki.co.jp/release/a/2015/0603/index.html,
2026-08-17T04:59:08,スズキ,rss,2015年6月3日,,https://www.suzuki.co.jp/release/d/2015/0603/index.html,
2026-08-17T04:59:08,スズキ,rss,2015年6月1日,,https://www.suzuki.co.jp/release/d/2015/0601/index.html,
2026-08-17T04:59:08,スズキ,rss,2015年5月29日,,https://www.suzuki.co.jp/release/d/2015/0529/index.html,
2026-08-17T04:59:08,スズキ,rss,2015年5月28日,,https://www.suzuki.co.jp/release/d/2015/0528/index.html,
2026-08-17T04:59:08,スズキ,rss,2015年5月19日,,https://www.suzuki.co.jp/release/a/2015/0519/index.html,
2026-08-17T04:59:08,スズキ,rss,2015年5月13日,,https://www.suzuki.co.jp/release/a/2015/0513/index.html,
2026-08-17T04:59:08,スズキ,rss,2015年5月12日,,https://www.suzuki.co.jp/release/d/2015/0512/index.html,
2026-08-17T04:59:08,スズキ,rss,2015年5月11日,,https://www.suzuki.co.jp/release/d/2015/0511a/index.html,
2026-08-17T04:59:08,スズキ,rss,2015年5月11日,,https://www.suzuki.co.jp/release/d/2015/0511b/index.html,
2026-08-17T04:59:08,スズキ,rss,2015年4月28日,,https://www.suzuki.co.jp/release/d/2015/0428/index.html,
2026-08-17T04:59:08,スズキ,rss,2015年4月27日,,https://www.suzuki.co.jp/release/d/2015/0427/index.html,
2026-08-17T04:59:08,スズキ,rss,2015年4月23日,,https://www.suzuki.co.jp/release/d/2015/0423a/index.html,
2026-08-17T04:59:08,スズキ,rss,2015年4月23日,,https://www.suzuki.co.jp/release/d/2015/0423/index.html,
2026-08-17T04:59:08,スズキ,rss,2015年4月20日,,https://www.suzuki.co.jp/release/b/2015/0420a/index.html,
2026-08-17T04:59:08,スズキ,rss,2015年4月20日,,https://www.suzuki.co.jp/release/b/2015/0420b/index.html,
2026-08-17T04:59:08,スズキ,rss,2015年4月20日,,https://www.suzuki.co.jp/release/d/2015/0420/index.html,
2026-08-17T04:59:08,スズキ,rss,2015年4月16日,,https://www.suzuki.co.jp/release/b/2015/0416/index.html,
2026-08-17T04:59:08,スズキ,rss,2015年4月9日,,https://www.suzuki.co.jp/release/d/2015/0409/index.html,
2026-08-17T04:59:08,スズキ,rss,2015年4月7日,,https://www.suzuki.co.jp/release/c/2015/0407/index.html,
2026-08-17T04:59:08,スズキ,rss,2015年3月31日,,https://www.suzuki.co.jp/release/d/2014/0331a/index.html,
2026-08-17T04:59:08,スズキ,rss,2015年3月31日,,https://www.suzuki.co.jp/release/d/2014/0331/index.html,
2026-08-17T04:59:08,スズキ,rss,2015年3月26日,,https://www.suzuki.co.jp/release/b/2014/0326/index.html,
2026-08-17T04:59:08,スズキ,rss,2015年3月25日,,https://www.suzuki.co.jp/release/d/2014/0325/index.html,
2026-08-17T04:59:08,スズキ,rss,2015年3月24日,,https://www.suzuki.co.jp/release/d/2014/0324/index.html,
2026-08-17T04:59:08,スズキ,rss,2015年3月13日,,https://www.suzuki.co.jp/release/b/2014/0313/index.html,
2026-08-17T04:59:08,スズキ,rss,2015年3月11日,,https://www.suzuki.co.jp/release/a/2014/0311/index.html,
2026-08-17T04:59:08,スズキ,rss,2015年3月6日,,https://www.suzuki.co.jp/release/b/2014/0306/index.html,
2026-08-17T04:59:08,スズキ,rss,2015年3月5日,,https://www.suzuki.co.jp/release/d/2014/0305/index.html,
2026-08-17T04:59:08,スズキ,rss,2015年3月3日,,https://www.suzuki.co.jp/release/d/2014/0303/index.html,
2026-08-17T04:59:08,スズキ,rss,2015年2月27日,,https://www.suzuki.co.jp/release/b/2014/0227/index.html,
2026-08-17T04:59:08,スズキ,rss,2015年2月26日,,https://www.suzuki.co.jp/release/d/2014/0226/index.html,
2026-08-17T04:59:08,スズキ,rss,2015年2月20日,,https://www.suzuki.co.jp/release/c/2014/0220/index.html,
2026-08-17T04:59:08,スズキ,rss,2015年2月20日,,https://www.suzuki.co.jp/release/d/2014/0220/index.html,
2026-08-17T04:59:08,スズキ,rss,2015年2月19日,,https://www.suzuki.co.jp/release/a/2014/0219/index.html,
2026-08-17T04:59:08,スズキ,rss,2015年2月18日,,https://www.suzuki.co.jp/release/a/2014/0218/index.html,
2026-08-17T04:59:08,スズキ,rss,2015年2月6日,,https://www.suzuki.co.jp/release/d/2014/0206/index.html,
2026-08-17T04:59:08,スズキ,rss,2015年2月5日,,https://www.suzuki.co.jp/release/d/2014/0205/index.html,
2026-08-17T04:59:08,スズキ,rss,2015年1月28日,,https://www.suzuki.co.jp/release/d/2014/0128a/index.html,
2026-08-17T04:59:08,スズキ,rss,2015年1月28日,,https://www.suzuki.co.jp/release/d/2014/0128/index.html,
2026-08-17T04:59:08,スズキ,rss,2015年1月19日,,https://www.suzuki.co.jp/release/b/2014/0119/index.html,
2026-08-17T04:59:08,スズキ,rss,2015年1月9日,,https://www.suzuki.co.jp/release/b/2014/0109/index.html,
2026-08-17T04:59:08,スズキ,rss,2014年12月25日,,https://www.suzuki.co.jp/release/a/2014/1225/index.html,
2026-08-17T04:59:08,スズキ,rss,2014年12月25日,,https://www.suzuki.co.jp/release/d/2014/1225/index.html,
2026-08-17T04:59:08,スズキ,rss,2014年12月24日,,https://www.suzuki.co.jp/release/d/2014/1224/index.html,
2026-08-17T04:59:08,スズキ,rss,2014年12月22日,,https://www.suzuki.co.jp/release/a/2014/1222/index.html,
2026-08-17T04:59:08,スズキ,rss,2014年12月18日,,https://www.suzuki.co.jp/release/a/2014/1218/index.html,
2026-08-17T04:59:08,スズキ,rss,2014年12月12日,,https://www.suzuki.co.jp/release/d/2014/1212/index.html,
2026-08-17T04:59:08,スズキ,rss,2014年11月28日,,https://www.suzuki.co.jp/release/d/2014/1128/index.html,
2026-08-17T04:59:08,スズキ,rss,2014年11月27日,,https://www.suzuki.co.jp/release/d/2014/1127/index.html,
2026-08-17T04:59:08,スズキ,rss,2014年11月20日,,https://www.suzuki.co.jp/release/d/2014/1120/index.html,
2026-08-17T04:59:08,スズキ,rss,2014年11月19日,,https://www.suzuki.co.jp/release/b/2014/1119/index.html,
2026-08-17T04:59:08,スズキ,rss,2014年11月12日,,https://www.suzuki.co.jp/release/d/2014/1112/index.html,
2026-08-17T04:59:08,スズキ,rss,2014年11月7日,,https://www.suzuki.co.jp/release/c/2014/1107/index.html,
2026-08-17T04:59:08,スズキ,rss,2014年11月6日,,https://www.suzuki.co.jp/release/d/2014/1106/index.html,
2026-08-17T04:59:08,スズキ,rss,2014年11月5日,,https://www.suzuki.co.jp/release/a/2014/1105/index.html,
2026-08-17T04:59:08,スズキ,rss,2014年11月4日,,https://www.suzuki.co.jp/release/a/2014/1104/index.html,
2026-08-17T04:59:08,スズキ,rss,2014年10月30日,,https://www.suzuki.co.jp/release/d/2014/1030/index.html,
2026-08-17T04:59:08,スズキ,rss,2014年10月27日,,https://www.suzuki.co.jp/release/d/2014/1027/index.html,
2026-08-17T04:59:08,スズキ,rss,2014年10月6日,,https://www.suzuki.co.jp/release/d/2014/1006/index.html,
2026-08-17T04:59:08,スズキ,rss,2014年10月3日,,https://www.suzuki.co.jp/release/d/2014/1003/index.html,
2026-08-17T04:59:08,スズキ,rss,2014年10月2日,,https://www.suzuki.co.jp/release/c/2014/1002/index.html,
2026-08-17T04:59:08,スズキ,rss,2014年10月1日,,https://www.suzuki.co.jp/release/d/2014/1001a/index.html,
2026-08-17T04:59:08,スズキ,rss,2014年10月1日,,https://www.suzuki.co.jp/release/d/2014/1001b/index.html,
2026-08-17T04:59:08,スズキ,rss,2014年9月30日,,https://www.suzuki.co.jp/release/b/2014/0930a/index.html,
2026-08-17T04:59:08,スズキ,rss,2014年9月30日,,https://www.suzuki.co.jp/release/b/2014/0930b/index.html,
2026-08-17T04:59:08,スズキ,rss,2014年9月30日,,https://www.suzuki.co.jp/release/b/2014/0930/index.html,
2026-08-17T04:59:08,スズキ,rss,2014年9月30日,,https://www.suzuki.co.jp/release/d/2014/0930/index.html,
2026-08-17T04:59:08,スズキ,rss,2014年9月30日,,https://www.suzuki.co.jp/release/d/2014/0930a/index.html,
2026-08-17T04:59:08,スズキ,rss,2014年9月30日,,https://www.suzuki.co.jp/release/d/2014/0930b/index.html,
2026-08-17T04:59:08,スズキ,rss,2014年9月30日,,https://www.suzuki.co.jp/release/d/2014/0930c/index.html,
2026-08-17T04:59:08,スズキ,rss,2014年9月29日,,https://www.suzuki.co.jp/release/d/2014/0929/index.html,
2026-08-17T04:59:08,スズキ,rss,2014年9月26日,,https://www.suzuki.co.jp/release/b/2014/0926/index.html,
2026-08-17T04:59:08,スズキ,rss,2014年9月25日,,https://www.suzuki.co.jp/release/c/2014/0925/index.html,
2026-08-17T04:59:08,スズキ,rss,2014年9月22日,,https://www.suzuki.co.jp/release/d/2014/0922/index.html,
2026-08-17T04:59:08,スズキ,rss,2014年9月18日,,https://www.suzuki.co.jp/release/d/2014/0918/index.html,
2026-08-17T04:59:08,スズキ,rss,2014年9月4日,,https://www.suzuki.co.jp/release/d/2014/0904/index.html,
2026-08-17T04:59:08,スズキ,rss,2014年9月3日,,https://www.suzuki.co.jp/release/d/2014/0903/index.html,
2026-08-17T04:59:08,スズキ,rss,2014年8月29日,,https://www.suzuki.co.jp/release/b/2014/0829/index.html,
2026-08-17T04:59:08,スズキ,rss,2014年8月29日,,https://www.suzuki.co.jp/release/d/2014/0829/index.html,
2026-08-17T04:59:08,スズキ,rss,2014年8月28日,,https://www.suzuki.co.jp/release/d/2014/0828a/index.html,
2026-08-17T04:59:08,スズキ,rss,2014年8月28日,,https://www.suzuki.co.jp/release/d/2014/0828b/index.html,
2026-08-17T04:59:08,スズキ,rss,2014年8月28日,,https://www.suzuki.co.jp/release/d/2014/0828c/index.html,
2026-08-17T04:59:08,スズキ,rss,2014年8月26日,,https://www.suzuki.co.jp/release/a/2014/0826/index.html,
2026-08-17T04:59:08,スズキ,rss,2014年8月25日,,https://www.suzuki.co.jp/release/a/2014/0825/index.html,
2026-08-17T04:59:08,スズキ,rss,2014年8月20日,,https://www.suzuki.co.jp/release/a/2014/0820/index.html,
2026-08-17T04:59:08,スズキ,rss,2014年8月19日,,https://www.suzuki.co.jp/release/a/2014/0819/index.html,
2026-08-17T04:59:08,スズキ,rss,2014年8月4日,,https://www.suzuki.co.jp/release/a/2014/0804/index.html,
2026-08-17T04:59:08,スズキ,rss,2014年8月1日,,https://www.suzuki.co.jp/release/d/2014/0801/index.html,
2026-08-17T04:59:08,スズキ,rss,2014年7月30日,,https://www.suzuki.co.jp/release/d/2014/0730/index.html,
2026-08-17T04:59:08,スズキ,rss,2014年7月27日,,https://www.suzuki.co.jp/release/b/2014/0727/index.html,
2026-08-17T04:59:08,スズキ,rss,2014年7月24日,,https://www.suzuki.co.jp/release/c/2014/0724/index.html,
2026-08-17T04:59:08,スズキ,rss,2014年7月20日,,https://www.suzuki.co.jp/release/d/2014/0720/index.html,
2026-08-17T04:59:08,スズキ,rss,2014年6月27日,,https://www.suzuki.co.jp/release/d/2014/0627/index.html,
2026-08-17T04:59:08,スズキ,rss,2014年6月12日,,https://www.suzuki.co.jp/release/a/2014/0612a/index.html,
2026-08-17T04:59:08,スズキ,rss,2014年6月12日,,https://www.suzuki.co.jp/release/a/2014/0612b/index.html,
2026-08-17T04:59:08,スズキ,rss,2014年6月4日,,https://www.suzuki.co.jp/release/c/2014/0604/index.html,
2026-08-17T04:59:08,スズキ,rss,2014年6月2日,,https://www.suzuki.co.jp/release/d/2014/0602/index.html,
2026-08-17T04:59:08,スズキ,rss,2014年5月29日,,https://www.suzuki.co.jp/release/d/2014/0529/index.html,
2026-08-17T04:59:08,スズキ,rss,2014年5月14日,,https://www.suzuki.co.jp/release/b/2014/0514/index.html,
2026-08-17T04:59:08,スズキ,rss,2014年5月9日,,https://www.suzuki.co.jp/release/d/2014/0509a/index.html,
2026-08-17T04:59:08,スズキ,rss,2014年5月9日,,https://www.suzuki.co.jp/release/d/2014/0509b/index.html,
2026-08-17T04:59:08,スズキ,rss,2014年4月24日,,https://www.suzuki.co.jp/release/d/2014/0424/index.html,
2026-08-17T04:59:08,スズキ,rss,2014年4月23日,,https://www.suzuki.co.jp/release/d/2014/0423/index.html,
2026-08-17T04:59:08,スズキ,rss,2014年4月20日,,https://www.suzuki.co.jp/release/d/2014/0420/index.html,
2026-08-17T04:59:08,スズキ,rss,2014年4月20日,,https://www.suzuki.co.jp/release/d/2014/0420a/index.html,
2026-08-17T04:59:08,スズキ,rss,2014年4月10日,,https://www.suzuki.co.jp/release/d/2014/0410/index.html,
2026-08-17T04:59:08,スズキ,rss,2014年4月1日,,https://www.suzuki.co.jp/release/d/2014/0401/index.html,
2026-08-17T04:59:08,スズキ,rss,2014年3月27日,,https://www.suzuki.co.jp/release/d/2013/0327/index.html,
2026-08-17T04:59:08,スズキ,rss,2014年3月25日,,https://www.suzuki.co.jp/release/d/2013/0325/index.html,
2026-08-17T04:59:08,スズキ,rss,2014年3月20日,,https://www.suzuki.co.jp/release/b/2013/0320/index.html,
2026-08-17T04:59:08,スズキ,rss,2014年3月14日,,https://www.suzuki.co.jp/release/b/2013/0314/index.html,
2026-08-17T04:59:08,スズキ,rss,2014年3月4日,,https://www.suzuki.co.jp/release/d/2013/0304/index.html,
2026-08-17T04:59:08,スズキ,rss,2014年2月28日,,https://www.suzuki.co.jp/release/d/2013/0228/index.html,
2026-08-17T04:59:08,スズキ,rss,2014年2月26日,,https://www.suzuki.co.jp/release/d/2013/0226/index.html,
2026-08-17T04:59:08,スズキ,rss,2014年2月24日,,https://www.suzuki.co.jp/release/a/2013/0224/index.html,
2026-08-17T04:59:08,スズキ,rss,2014年2月21日,,https://www.suzuki.co.jp/release/c/2013/0221/index.html,
2026-08-17T04:59:08,スズキ,rss,2014年2月14日,,https://www.suzuki.co.jp/release/d/2013/0214/index.html,
2026-08-17T04:59:08,スズキ,rss,2014年2月13日,,https://www.suzuki.co.jp/release/d/2013/0213/index.html,
2026-08-17T04:59:08,スズキ,rss,2014年2月10日,,https://www.suzuki.co.jp/release/c/2013/0210/index.html,
2026-08-17T04:59:08,スズキ,rss,2014年2月6日,,https://www.suzuki.co.jp/release/a/2013/0206/index.html,
2026-08-17T04:59:08,スズキ,rss,2014年2月6日,,https://www.suzuki.co.jp/release/d/2013/0206a/index.html,
2026-08-17T04:59:08,スズキ,rss,2014年2月6日,,https://www.suzuki.co.jp/release/d/2013/0206b/index.html,
2026-08-17T04:59:08,スズキ,rss,2014年2月6日,,https://www.suzuki.co.jp/release/d/2013/0206/index.html,
2026-08-17T04:59:08,スズキ,rss,2014年2月5日,,https://www.suzuki.co.jp/release/b/2013/0205/index.html,
2026-08-17T04:59:08,スズキ,rss,2014年1月29日,,https://www.suzuki.co.jp/release/d/2013/0129/index.html,
2026-08-17T04:59:08,スズキ,rss,2014年1月28日,,https://www.suzuki.co.jp/release/d/2013/0128/index.html,
2026-08-17T04:59:08,スズキ,rss,2014年1月21日,,https://www.suzuki.co.jp/release/a/2013/0121/index.html,
2026-08-17T04:59:08,スズキ,rss,2014年1月14日,,https://www.suzuki.co.jp/release/d/2013/0114/index.html,
2026-08-17T04:59:08,スズキ,rss,2014年1月9日,,https://www.suzuki.co.jp/release/b/2013/0109/index.html,
2026-08-17T04:59:08,スズキ,rss,2013年12月27日,,https://www.suzuki.co.jp/release/d/2013/1227/index.html,
2026-08-17T04:59:08,スズキ,rss,2013年12月25日,,https://www.suzuki.co.jp/release/d/2013/1225/index.html,
2026-08-17T04:59:08,スズキ,rss,2013年12月24日,,https://www.suzuki.co.jp/release/a/2013/1224/index.html,
2026-08-17T04:59:08,スズキ,rss,2013年12月19日,,https://www.suzuki.co.jp/release/b/2013/1219/index.html,
2026-08-17T04:59:08,スズキ,rss,2013年12月17日,,https://www.suzuki.co.jp/release/d/2013/1217/index.html,
2026-08-17T04:59:08,スズキ,rss,2013年12月16日,,https://www.suzuki.co.jp/release/d/2013/1216/index.html,
2026-08-17T04:59:08,スズキ,rss,2013年12月6日,,https://www.suzuki.co.jp/release/c/2013/1206/index.html,
2026-08-17T04:59:08,スズキ,rss,2013年11月28日,,https://www.suzuki.co.jp/release/d/2013/1128a/index.html,
2026-08-17T04:59:08,スズキ,rss,2013年11月28日,,https://www.suzuki.co.jp/release/d/2013/1128/index.html,
2026-08-17T04:59:08,スズキ,rss,2013年11月26日,,https://www.suzuki.co.jp/release/b/2013/1126/index.html,
2026-08-17T04:59:08,スズキ,rss,2013年11月23日,,https://www.suzuki.co.jp/release/d/2013/1123/index.html,
2026-08-17T04:59:08,スズキ,rss,2013年11月19日,,https://www.suzuki.co.jp/release/a/2013/1119/index.html,
2026-08-17T04:59:08,スズキ,rss,2013年11月18日,,https://www.suzuki.co.jp/release/a/2013/1118/index.html,
2026-08-17T04:59:08,スズキ,rss,2013年11月18日,,https://www.suzuki.co.jp/release/d/2013/1118a/index.html,
2026-08-17T04:59:08,スズキ,rss,2013年11月18日,,https://www.suzuki.co.jp/release/d/2013/1118b/index.html,
2026-08-17T04:59:08,スズキ,rss,2013年11月1日,,https://www.suzuki.co.jp/release/d/2013/1101/index.html,
2026-08-17T04:59:08,スズキ,rss,2013年10月29日,,https://www.suzuki.co.jp/release/d/2013/1029/index.html,
2026-08-17T04:59:08,スズキ,rss,2013年10月28日,,https://www.suzuki.co.jp/release/a/2013/1028/index.html,
2026-08-17T04:59:08,スズキ,rss,2013年10月28日,,https://www.suzuki.co.jp/release/d/2013/1028/index.html,
2026-08-17T04:59:08,スズキ,rss,2013年10月23日,,https://www.suzuki.co.jp/release/d/2013/1023/index.html,
2026-08-17T04:59:08,スズキ,rss,2013年10月16日,,https://www.suzuki.co.jp/release/a/2013/1016/index.html,
2026-08-17T04:59:08,スズキ,rss,2013年10月8日,,https://www.suzuki.co.jp/release/d/2013/1008/index.html,
2026-08-17T04:59:08,スズキ,rss,2013年10月1日,,https://www.suzuki.co.jp/release/d/2013/1001/index.html,
2026-08-17T04:59:08,スズキ,rss,2013年10月1日,,https://www.suzuki.co.jp/release/d/2013/1001a/index.html,
2026-08-17T04:59:08,スズキ,rss,2013年9月25日,,https://www.suzuki.co.jp/release/d/2013/0925/index.html,
2026-08-17T04:59:08,スズキ,rss,2013年9月24日,,https://www.suzuki.co.jp/release/b/2013/0924a/index.html,
2026-08-17T04:59:08,スズキ,rss,2013年9月24日,,https://www.suzuki.co.jp/release/b/2013/0924b/index.html,
2026-08-17T04:59:08,スズキ,rss,2013年9月24日,,https://www.suzuki.co.jp/release/b/2013/0924c/index.html,
2026-08-17T04:59:08,スズキ,rss,2013年9月19日,,https://www.suzuki.co.jp/release/d/2013/0919/index.html,
2026-08-17T04:59:08,スズキ,rss,2013年9月13日,,https://www.suzuki.co.jp/release/d/2013/0913/index.html,
2026-08-17T04:59:08,スズキ,rss,2013年9月10日,,https://www.suzuki.co.jp/release/c/2013/0910/index.html,
2026-08-17T04:59:08,スズキ,rss,2013年9月10日,,https://www.suzuki.co.jp/release/d/2013/0910/index.html,
2026-08-17T04:59:08,スズキ,rss,2013年9月6日,,https://www.suzuki.co.jp/release/d/2013/0906a/index.html,
2026-08-17T04:59:08,スズキ,rss,2013年9月6日,,https://www.suzuki.co.jp/release/d/2013/0906/index.html,
2026-08-17T04:59:08,スズキ,rss,2013年9月3日,,https://www.suzuki.co.jp/release/d/2013/0903/index.html,
2026-08-17T04:59:08,スズキ,rss,2013年8月29日,,https://www.suzuki.co.jp/release/a/2013/0829/index.html,
2026-08-17T04:59:08,スズキ,rss,2013年8月28日,,https://www.suzuki.co.jp/release/d/2013/0828/index.html,
2026-08-17T04:59:08,スズキ,rss,2013年8月26日,,https://www.suzuki.co.jp/release/a/2013/0826/index.html,
2026-08-17T04:59:08,スズキ,rss,2013年8月22日,,https://www.suzuki.co.jp/release/d/2013/0822/index.html,
2026-08-17T04:59:08,スズキ,rss,2013年8月1日,,https://www.suzuki.co.jp/release/d/2013/0801a/index.html,
2026-08-17T04:59:08,スズキ,rss,2013年8月1日,,https://www.suzuki.co.jp/release/d/2013/0801b/index.html,
2026-08-17T04:59:08,スズキ,rss,2013年7月30日,,https://www.suzuki.co.jp/release/d/2013/0730/index.html,
2026-08-17T04:59:08,スズキ,rss,2013年7月28日,,https://www.suzuki.co.jp/release/b/2013/0728/index.html,
2026-08-17T04:59:08,スズキ,rss,2013年7月26日,,https://www.suzuki.co.jp/release/d/2013/0726/index.html,
2026-08-17T04:59:08,スズキ,rss,2013年7月21日,,https://www.suzuki.co.jp/release/d/2013/0721/index.html,
2026-08-17T04:59:08,スズキ,rss,2013年7月17日,,https://www.suzuki.co.jp/release/a/2013/0717/index.html,
2026-08-17T04:59:08,スズキ,rss,2013年7月16日,,https://www.suzuki.co.jp/release/a/2013/0716a/index.html,
2026-08-17T04:59:08,スズキ,rss,2013年7月16日,,https://www.suzuki.co.jp/release/a/2013/0716b/index.html,
2026-08-17T04:59:08,スズキ,rss,2013年7月5日,,https://www.suzuki.co.jp/release/d/2013/0705/index.html,
2026-08-17T04:59:08,スズキ,rss,2013年7月2日,,https://www.suzuki.co.jp/release/d/2013/0702/index.html,
2026-08-17T04:59:08,スズキ,rss,2013年6月27日,,https://www.suzuki.co.jp/release/d/2013/0627/index.html,
2026-08-17T04:59:08,スズキ,rss,2013年6月19日,,https://www.suzuki.co.jp/release/a/2013/0619/index.html,
2026-08-17T04:59:08,スズキ,rss,2013年6月17日,,https://www.suzuki.co.jp/release/b/2013/0617/index.html,
2026-08-17T04:59:08,スズキ,rss,2013年6月12日,,https://www.suzuki.co.jp/release/a/2013/0612/index.html,
2026-08-17T04:59:08,スズキ,rss,2013年6月3日,,https://www.suzuki.co.jp/release/d/2013/0603/index.html,
2026-08-17T04:59:08,スズキ,rss,2013年5月30日,,https://www.suzuki.co.jp/release/d/2013/0530/index.html,
2026-08-17T04:59:08,スズキ,rss,2013年5月9日,,https://www.suzuki.co.jp/release/d/2013/0509a/index.html,
2026-08-17T04:59:08,スズキ,rss,2013年5月9日,,https://www.suzuki.co.jp/release/d/2013/0509b/index.html,
2026-08-17T04:59:08,スズキ,rss,2013年5月7日,,https://www.suzuki.co.jp/release/b/2013/0507/index.html,
2026-08-17T04:59:08,スズキ,rss,2013年4月24日,,https://www.suzuki.co.jp/release/d/2013/0424/index.html,
2026-08-17T04:59:08,スズキ,rss,2013年4月22日,,https://www.suzuki.co.jp/release/d/2013/0422/index.html,
2026-08-17T04:59:08,スズキ,rss,2013年4月20日,,https://www.suzuki.co.jp/release/d/2013/0420/index.html,
2026-08-17T04:59:08,スズキ,rss,2013年4月10日,,https://www.suzuki.co.jp/release/a/2013/0410/index.html,
2026-08-17T04:59:08,スズキ,rss,2013年4月10日,,https://www.suzuki.co.jp/release/d/2013/0410/index.html,
2026-08-17T04:59:08,スズキ,rss,2013年4月1日,,https://www.suzuki.co.jp/release/d/2013/0401a/index.html,
2026-08-17T04:59:08,スズキ,rss,2013年4月1日,,https://www.suzuki.co.jp/release/d/2013/0401/index.html,
2026-08-17T04:59:08,スズキ,rss,2013年3月29日,,https://www.suzuki.co.jp/release/d/2012/0329a/index.html,
2026-08-17T04:59:08,スズキ,rss,2013年3月29日,,https://www.suzuki.co.jp/release/d/2012/0329b/index.html,
2026-08-17T04:59:08,スズキ,rss,2013年3月28日,,https://www.suzuki.co.jp/release/d/2012/0328/index.html,
2026-08-17T04:59:08,スズキ,rss,2013年3月19日,,https://www.suzuki.co.jp/release/d/2012/0319/index.html,
2026-08-17T04:59:08,スズキ,rss,2013年3月15日,,https://www.suzuki.co.jp/release/d/2012/0315/index.html,
2026-08-17T04:59:08,スズキ,rss,2013年3月5日,,https://www.suzuki.co.jp/release/d/2012/0305/index.html,
2026-08-17T04:59:08,スズキ,rss,2013年2月28日,,https://www.suzuki.co.jp/release/b/2012/0228/index.html,
2026-08-17T04:59:08,スズキ,rss,2013年2月27日,,https://www.suzuki.co.jp/release/d/2012/0227/index.html,
2026-08-17T04:59:08,スズキ,rss,2013年2月26日,,https://www.suzuki.co.jp/release/a/2012/0226/index.html,
2026-08-17T04:59:08,スズキ,rss,2013年2月25日,,https://www.suzuki.co.jp/release/c/2012/0225/index.html,
2026-08-17T04:59:08,スズキ,rss,2013年2月20日,,https://www.suzuki.co.jp/release/a/2012/0220/index.html,
2026-08-17T04:59:08,スズキ,rss,2013年2月15日,,https://www.suzuki.co.jp/release/d/2012/0215/index.html,
2026-08-17T04:59:08,スズキ,rss,2013年2月7日,,https://www.suzuki.co.jp/release/d/2012/0207/index.html,
2026-08-17T04:59:08,スズキ,rss,2013年2月6日,,https://www.suzuki.co.jp/release/d/2012/0206b/index.html,
2026-08-17T04:59:08,スズキ,rss,2013年2月6日,,https://www.suzuki.co.jp/release/d/2012/0206a/index.html,
2026-08-17T04:59:08,スズキ,rss,2013年1月31日,,https://www.suzuki.co.jp/release/d/2012/0131/index.html,
2026-08-17T04:59:08,スズキ,rss,2013年1月30日,,https://www.suzuki.co.jp/release/d/2012/0130/index.html,
2026-08-17T04:59:08,スズキ,rss,2013年1月28日,,https://www.suzuki.co.jp/release/d/2012/0128/index.html,
2026-08-17T04:59:08,スズキ,rss,2013年1月23日,,https://www.suzuki.co.jp/release/a/2012/0123/index.html,
2026-08-17T04:59:08,スズキ,rss,2013年1月9日,,https://www.suzuki.co.jp/release/d/2012/0109/index.html,
2026-08-17T04:59:08,スズキ,rss,2013年1月8日,,https://www.suzuki.co.jp/release/b/2012/0108/index.html,
2026-08-17T04:59:08,スズキ,rss,2012年12月28日,,https://www.suzuki.co.jp/release/d/2012/1228/index.html,
2026-08-17T04:59:08,スズキ,rss,2012年12月27日,,https://www.suzuki.co.jp/release/d/2012/1227/index.html,
2026-08-17T04:59:08,スズキ,rss,2012年12月21日,,https://www.suzuki.co.jp/release/d/2012/1221/index.html,
2026-08-17T04:59:08,スズキ,rss,2012年12月19日,,https://www.suzuki.co.jp/release/a/2012/1219/index.html,
2026-08-17T04:59:08,スズキ,rss,2012年12月7日,,https://www.suzuki.co.jp/release/c/2012/1207/index.html,
2026-08-17T04:59:08,スズキ,rss,2012年12月6日,,https://www.suzuki.co.jp/release/a/2012/1206/index.html,
2026-08-17T04:59:08,スズキ,rss,2012年11月29日,,https://www.suzuki.co.jp/release/d/2012/1129/index.html,
2026-08-17T04:59:08,スズキ,rss,2012年11月28日,,https://www.suzuki.co.jp/release/b/2012/1128/index.html,
2026-08-17T04:59:08,スズキ,rss,2012年11月27日,,https://www.suzuki.co.jp/release/a/2012/1127/index.html,
2026-08-17T04:59:08,スズキ,rss,2012年11月15日,,https://www.suzuki.co.jp/release/d/2012/1115/index.html,
2026-08-17T04:59:08,スズキ,rss,2012年11月14日,,https://www.suzuki.co.jp/release/d/2012/1114/index.html,
2026-08-17T04:59:08,スズキ,rss,2012年11月9日,,https://www.suzuki.co.jp/release/d/2012/1109/index.html,
2026-08-17T04:59:08,スズキ,rss,2012年11月7日,,https://www.suzuki.co.jp/release/a/2012/1107/index.html,
2026-08-17T04:59:08,スズキ,rss,2012年11月7日,,https://www.suzuki.co.jp/release/d/2012/1107/index.html,
2026-08-17T04:59:08,スズキ,rss,2012年11月6日,,https://www.suzuki.co.jp/release/d/2012/1106/index.html,
2026-08-17T04:59:08,スズキ,rss,2012年11月5日,,https://www.suzuki.co.jp/release/a/2012/1105/index.html,
2026-08-17T04:59:08,スズキ,rss,2012年10月26日,,https://www.suzuki.co.jp/release/d/2012/1026/index.html,
2026-08-17T04:59:08,スズキ,rss,2012年10月16日,,https://www.suzuki.co.jp/release/d/2012/1016/index.html,
2026-08-17T04:59:08,スズキ,rss,2012年10月10日,,https://www.suzuki.co.jp/release/a/2012/1010/index.html,
2026-08-17T04:59:08,スズキ,rss,2012年10月3日,,https://www.suzuki.co.jp/release/d/2012/1003/index.html,
2026-08-17T04:59:08,スズキ,rss,2012年10月1日,,https://www.suzuki.co.jp/release/d/2012/1001b/index.html,
2026-08-17T04:59:08,スズキ,rss,2012年10月1日,,https://www.suzuki.co.jp/release/d/2012/1001a/index.html,
2026-08-17T04:59:08,スズキ,rss,2012年9月27日,,https://www.suzuki.co.jp/release/d/2012/0927/index.html,
2026-08-17T04:59:08,スズキ,rss,2012年9月26日,,https://www.suzuki.co.jp/release/d/2012/0926/index.html,
2026-08-17T04:59:08,スズキ,rss,2012年9月24日,,https://www.suzuki.co.jp/release/d/2012/0924/index.html,
2026-08-17T04:59:08,スズキ,rss,2012年9月13日,,https://www.suzuki.co.jp/release/d/2012/0913/index.html,
2026-08-17T04:59:08,スズキ,rss,2012年9月11日,,https://www.suzuki.co.jp/release/d/2012/0911/index.html,
2026-08-17T04:59:08,スズキ,rss,2012年9月6日,,https://www.suzuki.co.jp/release/a/2012/0906/index.html,
2026-08-17T04:59:08,スズキ,rss,2012年8月30日,,https://www.suzuki.co.jp/release/d/2012/0830/index.html,
2026-08-17T04:59:08,スズキ,rss,2012年8月29日,,https://www.suzuki.co.jp/release/d/2012/0829/index.html,
2026-08-17T04:59:08,スズキ,rss,2012年8月16日,,https://www.suzuki.co.jp/release/d/2012/0816/index.html,
2026-08-17T04:59:08,スズキ,rss,2012年8月10日,,https://www.suzuki.co.jp/release/d/2012/0810/index.html,
2026-08-17T04:59:08,スズキ,rss,2012年8月9日,,https://www.suzuki.co.jp/release/a/2012/0809/index.html,
2026-08-17T04:59:08,スズキ,rss,2012年8月9日,,https://www.suzuki.co.jp/release/d/2012/0809/index.html,
2026-08-17T04:59:08,スズキ,rss,2012年8月2日,,https://www.suzuki.co.jp/release/d/2012/0802/index.html,
2026-08-17T04:59:08,スズキ,rss,2012年7月26日,,https://www.suzuki.co.jp/release/d/2012/0726/index.html,
2026-08-17T04:59:08,スズキ,rss,2012年7月25日,,https://www.suzuki.co.jp/release/d/2012/0725/index.html,
2026-08-17T04:59:08,スズキ,rss,2012年7月20日,,https://www.suzuki.co.jp/release/d/2012/0720/index.html,
2026-08-17T04:59:08,スズキ,rss,2012年7月19日,,https://www.suzuki.co.jp/release/d/2012/0719/index.html,
2026-08-17T04:59:08,スズキ,rss,2012年7月18日,,https://www.suzuki.co.jp/release/b/2012/0718/index.html,
2026-08-17T04:59:08,スズキ,rss,2012年7月18日,,https://www.suzuki.co.jp/release/d/2012/0718/index.html,
2026-08-17T04:59:08,スズキ,rss,2012年7月11日,,https://www.suzuki.co.jp/release/a/2012/0711/index.html,
2026-08-17T04:59:08,スズキ,rss,2012年7月11日,,https://www.suzuki.co.jp/release/d/2012/0711/index.html,
2026-08-17T04:59:08,スズキ,rss,2012年7月8日,,https://www.suzuki.co.jp/release/d/2012/0708/index.html,
2026-08-17T04:59:08,スズキ,rss,2012年7月5日,,https://www.suzuki.co.jp/release/a/2012/0705/index.html,
2026-08-17T04:59:08,スズキ,rss,2012年6月29日,,https://www.suzuki.co.jp/release/d/2012/0629/index.html,
2026-08-17T04:59:08,スズキ,rss,2012年6月28日,,https://www.suzuki.co.jp/release/d/2012/0628a/index.html,
2026-08-17T04:59:08,スズキ,rss,2012年6月28日,,https://www.suzuki.co.jp/release/d/2012/0628/index.html,
2026-08-17T04:59:08,スズキ,rss,2012年6月18日,,https://www.suzuki.co.jp/release/a/2012/0618a/index.html,
2026-08-17T04:59:08,スズキ,rss,2012年6月18日,,https://www.suzuki.co.jp/release/a/2012/0618b/index.html,
2026-08-17T04:59:08,スズキ,rss,2012年6月12日,,https://www.suzuki.co.jp/release/a/2012/0612/index.html,
2026-08-17T04:59:08,スズキ,rss,2012年6月11日,,https://www.suzuki.co.jp/release/a/2012/0611a/index.html,
2026-08-17T04:59:08,スズキ,rss,2012年6月11日,,https://www.suzuki.co.jp/release/a/2012/0611b/index.html,
2026-08-17T04:59:08,スズキ,rss,2012年6月4日,,https://www.suzuki.co.jp/release/c/2012/0604/index.html,
2026-08-17T04:59:08,スズキ,rss,2012年6月4日,,https://www.suzuki.co.jp/release/d/2012/0604/index.html,
2026-08-17T04:59:08,スズキ,rss,2012年6月1日,,https://www.suzuki.co.jp/release/d/2012/0601/index.html,
2026-08-17T04:59:08,スズキ,rss,2012年5月29日,,https://www.suzuki.co.jp/release/c/2012/0529/index.html,
2026-08-17T04:59:08,スズキ,rss,2012年5月28日,,https://www.suzuki.co.jp/release/d/2012/0528/index.html,
2026-08-17T04:59:08,スズキ,rss,2012年5月24日,,https://www.suzuki.co.jp/release/d/2012/0524/index.html,
2026-08-17T04:59:08,スズキ,rss,2012年5月17日,,https://www.suzuki.co.jp/release/a/2012/0517/index.html,
2026-08-17T04:59:08,スズキ,rss,2012年5月14日,,https://www.suzuki.co.jp/release/a/2012/0514/index.html,
2026-08-17T04:59:08,スズキ,rss,2012年5月10日,,https://www.suzuki.co.jp/release/d/2012/0510/index.html,
2026-08-17T04:59:08,スズキ,rss,2012年5月10日,,https://www.suzuki.co.jp/release/d/2012/0510a/index.html,
2026-08-17T04:59:08,スズキ,rss,2012年4月25日,,https://www.suzuki.co.jp/release/d/2012/0425b/index.html,
2026-08-17T04:59:08,スズキ,rss,2012年4月25日,,https://www.suzuki.co.jp/release/d/2012/0425a/index.html,
2026-08-17T04:59:08,スズキ,rss,2012年4月23日,,https://www.suzuki.co.jp/release/d/2012/0423c/index.html,
2026-08-17T04:59:08,スズキ,rss,2012年4月23日,,https://www.suzuki.co.jp/release/d/2012/0423a/index.html,
2026-08-17T04:59:08,スズキ,rss,2012年4月23日,,https://www.suzuki.co.jp/release/d/2012/0423b/index.html,
2026-08-17T04:59:08,スズキ,rss,2012年4月16日,,https://www.suzuki.co.jp/release/d/2012/0416/index.html,
2026-08-17T04:59:08,スズキ,rss,2012年4月12日,,https://www.suzuki.co.jp/release/d/2012/0412/index.html,
2026-08-17T04:59:08,スズキ,rss,2012年4月2日,,https://www.suzuki.co.jp/release/d/2012/0402/index.html,
2026-08-17T04:59:08,スズキ,rss,2012年3月29日,,https://www.suzuki.co.jp/release/d/2011/0329/index.html,
2026-08-17T04:59:08,スズキ,rss,2012年3月28日,,https://www.suzuki.co.jp/release/d/2011/0328/index.html,
2026-08-17T04:59:08,スズキ,rss,2012年3月23日,,https://www.suzuki.co.jp/release/b/2011/0323/index.html,
2026-08-17T04:59:08,スズキ,rss,2012年3月21日,,https://www.suzuki.co.jp/release/d/2011/0321/index.html,
2026-08-17T04:59:08,スズキ,rss,2012年2月27日,,https://www.suzuki.co.jp/release/a/2011/0227/index.html,
2026-08-17T04:59:08,スズキ,rss,2012年2月24日,,https://www.suzuki.co.jp/release/d/2011/0224/index.html,
2026-08-17T04:59:08,スズキ,rss,2012年2月20日,,https://www.suzuki.co.jp/release/c/2011/0220/index.html,
2026-08-17T04:59:08,スズキ,rss,2012年2月17日,,https://www.suzuki.co.jp/release/d/2011/0217/index.html,
2026-08-17T04:59:08,スズキ,rss,2012年2月14日,,https://www.suzuki.co.jp/release/a/2011/0214/index.html,
2026-08-17T04:59:08,スズキ,rss,2012年2月10日,,https://www.suzuki.co.jp/release/d/2011/0210/index.html,
2026-08-17T04:59:08,スズキ,rss,2012年2月7日,,https://www.suzuki.co.jp/release/d/2011/0207/index.html,
2026-08-17T04:59:08,スズキ,rss,2012年2月6日,,https://www.suzuki.co.jp/release/d/2011/0206/index.html,
2026-08-17T04:59:08,スズキ,rss,2012年2月2日,,https://www.suzuki.co.jp/release/d/2011/0202/index.html,
2026-08-17T04:59:08,スズキ,rss,2012年1月31日,,https://www.suzuki.co.jp/release/d/2011/0131/index.html,
2026-08-17T04:59:08,スズキ,rss,2012年1月27日,,https://www.suzuki.co.jp/release/d/2011/0127/index.html,
2026-08-17T04:59:08,スズキ,rss,2012年1月26日,,https://www.suzuki.co.jp/release/a/2011/0126/index.html,
2026-08-17T04:59:08,スズキ,rss,2012年1月23日,,https://www.suzuki.co.jp/release/c/2011/0123/index.html,
2026-08-17T04:59:08,スズキ,rss,2012年1月6日,,https://www.suzuki.co.jp/release/d/2011/0106/index.html,
2026-08-17T04:59:08,スズキ,rss,2012年1月4日,,https://www.suzuki.co.jp/release/d/2011/0104/index.html,
2026-08-17T04:59:08,スズキ,rss,2011年12月28日,,https://www.suzuki.co.jp/release/d/2011/1228/index.html,
2026-08-17T04:59:08,スズキ,rss,2011年12月22日,,https://www.suzuki.co.jp/release/d/2011/1222/index.html,
2026-08-17T04:59:08,スズキ,rss,2011年12月16日,,https://www.suzuki.co.jp/release/d/2011/1216/index.html,
2026-08-17T04:59:08,スズキ,rss,2011年12月9日,,https://www.suzuki.co.jp/release/b/2011/1209/index.html,
2026-08-17T04:59:08,スズキ,rss,2011年11月28日,,https://www.suzuki.co.jp/release/a/2011/1128/index.html,
2026-08-17T04:59:08,スズキ,rss,2011年11月28日,,https://www.suzuki.co.jp/release/d/2011/1128/index.html,
2026-08-17T04:59:08,スズキ,rss,2011年11月25日,,https://www.suzuki.co.jp/release/a/2011/1125/index.html,
2026-08-17T04:59:08,スズキ,rss,2011年11月25日,,https://www.suzuki.co.jp/release/d/2011/1125/index.html,
2026-08-17T04:59:08,スズキ,rss,2011年11月24日,,https://www.suzuki.co.jp/release/d/2011/1124/index.html,
2026-08-17T04:59:08,スズキ,rss,2011年11月24日,,https://www.suzuki.co.jp/release/a/2011/1124/index.html,
2026-08-17T04:59:08,スズキ,rss,2011年11月22日,,https://www.suzuki.co.jp/release/d/2011/1122/index.html,
2026-08-17T04:59:08,スズキ,rss,2011年11月21日,,https://www.suzuki.co.jp/release/a/2011/1121/index.html,
2026-08-17T04:59:08,スズキ,rss,2011年11月18日,,https://www.suzuki.co.jp/release/d/2011/1118a/index.html,
2026-08-17T04:59:08,スズキ,rss,2011年11月17日,,https://www.suzuki.co.jp/release/a/2011/1117/index.html,
2026-08-17T04:59:08,スズキ,rss,2011年11月16日,,https://www.suzuki.co.jp/release/d/2011/1116/index.html,
2026-08-17T04:59:08,スズキ,rss,2011年11月15日,,https://www.suzuki.co.jp/release/a/2011/1115/index.html,
2026-08-17T04:59:08,スズキ,rss,2011年11月8日,,https://www.suzuki.co.jp/release/d/2011/1108/index.html,
2026-08-17T04:59:08,スズキ,rss,2011年11月7日,,https://www.suzuki.co.jp/release/d/2011/1107/index.html,
2026-08-17T04:59:08,スズキ,rss,2011年11月1日,,https://www.suzuki.co.jp/release/d/2011/1101/index.html,
2026-08-17T04:59:08,スズキ,rss,2011年10月31日,,https://www.suzuki.co.jp/release/d/2011/1031/index.html,
2026-08-17T04:59:08,スズキ,rss,2011年10月29日,,https://www.suzuki.co.jp/release/d/2011/1029/index.html,
2026-08-17T04:59:08,スズキ,rss,2011年10月26日,,https://www.suzuki.co.jp/release/d/2011/1026/index.html,
2026-08-17T04:59:08,スズキ,rss,2011年10月14日,,https://www.suzuki.co.jp/release/d/2011/1014/index.html,
2026-08-17T04:59:08,スズキ,rss,2011年10月13日,,https://www.suzuki.co.jp/release/b/2011/1013/index.html,
2026-08-17T04:59:08,スズキ,rss,2011年10月13日,,https://www.suzuki.co.jp/release/d/2011/1013/index.html,
2026-08-17T04:59:08,スズキ,rss,2011年10月11日,,https://www.suzuki.co.jp/release/a/2011/1011/index.html,
2026-08-17T04:59:08,スズキ,rss,2011年10月5日,,https://www.suzuki.co.jp/release/d/2011/1005/index.html,
2026-08-17T04:59:08,スズキ,rss,2011年10月3日,,https://www.suzuki.co.jp/release/d/2011/1003/index.html,
2026-08-17T04:59:08,スズキ,rss,2011年9月28日,,https://www.suzuki.co.jp/release/d/2011/0928/index.html,
2026-08-17T04:59:08,スズキ,rss,2011年9月22日,,https://www.suzuki.co.jp/release/d/2011/0922/index.html,
2026-08-17T04:59:08,スズキ,rss,2011年9月12日,,https://www.suzuki.co.jp/release/d/2011/0912/index.html,
2026-08-17T04:59:08,スズキ,rss,2011年8月31日,,https://www.suzuki.co.jp/release/d/2011/0831/index.html,
2026-08-17T04:59:08,スズキ,rss,2011年8月30日,,https://www.suzuki.co.jp/release/d/2011/0830/index.html,
2026-08-17T04:59:08,スズキ,rss,2011年8月25日,,https://www.suzuki.co.jp/release/a/2011/0825/index.html,
2026-08-17T04:59:08,スズキ,rss,2011年8月18日,,https://www.suzuki.co.jp/release/d/2011/0818/index.html,
2026-08-17T04:59:08,スズキ,rss,2011年8月10日,,https://www.suzuki.co.jp/release/d/2011/0810/index.html,
2026-08-17T04:59:08,スズキ,rss,2011年7月25日,,https://www.suzuki.co.jp/release/d/2011/0725/index.html,
2026-08-17T04:59:08,スズキ,rss,2011年7月18日,,https://www.suzuki.co.jp/release/d/2011/0718/index.html,
2026-08-17T04:59:08,スズキ,rss,2011年7月15日,,https://www.suzuki.co.jp/release/d/2011/0715/index.html,
2026-08-17T04:59:08,スズキ,rss,2011年7月11日,,https://www.suzuki.co.jp/release/d/2011/0711/index.html,
2026-08-17T04:59:08,スズキ,rss,2011年7月2日,,https://www.suzuki.co.jp/release/d/2011/0702/index.html,
2026-08-17T04:59:08,スズキ,rss,2011年7月1日,,https://www.suzuki.co.jp/release/a/2011/0701/index.html,
2026-08-17T04:59:08,スズキ,rss,2011年6月29日,,https://www.suzuki.co.jp/release/d/2011/0629/index.html,
2026-08-17T04:59:08,スズキ,rss,2011年6月28日,,https://www.suzuki.co.jp/release/d/2011/0628/index.html,
2026-08-17T04:59:08,スズキ,rss,2011年6月27日,,https://www.suzuki.co.jp/release/b/2011/0627/index.html,
2026-08-17T04:59:08,スズキ,rss,2011年6月27日,,https://www.suzuki.co.jp/release/d/2011/0627/index.html,
2026-08-17T04:59:08,スズキ,rss,2011年6月23日,,https://www.suzuki.co.jp/release/d/2011/0623/index.html,
2026-08-17T04:59:08,スズキ,rss,2011年6月1日,,https://www.suzuki.co.jp/release/d/2011/0601a/index.html,
2026-08-17T04:59:08,スズキ,rss,2011年6月1日,,https://www.suzuki.co.jp/release/d/2011/0601/index.html,
2026-08-17T04:59:08,スズキ,rss,2011年5月31日,,https://www.suzuki.co.jp/release/d/2011/0531/index.html,
2026-08-17T04:59:08,スズキ,rss,2011年5月27日,,https://www.suzuki.co.jp/release/d/2011/0527/index.html,
2026-08-17T04:59:08,スズキ,rss,2011年5月19日,,https://www.suzuki.co.jp/release/d/2011/0519/index.html,
2026-08-17T04:59:08,スズキ,rss,2011年5月10日,,https://www.suzuki.co.jp/release/d/2011/0510/index.html,
2026-08-17T04:59:08,スズキ,rss,2011年4月25日,,https://www.suzuki.co.jp/release/d/2011/0425/index.html,
2026-08-17T04:59:08,スズキ,rss,2011年4月8日,,https://www.suzuki.co.jp/release/d/2011/0408/index.html,
2026-08-17T04:59:08,スズキ,rss,2011年4月1日,,https://www.suzuki.co.jp/release/d/2011/0401a/index.html,
2026-08-17T04:59:08,スズキ,rss,2011年4月1日,,https://www.suzuki.co.jp/release/d/2011/0401b/index.html,
2026-08-17T04:59:08,スズキ,rss,2011年3月31日,,https://www.suzuki.co.jp/release/d/2010/0331/index.html,
2026-08-17T04:59:08,スズキ,rss,2011年3月29日,,https://www.suzuki.co.jp/release/d/2010/0329/index.html,
2026-08-17T04:59:08,スズキ,rss,2011年3月25日,,https://www.suzuki.co.jp/release/d/2010/0325b/index.html,
2026-08-17T04:59:08,スズキ,rss,2011年3月25日,,https://www.suzuki.co.jp/release/d/2010/0325/index.html,
2026-08-17T04:59:08,スズキ,rss,2011年3月24日,,https://www.suzuki.co.jp/release/d/2010/0324/index.html,
2026-08-17T04:59:08,スズキ,rss,2011年3月23日,,https://www.suzuki.co.jp/release/d/2010/0323/index.html,
2026-08-17T04:59:08,スズキ,rss,2011年3月22日,,https://www.suzuki.co.jp/release/d/2010/0322/index.html,
2026-08-17T04:59:08,スズキ,rss,2011年3月18日,,https://www.suzuki.co.jp/release/d/2010/0318/index.html,
2026-08-17T04:59:08,スズキ,rss,2011年3月16日,,https://www.suzuki.co.jp/release/d/2010/0316b/index.html,
2026-08-17T04:59:08,スズキ,rss,2011年3月16日,,https://www.suzuki.co.jp/release/d/2010/0316/index.html,
2026-08-17T04:59:08,スズキ,rss,2011年3月15日,,https://www.suzuki.co.jp/release/d/2010/0315/index.html,
2026-08-17T04:59:08,スズキ,rss,2011年3月14日,,https://www.suzuki.co.jp/release/d/2010/0314/index.html,
2026-08-17T04:59:08,スズキ,rss,2011年3月13日,,https://www.suzuki.co.jp/release/d/2010/0313/index.html,
2026-08-17T04:59:08,スズキ,rss,2011年3月10日,,https://www.suzuki.co.jp/release/a/2010/0310/index.html,
2026-08-17T04:59:08,スズキ,rss,2011年3月10日,,https://www.suzuki.co.jp/release/d/2010/0310/index.html,
2026-08-17T04:59:08,スズキ,rss,2011年3月9日,,https://www.suzuki.co.jp/release/d/2010/0309/index.html,
2026-08-17T04:59:08,スズキ,rss,2011年3月4日,,https://www.suzuki.co.jp/release/c/2010/0304/index.html,
2026-08-17T04:59:08,スズキ,rss,2011年3月2日,,https://www.suzuki.co.jp/release/d/2010/0302/index.html,
2026-08-17T04:59:08,スズキ,rss,2011年2月25日,,https://www.suzuki.co.jp/release/d/2010/0225b/index.html,
2026-08-17T04:59:08,スズキ,rss,2011年2月25日,,https://www.suzuki.co.jp/release/d/2010/0225a/index.html,
2026-08-17T04:59:08,スズキ,rss,2011年2月22日,,https://www.suzuki.co.jp/release/a/2010/0222/index.html,
2026-08-17T04:59:08,スズキ,rss,2011年2月18日,,https://www.suzuki.co.jp/release/d/2010/0218/index.html,
2026-08-17T04:59:08,スズキ,rss,2011年2月17日,,https://www.suzuki.co.jp/release/d/2010/0217/index.html,
2026-08-17T04:59:08,スズキ,rss,2011年1月27日,,https://www.suzuki.co.jp/release/d/2010/0127/index.html,
2026-08-17T04:59:08,スズキ,rss,2011年1月20日,,https://www.suzuki.co.jp/release/a/2010/0120/index.html,
2026-08-17T04:59:08,スズキ,rss,2011年1月12日,,https://www.suzuki.co.jp/release/d/2010/0112/index.html,
2026-08-17T04:59:08,スズキ,rss,2011年1月11日,,https://www.suzuki.co.jp/release/d/2010/0111/index.html,
2026-08-17T04:59:08,スズキ,rss,2010年12月24日,,https://www.suzuki.co.jp/release/a/2010/1224/index.html,
2026-08-17T04:59:08,スズキ,rss,2010年12月24日,,https://www.suzuki.co.jp/release/d/2010/1224a/index.html,
2026-08-17T04:59:08,スズキ,rss,2010年12月24日,,https://www.suzuki.co.jp/release/d/2010/1224b/index.html,
2026-08-17T04:59:08,スズキ,rss,2010年12月21日,,https://www.suzuki.co.jp/release/a/2010/1221/index.html,
2026-08-17T04:59:08,スズキ,rss,2010年12月1日,,https://www.suzuki.co.jp/release/d/2010/1201/index.html,
2026-08-17T04:59:08,スズキ,rss,2010年11月26日,,https://www.suzuki.co.jp/release/d/2010/1126/index.html,
2026-08-17T04:59:08,スズキ,rss,2010年11月25日,,https://www.suzuki.co.jp/release/a/2010/1125a/index.html,
2026-08-17T04:59:08,スズキ,rss,2010年11月25日,,https://www.suzuki.co.jp/release/a/2010/1125b/index.html,
2026-08-17T04:59:08,スズキ,rss,2010年11月25日,,https://www.suzuki.co.jp/release/a/2010/1125c/index.html,
2026-08-17T04:59:08,スズキ,rss,2010年11月17日,,https://www.suzuki.co.jp/release/d/2010/1117/index.html,
2026-08-17T04:59:08,スズキ,rss,2010年10月25日,,https://www.suzuki.co.jp/release/d/2010/1025/index.html,
2026-08-17T04:59:08,スズキ,rss,2010年10月22日,,https://www.suzuki.co.jp/release/d/2010/1022/index.html,
2026-08-17T04:59:08,スズキ,rss,2010年10月15日,,https://www.suzuki.co.jp/release/d/2010/1015/index.html,
2026-08-17T04:59:08,スズキ,rss,2010年10月6日,,https://www.suzuki.co.jp/release/d/2010/1006/index.html,
2026-08-17T04:59:08,スズキ,rss,2010年10月1日,,https://www.suzuki.co.jp/release/d/2010/1001/index.html,
2026-08-17T04:59:08,スズキ,rss,2010年10月1日,,https://www.suzuki.co.jp/release/d/2010/1001b/index.html,
2026-08-17T04:59:08,スズキ,rss,2010年9月28日,,https://www.suzuki.co.jp/release/d/2010/0928/index.html,
2026-08-17T04:59:08,スズキ,rss,2010年9月24日,,https://www.suzuki.co.jp/release/d/2010/0924/index.html,
2026-08-17T04:59:08,スズキ,rss,2010年8月27日,,https://www.suzuki.co.jp/release/d/2010/0827a/index.html,
2026-08-17T04:59:08,スズキ,rss,2010年8月27日,,https://www.suzuki.co.jp/release/d/2010/0827b/index.html,
2026-08-17T04:59:08,スズキ,rss,2010年8月27日,,https://www.suzuki.co.jp/release/d/2010/0827c/index.html,
2026-08-17T04:59:08,スズキ,rss,2010年8月26日,,https://www.suzuki.co.jp/release/a/2010/0826/index.html,
2026-08-17T04:59:08,スズキ,rss,2010年8月20日,,https://www.suzuki.co.jp/release/a/2010/0820a/index.html,
2026-08-17T04:59:08,スズキ,rss,2010年8月20日,,https://www.suzuki.co.jp/release/a/2010/0820b/index.html,
2026-08-17T04:59:08,スズキ,rss,2010年8月20日,,https://www.suzuki.co.jp/release/a/2010/0820c/index.html,
2026-08-17T04:59:08,スズキ,rss,2010年8月6日,,https://www.suzuki.co.jp/release/d/2010/0806/index.html,
2026-08-17T04:59:08,スズキ,rss,2010年7月29日,,https://www.suzuki.co.jp/release/d/2010/0729/index.html,
2026-08-17T04:59:08,スズキ,rss,2010年7月27日,,https://www.suzuki.co.jp/release/d/2010/0727/index.html,
2026-08-17T04:59:08,スズキ,rss,2010年7月26日,,https://www.suzuki.co.jp/release/b/2010/0726/index.html,
2026-08-17T04:59:08,スズキ,rss,2010年7月20日,,https://www.suzuki.co.jp/release/d/2010/0720/index.html,
2026-08-17T04:59:08,スズキ,rss,2010年7月14日,,https://www.suzuki.co.jp/release/d/2010/0714/index.html,
2026-08-17T04:59:08,スズキ,rss,2010年7月9日,,https://www.suzuki.co.jp/release/b/2010/0709/index.html,
2026-08-17T04:59:08,スズキ,rss,2010年7月1日,,https://www.suzuki.co.jp/release/c/2010/0701/index.html,
2026-08-17T04:59:08,スズキ,rss,2010年6月30日,,https://www.suzuki.co.jp/release/d/2010/0630/index.html,
2026-08-17T04:59:08,スズキ,rss,2010年6月28日,,https://www.suzuki.co.jp/release/d/2010/0628/index.html,
2026-08-17T04:59:08,スズキ,rss,2010年6月11日,,https://www.suzuki.co.jp/release/d/2010/0611/index.html,
2026-08-17T04:59:08,スズキ,rss,2010年6月1日,,https://www.suzuki.co.jp/release/d/2010/0601/index.html,
2026-08-17T04:59:08,スズキ,rss,2010年5月28日,,https://www.suzuki.co.jp/release/d/2010/0528/index.html,
2026-08-17T04:59:08,スズキ,rss,2010年5月18日,,https://www.suzuki.co.jp/release/a/2010/0518/index.html,
2026-08-17T04:59:08,スズキ,rss,2010年5月13日,,https://www.suzuki.co.jp/release/d/2010/0513/index.html,
2026-08-17T04:59:08,スズキ,rss,2010年5月11日,,https://www.suzuki.co.jp/release/a/2010/0511/index.html,
2026-08-17T04:59:08,スズキ,rss,2010年5月10日,,https://www.suzuki.co.jp/release/d/2010/0510b/index.html,
2026-08-17T04:59:08,スズキ,rss,2010年5月10日,,https://www.suzuki.co.jp/release/d/2010/0510a/index.html,
2026-08-17T04:59:08,スズキ,rss,2010年4月26日,,https://www.suzuki.co.jp/release/d/2010/0426/index.html,
2026-08-17T04:59:08,スズキ,rss,2010年4月23日,,https://www.suzuki.co.jp/release/d/2010/0423b/index.html,
2026-08-17T04:59:08,スズキ,rss,2010年4月23日,,https://www.suzuki.co.jp/release/d/2010/0423a/index.html,
2026-08-17T04:59:08,スズキ,rss,2010年4月23日,,https://www.suzuki.co.jp/release/d/2010/0423/index.html,
2026-08-17T04:59:08,スズキ,rss,2010年4月22日,,https://www.suzuki.co.jp/release/d/2010/0422/index.html,
2026-08-17T04:59:08,スズキ,rss,2010年4月12日,,https://www.suzuki.co.jp/release/b/2010/0412/index.html,
2026-08-17T04:59:08,スズキ,rss,2010年4月9日,,https://www.suzuki.co.jp/release/a/2010/0409/index.html,
2026-08-17T04:59:08,スズキ,rss,2010年4月6日,,https://www.suzuki.co.jp/release/d/2010/0406/index.html,
2026-08-17T04:59:08,スズキ,rss,2010年4月1日,,https://www.suzuki.co.jp/release/c/2010/0401/index.html,
2026-08-17T04:59:08,スズキ,rss,2010年4月1日,,https://www.suzuki.co.jp/release/d/2010/0401/index.html,
2026-08-17T04:59:08,スズキ,rss,2010年3月29日,,https://www.suzuki.co.jp/release/d/2009/0329b/index.html,
2026-08-17T04:59:08,スズキ,rss,2010年3月29日,,https://www.suzuki.co.jp/release/d/2009/0329/index.html,
2026-08-17T04:59:08,スズキ,rss,2010年3月23日,,https://www.suzuki.co.jp/release/d/2009/0323/index.html,
2026-08-17T04:59:08,スズキ,rss,2010年3月18日,,https://www.suzuki.co.jp/release/d/2009/0318/index.html,
2026-08-17T04:59:08,スズキ,rss,2010年2月26日,,https://www.suzuki.co.jp/release/b/2009/0226/index.html,
2026-08-17T04:59:08,スズキ,rss,2010年2月23日,,https://www.suzuki.co.jp/release/d/2009/0223/index.html,
2026-08-17T04:59:08,スズキ,rss,2010年2月19日,,https://www.suzuki.co.jp/release/d/2009/0219/index.html,
2026-08-17T04:59:08,スズキ,rss,2010年2月18日,,https://www.suzuki.co.jp/release/c/2009/0218/index.html,
2026-08-17T04:59:08,スズキ,rss,2010年2月12日,,https://www.suzuki.co.jp/release/d/2009/0212b/index.html,
2026-08-17T04:59:08,スズキ,rss,2010年2月12日,,https://www.suzuki.co.jp/release/d/2009/0212/index.html,
2026-08-17T04:59:08,スズキ,rss,2010年2月8日,,https://www.suzuki.co.jp/release/d/2009/0208/index.html,
2026-08-17T04:59:08,スズキ,rss,2010年2月5日,,https://www.suzuki.co.jp/release/d/2009/0205/index.html,
2026-08-17T04:59:08,スズキ,rss,2010年2月4日,,https://www.suzuki.co.jp/release/d/2009/0204/index.html,
2026-08-17T04:59:08,スズキ,rss,2010年1月25日,,https://www.suzuki.co.jp/release/d/2009/0125/index.html,
2026-08-17T04:59:08,スズキ,rss,2010年1月21日,,https://www.suzuki.co.jp/release/a/2009/0121/index.html,
2026-08-17T04:59:08,スズキ,rss,2010年1月5日,,https://www.suzuki.co.jp/release/d/2009/0105/index.html,
2026-08-17T04:59:08,スズキ,rss,2009年12月25日,,https://www.suzuki.co.jp/release/d/2009/1225/index.html,
2026-08-17T04:59:08,スズキ,rss,2009年12月22日,,https://www.suzuki.co.jp/release/b/2009/1222/index.html,
2026-08-17T04:59:08,スズキ,rss,2009年12月22日,,https://www.suzuki.co.jp/release/d/2009/1222/index.html,
2026-08-17T04:59:08,スズキ,rss,2009年12月16日,,https://www.suzuki.co.jp/release/a/2009/1216/index.html,
2026-08-17T04:59:08,スズキ,rss,2009年12月10日,,https://www.suzuki.co.jp/release/a/2009/1210/index.html,
2026-08-17T04:59:08,スズキ,rss,2009年12月9日,,https://www.suzuki.co.jp/release/d/2009/1209/index.html,
2026-08-17T04:59:08,スズキ,rss,2009年12月4日,,https://www.suzuki.co.jp/release/b/2009/1204/index.html,
2026-08-17T04:59:08,スズキ,rss,2009年12月4日,,https://www.suzuki.co.jp/release/d/2009/1204/index.html,
2026-08-17T04:59:08,スズキ,rss,2009年12月1日,,https://www.suzuki.co.jp/release/c/2009/1201/index.html,
2026-08-17T04:59:08,スズキ,rss,2009年11月30日,,https://www.suzuki.co.jp/release/d/2009/1130/index.html,
2026-08-17T04:59:08,スズキ,rss,2009年11月27日,,https://www.suzuki.co.jp/release/d/2009/1127/index.html,
2026-08-17T04:59:08,スズキ,rss,2009年11月24日,,https://www.suzuki.co.jp/release/d/2009/1124/index.html,
2026-08-17T04:59:08,スズキ,rss,2009年11月20日,,https://www.suzuki.co.jp/release/b/2009/1120/index.html,
2026-08-17T04:59:08,スズキ,rss,2009年10月28日,,https://www.suzuki.co.jp/release/d/2009/1028/index.html,
2026-08-17T04:59:08,スズキ,rss,2009年10月21日,,https://www.suzuki.co.jp/release/a/2009/1021/index.html,
2026-08-17T04:59:08,スズキ,rss,2009年10月9日,,https://www.suzuki.co.jp/release/d/2009/1009/index.html,
2026-08-17T04:59:08,スズキ,rss,2009年10月1日,,https://www.suzuki.co.jp/release/d/2009/1001/index.html,
2026-08-17T04:59:08,スズキ,rss,2009年9月28日,,https://www.suzuki.co.jp/release/d/2009/0928/index.html,
2026-08-17T04:59:08,スズキ,rss,2009年9月17日,,https://www.suzuki.co.jp/release/a/2009/0917/index.html,
2026-08-17T04:59:08,スズキ,rss,2009年8月31日,,https://www.suzuki.co.jp/release/b/2009/0831b/index.html,
2026-08-17T04:59:08,スズキ,rss,2009年8月31日,,https://www.suzuki.co.jp/release/b/2009/0831a/index.html,
2026-08-17T04:59:08,スズキ,rss,2009年8月28日,,https://www.suzuki.co.jp/release/d/2009/0828/index.html,
2026-08-17T04:59:08,スズキ,rss,2009年8月4日,,https://www.suzuki.co.jp/release/b/2009/0804/index.html,
2026-08-17T04:59:08,スズキ,rss,2009年8月3日,,https://www.suzuki.co.jp/release/d/2009/0803/index.html,
2026-08-17T04:59:08,スズキ,rss,2009年7月28日,,https://www.suzuki.co.jp/release/d/2009/0728/index.html,
2026-08-17T04:59:08,スズキ,rss,2009年7月21日,,https://www.suzuki.co.jp/release/d/2009/0721b/index.html,
2026-08-17T04:59:08,スズキ,rss,2009年7月21日,,https://www.suzuki.co.jp/release/d/2009/0721a/index.html,
2026-08-17T04:59:08,スズキ,rss,2009年7月2日,,https://www.suzuki.co.jp/release/d/2009/0702/index.html,
2026-08-17T04:59:08,スズキ,rss,2009年6月29日,,https://www.suzuki.co.jp/release/b/2009/0629/index.html,
2026-08-17T04:59:08,スズキ,rss,2009年6月29日,,https://www.suzuki.co.jp/release/d/2009/0629/index.html,
2026-08-17T04:59:08,スズキ,rss,2009年6月25日,,https://www.suzuki.co.jp/release/d/2009/0625/index.html,
2026-08-17T04:59:08,スズキ,rss,2009年6月12日,,https://www.suzuki.co.jp/release/a/2009/0612/index.html,
2026-08-17T04:59:08,スズキ,rss,2009年6月9日,,https://www.suzuki.co.jp/release/a/2009/0609/index.html,
2026-08-17T04:59:08,スズキ,rss,2009年6月8日,,https://www.suzuki.co.jp/release/a/2009/0608/index.html,
2026-08-17T04:59:08,スズキ,rss,2009年6月1日,,https://www.suzuki.co.jp/release/d/2009/0601/index.html,
2026-08-17T04:59:08,スズキ,rss,2009年5月28日,,https://www.suzuki.co.jp/release/c/2009/0528/index.html,
2026-08-17T04:59:08,スズキ,rss,2009年5月28日,,https://www.suzuki.co.jp/release/d/2009/0528/index.html,
2026-08-17T04:59:08,スズキ,rss,2009年5月20日,,https://www.suzuki.co.jp/release/a/2009/0520a/index.html,
2026-08-17T04:59:08,スズキ,rss,2009年5月20日,,https://www.suzuki.co.jp/release/a/2009/0520b/index.html,
2026-08-17T04:59:08,スズキ,rss,2009年5月15日,,https://www.suzuki.co.jp/release/d/2009/0515/index.html,
2026-08-17T04:59:08,スズキ,rss,2009年5月14日,,https://www.suzuki.co.jp/release/a/2009/0514/index.html,
2026-08-17T04:59:08,スズキ,rss,2009年5月13日,,https://www.suzuki.co.jp/release/a/2009/0513/index.html,
2026-08-17T04:59:08,スズキ,rss,2009年5月12日,,https://www.suzuki.co.jp/release/a/2009/0512/index.html,
2026-08-17T04:59:08,スズキ,rss,2009年5月12日,,https://www.suzuki.co.jp/release/d/2009/0512/index.html,
2026-08-17T04:59:08,スズキ,rss,2009年5月11日,,https://www.suzuki.co.jp/release/d/2009/0511/index.html,
2026-08-17T04:59:08,スズキ,rss,2009年4月28日,,https://www.suzuki.co.jp/release/d/2009/0428/index.html,
2026-08-17T04:59:08,スズキ,rss,2009年4月23日,,https://www.suzuki.co.jp/release/d/2009/0423b/index.html,
2026-08-17T04:59:08,スズキ,rss,2009年4月23日,,https://www.suzuki.co.jp/release/d/2009/0423/index.html,
2026-08-17T04:59:08,スズキ,rss,2009年4月21日,,https://www.suzuki.co.jp/release/d/2009/0421/index.html,
2026-08-17T04:59:08,スズキ,rss,2009年4月13日,,https://www.suzuki.co.jp/release/b/2009/0413/index.html,
2026-08-17T04:59:08,スズキ,rss,2009年4月9日,,https://www.suzuki.co.jp/release/d/2009/0409/index.html,
2026-08-17T04:59:08,スズキ,rss,2009年4月1日,,https://www.suzuki.co.jp/release/d/2009/0401b/index.html,
2026-08-17T04:59:08,スズキ,rss,2009年4月1日,,https://www.suzuki.co.jp/release/d/2009/0401/index.html,
2026-08-17T04:59:08,スズキ,rss,2009年3月25日,,https://www.suzuki.co.jp/release/b/2008/0325/index.html,
2026-08-17T04:59:08,スズキ,rss,2009年3月24日,,https://www.suzuki.co.jp/release/d/2008/0324/index.html,
2026-08-17T04:59:08,スズキ,rss,2009年3月5日,,https://www.suzuki.co.jp/release/c/2008/0305/index.html,
2026-08-17T04:59:08,スズキ,rss,2009年3月4日,,https://www.suzuki.co.jp/release/d/2008/0304/index.html,
2026-08-17T04:59:08,スズキ,rss,2009年2月26日,,https://www.suzuki.co.jp/release/b/2008/0226a/index.html,
2026-08-17T04:59:08,スズキ,rss,2009年2月26日,,https://www.suzuki.co.jp/release/b/2008/0226b/index.html,
2026-08-17T04:59:08,スズキ,rss,2009年2月26日,,https://www.suzuki.co.jp/release/b/2008/0226c/index.html,
2026-08-17T04:59:08,スズキ,rss,2009年2月25日,,https://www.suzuki.co.jp/release/d/2008/0225/index.html,
2026-08-17T04:59:08,スズキ,rss,2009年2月20日,,https://www.suzuki.co.jp/release/d/2008/0220/index.html,
2026-08-17T04:59:08,スズキ,rss,2009年2月13日,,https://www.suzuki.co.jp/release/c/2008/0213/index.html,
2026-08-17T04:59:08,スズキ,rss,2009年2月10日,,https://www.suzuki.co.jp/release/d/2008/0210/index.html,
2026-08-17T04:59:08,スズキ,rss,2009年1月28日,,https://www.suzuki.co.jp/release/d/2008/0128/index.html,
2026-08-17T04:59:08,スズキ,rss,2009年1月15日,,https://www.suzuki.co.jp/release/a/2008/0115/index.html,
2026-08-17T04:59:08,スズキ,rss,2009年1月13日,,https://www.suzuki.co.jp/release/a/2008/0113/index.html,
2026-08-17T04:59:08,スズキ,rss,2009年1月9日,,https://www.suzuki.co.jp/release/d/2008/0109/index.html,
2026-08-17T04:59:08,スズキ,rss,2008年12月24日,,https://www.suzuki.co.jp/release/d/2008/1224/index.html,
2026-08-17T04:59:08,スズキ,rss,2008年12月22日,,https://www.suzuki.co.jp/release/d/2008/1222/index.html,
2026-08-17T04:59:08,スズキ,rss,2008年12月18日,,https://www.suzuki.co.jp/release/a/2008/1218a/index.html,
2026-08-17T04:59:08,スズキ,rss,2008年12月18日,,https://www.suzuki.co.jp/release/a/2008/1218b/index.html,
2026-08-17T04:59:08,スズキ,rss,2008年12月16日,,https://www.suzuki.co.jp/release/d/2008/1216/index.html,
2026-08-17T04:59:08,スズキ,rss,2008年12月15日,,https://www.suzuki.co.jp/release/d/2008/1215/index.html,
2026-08-17T04:59:08,スズキ,rss,2008年12月11日,,https://www.suzuki.co.jp/release/d/2008/1211/index.html,
2026-08-17T04:59:08,スズキ,rss,2008年11月28日,,https://www.suzuki.co.jp/release/b/2008/1128/index.html,
2026-08-17T04:59:08,スズキ,rss,2008年11月27日,,https://www.suzuki.co.jp/release/d/2008/1127/index.html,
2026-08-17T04:59:08,スズキ,rss,2008年11月26日,,https://www.suzuki.co.jp/release/a/2008/1126/index.html,
2026-08-17T04:59:08,スズキ,rss,2008年11月21日,,https://www.suzuki.co.jp/release/b/2008/1121/index.html,
2026-08-17T04:59:08,スズキ,rss,2008年11月21日,,https://www.suzuki.co.jp/release/d/2008/1121/index.html,
2026-08-17T04:59:08,スズキ,rss,2008年11月19日,,https://www.suzuki.co.jp/release/d/2008/1119/index.html,
2026-08-17T04:59:08,スズキ,rss,2008年11月19日,,https://www.suzuki.co.jp/release/d/2008/1119b/index.html,
2026-08-17T04:59:08,スズキ,rss,2008年11月5日,,https://www.suzuki.co.jp/release/a/2008/1105a/index.html,
2026-08-17T04:59:08,スズキ,rss,2008年11月5日,,https://www.suzuki.co.jp/release/a/2008/1105b/index.html,
2026-08-17T04:59:08,スズキ,rss,2008年10月30日,,https://www.suzuki.co.jp/release/a/2008/1030/index.html,
2026-08-17T04:59:08,スズキ,rss,2008年10月27日,,https://www.suzuki.co.jp/release/d/2008/1027/index.html,
2026-08-17T04:59:08,スズキ,rss,2008年10月22日,,https://www.suzuki.co.jp/release/d/2008/1022/index.html,
2026-08-17T04:59:08,スズキ,rss,2008年10月21日,,https://www.suzuki.co.jp/release/a/2008/1021/index.html,
2026-08-17T04:59:08,スズキ,rss,2008年10月8日,,https://www.suzuki.co.jp/release/d/2008/1008/index.html,
2026-08-17T04:59:08,スズキ,rss,2008年10月1日,,https://www.suzuki.co.jp/release/d/2008/1001/index.html,
2026-08-17T04:59:08,スズキ,rss,2008年9月30日,,https://www.suzuki.co.jp/release/d/2008/0930/index.html,
2026-08-17T04:59:08,スズキ,rss,2008年9月25日,,https://www.suzuki.co.jp/release/a/2008/0925/index.html,
2026-08-17T04:59:08,スズキ,rss,2008年9月25日,,https://www.suzuki.co.jp/release/d/2008/0925/index.html,
2026-08-17T04:59:08,スズキ,rss,2008年9月22日,,https://www.suzuki.co.jp/release/d/2008/0922/index.html,
2026-08-17T04:59:08,スズキ,rss,2008年9月19日,,https://www.suzuki.co.jp/release/c/2008/0919/index.html,
2026-08-17T04:59:08,スズキ,rss,2008年9月12日,,https://www.suzuki.co.jp/release/b/2008/0912/index.html,
2026-08-17T04:59:08,スズキ,rss,2008年8月27日,,https://www.suzuki.co.jp/release/d/2008/0827/index.html,
2026-08-17T04:59:08,スズキ,rss,2008年8月21日,,https://www.suzuki.co.jp/release/d/2008/0821/index.html,
2026-08-17T04:59:08,スズキ,rss,2008年8月7日,,https://www.suzuki.co.jp/release/d/2008/0807/index.html,
2026-08-17T04:59:08,スズキ,rss,2008年8月5日,,https://www.suzuki.co.jp/release/a/2008/0805/index.html,
2026-08-17T04:59:08,スズキ,rss,2008年7月31日,,https://www.suzuki.co.jp/release/d/2008/0731/index.html,
2026-08-17T04:59:08,スズキ,rss,2008年7月29日,,https://www.suzuki.co.jp/release/d/2008/0729/index.html,
2026-08-17T04:59:08,スズキ,rss,2008年7月23日,,https://www.suzuki.co.jp/release/d/2008/0723/index.html,
2026-08-17T04:59:08,スズキ,rss,2008年7月16日,,https://www.suzuki.co.jp/release/b/2008/0716/index.html,
2026-08-17T04:59:08,スズキ,rss,2008年7月9日,,https://www.suzuki.co.jp/release/d/2008/0709/index.html,
2026-08-17T04:59:08,スズキ,rss,2008年7月8日,,https://www.suzuki.co.jp/release/c/2008/0708/index.html,
2026-08-17T04:59:08,スズキ,rss,2008年7月7日,,https://www.suzuki.co.jp/release/b/2008/0707/index.html,
2026-08-17T04:59:08,スズキ,rss,2008年7月3日,,https://www.suzuki.co.jp/release/d/2008/0703/index.html,
2026-08-17T04:59:08,スズキ,rss,2008年6月26日,,https://www.suzuki.co.jp/release/a/2008/0626b/index.html,
2026-08-17T04:59:08,スズキ,rss,2008年6月26日,,https://www.suzuki.co.jp/release/a/2008/0626a/index.html,
2026-08-17T04:59:08,スズキ,rss,2008年6月26日,,https://www.suzuki.co.jp/release/d/2008/0626/index.html,
2026-08-17T04:59:08,スズキ,rss,2008年6月24日,,https://www.suzuki.co.jp/release/d/2008/0624/index.html,
2026-08-17T04:59:08,スズキ,rss,2008年6月18日,,https://www.suzuki.co.jp/release/d/2008/0618/index.html,
2026-08-17T04:59:08,スズキ,rss,2008年6月5日,,https://www.suzuki.co.jp/release/a/2008/0605b/index.html,
2026-08-17T04:59:08,スズキ,rss,2008年6月5日,,https://www.suzuki.co.jp/release/a/2008/0605a/index.html,
2026-08-17T04:59:08,スズキ,rss,2008年6月5日,,https://www.suzuki.co.jp/release/d/2008/0605/index.html,
2026-08-17T04:59:08,スズキ,rss,2008年6月4日,,https://www.suzuki.co.jp/release/a/2008/0604/index.html,
2026-08-17T04:59:08,スズキ,rss,2008年5月30日,,https://www.suzuki.co.jp/release/d/2008/0530/index.html,
2026-08-17T04:59:08,スズキ,rss,2008年5月27日,,https://www.suzuki.co.jp/release/d/2008/0527/index.html,
2026-08-17T04:59:08,スズキ,rss,2008年5月26日,,https://www.suzuki.co.jp/release/a/2008/0526/index.html,
2026-08-17T04:59:08,スズキ,rss,2008年5月15日,,https://www.suzuki.co.jp/release/a/2008/0515/index.html,
2026-08-17T04:59:08,スズキ,rss,2008年5月13日,,https://www.suzuki.co.jp/release/d/2008/0513/index.html,
2026-08-17T04:59:08,スズキ,rss,2008年4月24日,,https://www.suzuki.co.jp/release/d/2008/0424/index.html,
2026-08-17T04:59:08,スズキ,rss,2008年4月23日,,https://www.suzuki.co.jp/release/b/2008/0423/index.html,
2026-08-17T04:59:08,スズキ,rss,2008年4月23日,,https://www.suzuki.co.jp/release/d/2008/0423/index.html,
2026-08-17T04:59:08,スズキ,rss,2008年4月8日,,https://www.suzuki.co.jp/release/a/2008/0408/index.html,
2026-08-17T04:59:08,スズキ,rss,2008年4月1日,,https://www.suzuki.co.jp/release/d/2008/0401/index.html,
2026-08-17T04:59:08,スズキ,rss,2008年3月28日,,https://www.suzuki.co.jp/release/d/2007/0328/index.html,
2026-08-17T04:59:08,スズキ,rss,2008年3月27日,,https://www.suzuki.co.jp/release/d/2007/0327/index.html,
2026-08-17T04:59:08,スズキ,rss,2008年3月26日,,https://www.suzuki.co.jp/release/d/2007/0326/index.html,
2026-08-17T04:59:08,スズキ,rss,2008年3月21日,,https://www.suzuki.co.jp/release/d/2007/0321/index.html,
2026-08-17T04:59:08,スズキ,rss,2008年3月14日,,https://www.suzuki.co.jp/release/d/2007/0314/index.html,
2026-08-17T04:59:08,スズキ,rss,2008年3月11日,,https://www.suzuki.co.jp/release/b/2007/0311/index.html,
2026-08-17T04:59:08,スズキ,rss,2008年3月7日,,https://www.suzuki.co.jp/release/d/2007/0307/index.html,
2026-08-17T04:59:08,スズキ,rss,2008年2月29日,,https://www.suzuki.co.jp/release/c/2007/0229/index.html,
2026-08-17T04:59:08,スズキ,rss,2008年2月29日,,https://www.suzuki.co.jp/release/d/2007/0229/index.html,
2026-08-17T04:59:08,スズキ,rss,2008年2月26日,,https://www.suzuki.co.jp/release/b/2007/0226/index.html,
2026-08-17T04:59:08,スズキ,rss,2008年2月26日,,https://www.suzuki.co.jp/release/d/2007/0226/index.html,
2026-08-17T04:59:08,スズキ,rss,2008年2月22日,,https://www.suzuki.co.jp/release/b/2007/0222/index.html,
2026-08-17T04:59:08,スズキ,rss,2008年2月22日,,https://www.suzuki.co.jp/release/d/2007/0222/index.html,
2026-08-17T04:59:08,スズキ,rss,2008年2月20日,,https://www.suzuki.co.jp/release/d/2007/0220/index.html,
2026-08-17T04:59:08,スズキ,rss,2008年2月14日,,https://www.suzuki.co.jp/release/d/2007/0214/index.html,
2026-08-17T04:59:08,スズキ,rss,2008年2月13日,,https://www.suzuki.co.jp/release/d/2007/0213/index.html,
2026-08-17T04:59:08,スズキ,rss,2008年2月12日,,https://www.suzuki.co.jp/release/d/2007/0212/index.html,
2026-08-17T04:59:08,スズキ,rss,2008年2月7日,,https://www.suzuki.co.jp/release/d/2007/0207/index.html,
2026-08-17T04:59:08,スズキ,rss,2008年1月31日,,https://www.suzuki.co.jp/ir/library/financialaffairs/index.html,
2026-08-17T04:59:08,スズキ,rss,2008年1月28日,,https://www.suzuki.co.jp/release/d/2007/0128/index.html,
2026-08-17T04:59:08,スズキ,rss,2008年1月24日,,https://www.suzuki.co.jp/release/a/2007/0124/index.html,
2026-08-17T04:59:08,スズキ,rss,2008年1月24日,,https://www.suzuki.co.jp/release/d/2007/0124/index.html,
2026-08-17T04:59:08,スズキ,rss,2008年1月17日,,https://www.suzuki.co.jp/release/b/2007/0117/index.html,
2026-08-17T04:59:08,スズキ,rss,2008年1月16日,,https://www.suzuki.co.jp/release/a/2007/0116/index.html,
2026-08-17T04:59:08,スズキ,rss,2008年1月16日,,https://www.suzuki.co.jp/release/d/2007/0116/index.html,
2026-08-17T04:59:08,スズキ,rss,2007年12月27日,,https://www.suzuki.co.jp/release/d/2007/1227/index.html,
2026-08-17T04:59:08,スズキ,rss,2007年12月26日,,https://www.suzuki.co.jp/release/d/2007/1226/index.html,
2026-08-17T04:59:08,スズキ,rss,2007年12月21日,,https://www.suzuki.co.jp/release/b/2007/1221a/index.html,
2026-08-17T04:59:08,スズキ,rss,2007年12月21日,,https://www.suzuki.co.jp/release/b/2007/1221b/index.html,
2026-08-17T04:59:08,スズキ,rss,2007年12月12日,,https://www.suzuki.co.jp/release/b/2007/1212a/index.html,
2026-08-17T04:59:08,スズキ,rss,2007年12月12日,,https://www.suzuki.co.jp/release/b/2007/1212b/index.html,
2026-08-17T04:59:08,スズキ,rss,2007年12月12日,,https://www.suzuki.co.jp/release/d/2007/1212/index.html,
2026-08-17T04:59:08,スズキ,rss,2007年12月11日,,https://www.suzuki.co.jp/release/d/2007/1211/index.html,
2026-08-17T04:59:08,スズキ,rss,2007年12月7日,,https://www.suzuki.co.jp/release/d/2007/1207/index.html,
2026-08-17T04:59:08,スズキ,rss,2007年12月5日,,https://www.suzuki.co.jp/release/a/2007/1205/index.html,
2026-08-17T04:59:08,スズキ,rss,2007年12月4日,,https://www.suzuki.co.jp/release/a/2007/1204/index.html,
2026-08-17T04:59:08,スズキ,rss,2007年11月28日,,https://www.suzuki.co.jp/release/d/2007/1128/index.html,
2026-08-17T04:59:08,スズキ,rss,2007年11月27日,,https://www.suzuki.co.jp/release/d/2007/1127b/index.html,
2026-08-17T04:59:08,スズキ,rss,2007年11月27日,,https://www.suzuki.co.jp/release/d/2007/1127a/index.html,
2026-08-17T04:59:08,スズキ,rss,2007年11月20日,,https://www.suzuki.co.jp/release/a/2007/1120/index.html,
2026-08-17T04:59:08,スズキ,rss,2007年11月13日,,https://www.suzuki.co.jp/release/b/2007/1113/index.html,
2026-08-17T04:59:08,スズキ,rss,2007年11月6日,,https://www.suzuki.co.jp/release/a/2007/1106b/index.html,
2026-08-17T04:59:08,スズキ,rss,2007年11月6日,,https://www.suzuki.co.jp/release/a/2007/1106a/index.html,
2026-08-17T04:59:08,スズキ,rss,2007年11月2日,,https://www.suzuki.co.jp/release/d/2007/1102/index.html,
2026-08-17T04:59:08,スズキ,rss,2007年10月29日,,https://www.suzuki.co.jp/release/d/2007/1029a/index.html,
2026-08-17T04:59:08,スズキ,rss,2007年10月29日,,https://www.suzuki.co.jp/release/d/2007/1029/index.html,
2026-08-17T04:59:08,スズキ,rss,2007年10月16日,,https://www.suzuki.co.jp/release/a/2007/1016/index.html,
2026-08-17T04:59:08,スズキ,rss,2007年10月15日,,https://www.suzuki.co.jp/release/d/2007/1015/index.html,
2026-08-17T04:59:08,スズキ,rss,2007年10月11日,,https://www.suzuki.co.jp/release/d/2007/1011/index.html,
2026-08-17T04:59:08,スズキ,rss,2007年10月9日,,https://www.suzuki.co.jp/release/b/2007/1009/index.html,
2026-08-17T04:59:08,スズキ,rss,2007年10月3日,,https://www.suzuki.co.jp/release/d/2007/1003/index.html,
2026-08-17T04:59:08,スズキ,rss,2007年10月2日,,https://www.suzuki.co.jp/release/c/2007/1002/index.html,
2026-08-17T04:59:08,スズキ,rss,2007年10月2日,,https://www.suzuki.co.jp/release/d/2007/1002/index.html,
2026-08-17T04:59:08,スズキ,rss,2007年9月29日,,https://www.suzuki.co.jp/release/d/2007/0929/index.html,
2026-08-17T04:59:08,スズキ,rss,2007年9月28日,,https://www.suzuki.co.jp/release/d/2007/0928/index.html,
2026-08-17T04:59:08,スズキ,rss,2007年9月27日,,https://www.suzuki.co.jp/release/d/2007/0927/index.html,
2026-08-17T04:59:08,スズキ,rss,2007年9月20日,,https://www.suzuki.co.jp/release/b/2007/0920a/index.html,
2026-08-17T04:59:08,スズキ,rss,2007年9月20日,,https://www.suzuki.co.jp/release/b/2007/0920b/index.html,
2026-08-17T04:59:08,スズキ,rss,2007年9月12日,,https://www.suzuki.co.jp/release/a/2007/0912a/index.html,
2026-08-17T04:59:08,スズキ,rss,2007年9月12日,,https://www.suzuki.co.jp/release/d/2007/0912b/index.html,
2026-08-17T04:59:08,スズキ,rss,2007年8月28日,,https://www.suzuki.co.jp/release/d/2007/0828/index.html,
2026-08-17T04:59:08,スズキ,rss,2007年8月10日,,https://www.suzuki.co.jp/release/d/2007/0810/index.html,
2026-08-17T04:59:08,スズキ,rss,2007年8月6日,,https://www.suzuki.co.jp/release/b/2007/0806/index.html,
2026-08-17T04:59:08,スズキ,rss,2007年7月26日,,https://www.suzuki.co.jp/release/d/2007/0726b/index.html,
2026-08-17T04:59:08,スズキ,rss,2007年7月26日,,https://www.suzuki.co.jp/release/d/2007/0726a/index.html,
2026-08-17T04:59:08,スズキ,rss,2007年7月24日,,https://www.suzuki.co.jp/release/a/2007/0724/index.html,
2026-08-17T04:59:08,スズキ,rss,2007年7月24日,,https://www.suzuki.co.jp/release/d/2007/0724/index.html,
2026-08-17T04:59:08,スズキ,rss,2007年7月23日,,https://www.suzuki.co.jp/release/d/2007/0723/index.html,
2026-08-17T04:59:08,スズキ,rss,2007年7月20日,,https://www.suzuki.co.jp/release/d/2007/0720/index.html,
2026-08-17T04:59:08,スズキ,rss,2007年7月19日,,https://www.suzuki.co.jp/release/d/2007/0719/index.html,
2026-08-17T04:59:08,スズキ,rss,2007年7月18日,,https://www.suzuki.co.jp/release/d/2007/0718/index.html,
2026-08-17T04:59:08,スズキ,rss,2007年7月9日,,https://www.suzuki.co.jp/release/a/2007/0709/index.html,
2026-08-17T04:59:08,スズキ,rss,2007年7月5日,,https://www.suzuki.co.jp/release/c/2007/0705/index.html,
2026-08-17T04:59:08,スズキ,rss,2007年7月3日,,https://www.suzuki.co.jp/release/c/2007/0703/index.html,
2026-08-17T04:59:08,スズキ,rss,2007年7月3日,,https://www.suzuki.co.jp/release/d/2007/0703/index.html,
2026-08-17T04:59:08,スズキ,rss,2007年6月25日,,https://www.suzuki.co.jp/release/d/2007/0625/index.html,
2026-08-17T04:59:08,スズキ,rss,2007年6月21日,,https://www.suzuki.co.jp/release/c/2007/0621/index.html,
2026-08-17T04:59:08,スズキ,rss,2007年6月8日,,https://www.suzuki.co.jp/release/d/2007/0608a/index.html,
2026-08-17T04:59:08,スズキ,rss,2007年6月8日,,https://www.suzuki.co.jp/release/d/2007/0608b/index.html,
2026-08-17T04:59:08,スズキ,rss,2007年6月5日,,https://www.suzuki.co.jp/release/a/2007/0605d/index.html,
2026-08-17T04:59:08,スズキ,rss,2007年6月5日,,https://www.suzuki.co.jp/release/a/2007/0605c/index.html,
2026-08-17T04:59:08,スズキ,rss,2007年6月5日,,https://www.suzuki.co.jp/release/a/2007/0605b/index.html,
2026-08-17T04:59:08,スズキ,rss,2007年6月5日,,https://www.suzuki.co.jp/release/a/2007/0605a/index.html,
2026-08-17T04:59:08,スズキ,rss,2007年5月25日,,https://www.suzuki.co.jp/release/d/2007/0525/index.html,
2026-08-17T04:59:08,スズキ,rss,2007年5月24日,,https://www.suzuki.co.jp/release/a/2007/0524/index.html,
2026-08-17T04:59:08,スズキ,rss,2007年5月21日,,https://www.suzuki.co.jp/release/d/2007/0521b/index.html,
2026-08-17T04:59:08,スズキ,rss,2007年5月21日,,https://www.suzuki.co.jp/release/d/2007/0521a/index.html,
2026-08-17T04:59:08,スズキ,rss,2007年5月17日,,https://www.suzuki.co.jp/release/d/2007/0517/index.html,
2026-08-17T04:59:08,スズキ,rss,2007年5月16日,,https://www.suzuki.co.jp/release/a/2007/0516/index.html,
2026-08-17T04:59:08,スズキ,rss,2007年5月15日,,https://www.suzuki.co.jp/release/a/2007/0515b/index.html,
2026-08-17T04:59:08,スズキ,rss,2007年5月15日,,https://www.suzuki.co.jp/release/a/2007/0515a/index.html,
2026-08-17T04:59:08,スズキ,rss,2007年5月11日,,https://www.suzuki.co.jp/release/a/2007/0511/index.html,
2026-08-17T04:59:08,スズキ,rss,2007年5月11日,,https://www.suzuki.co.jp/release/d/2007/0511/index.html,
2026-08-17T04:59:08,スズキ,rss,2007年5月7日,,https://www.suzuki.co.jp/release/d/2007/0507/index.html,
2026-08-17T04:59:08,スズキ,rss,2007年4月26日,,https://www.suzuki.co.jp/release/d/2007/0426/index.html,
2026-08-17T04:59:08,スズキ,rss,2007年4月24日,,https://www.suzuki.co.jp/release/d/2007/0424/index.html,
2026-08-17T04:59:08,スズキ,rss,2007年4月20日,,https://www.suzuki.co.jp/release/d/2007/0420/index.html,
2026-08-17T04:59:08,スズキ,rss,2007年4月19日,,https://www.suzuki.co.jp/release/a/2007/0419/index.html,
2026-08-17T04:59:08,スズキ,rss,2007年3月28日,,https://www.suzuki.co.jp/release/d/d070328.htm,
2026-08-17T04:59:08,スズキ,rss,2007年3月27日,,https://www.suzuki.co.jp/release/d/d070327.htm,
2026-08-17T04:59:08,スズキ,rss,2007年3月22日,,https://www.suzuki.co.jp/release/b/b070322.htm,
2026-08-17T04:59:08,スズキ,rss,2007年3月9日,,https://www.suzuki.co.jp/release/c/c070309.htm,
2026-08-17T04:59:08,スズキ,rss,2007年3月6日,,https://www.suzuki.co.jp/release/d/d070306.htm,
2026-08-17T04:59:08,スズキ,rss,2007年2月27日,,https://www.suzuki.co.jp/release/d/d070227c.htm,
2026-08-17T04:59:08,スズキ,rss,2007年2月27日,,https://www.suzuki.co.jp/release/d/d070227a.htm,
2026-08-17T04:59:08,スズキ,rss,2007年2月27日,,https://www.suzuki.co.jp/release/d/d070227b.htm,
2026-08-17T04:59:08,スズキ,rss,2007年2月23日,,https://www.suzuki.co.jp/release/d/d070223.htm,
2026-08-17T04:59:08,スズキ,rss,2007年2月22日,,https://www.suzuki.co.jp/release/b/b070222.htm,
2026-08-17T04:59:08,スズキ,rss,2007年2月16日,,https://www.suzuki.co.jp/release/d/d070216.htm,
2026-08-17T04:59:08,スズキ,rss,2007年2月14日,,https://www.suzuki.co.jp/release/b/b070214a.htm,
2026-08-17T04:59:08,スズキ,rss,2007年2月14日,,https://www.suzuki.co.jp/release/b/b070214b.htm,
2026-08-17T04:59:08,スズキ,rss,2007年2月9日,,https://www.suzuki.co.jp/release/b/b070209.htm,
2026-08-17T04:59:08,スズキ,rss,2007年2月6日,,https://www.suzuki.co.jp/release/d/d070206.htm,
2026-08-17T04:59:08,スズキ,rss,2007年2月5日,,https://www.suzuki.co.jp/release/a/a070205.htm,
2026-08-17T04:59:08,スズキ,rss,2007年1月30日,,https://www.suzuki.co.jp/release/c/c070130.htm,
2026-08-17T04:59:08,スズキ,rss,2007年1月30日,,https://www.suzuki.co.jp/release/d/d070130.htm,
2026-08-17T04:59:08,スズキ,rss,2007年1月29日,,https://www.suzuki.co.jp/release/d/d070129.htm,
2026-08-17T04:59:08,スズキ,rss,2007年1月26日,,https://www.suzuki.co.jp/release/d/d070126b.htm,
2026-08-17T04:59:08,スズキ,rss,2007年1月26日,,https://www.suzuki.co.jp/release/d/d070126.htm,
2026-08-17T04:59:08,スズキ,rss,2007年1月25日,,https://www.suzuki.co.jp/release/d/d070125.htm,
2026-08-17T04:59:08,スズキ,rss,2007年1月22日,,https://www.suzuki.co.jp/release/a/a070122.htm,
2026-08-17T04:59:08,スズキ,rss,2007年1月19日,,https://www.suzuki.co.jp/release/b/b070119a.htm,
2026-08-17T04:59:08,スズキ,rss,2007年1月19日,,https://www.suzuki.co.jp/release/b/b070119b.htm,
2026-08-17T04:59:08,スズキ,rss,2007年1月12日,,https://www.suzuki.co.jp/release/b/b070112.htm,
2026-08-17T04:59:08,スズキ,rss,2006年12月28日,,https://www.suzuki.co.jp/release/d/d061228.htm,
2026-08-17T04:59:08,スズキ,rss,2006年12月25日,,https://www.suzuki.co.jp/release/d/d061225.htm,
2026-08-17T04:59:08,スズキ,rss,2006年12月15日,,https://www.suzuki.co.jp/release/d/d061215.htm,
2026-08-17T04:59:08,スズキ,rss,2006年12月13日,,https://www.suzuki.co.jp/release/a/a061213.htm,
2026-08-17T04:59:08,スズキ,rss,2006年12月13日,,https://www.suzuki.co.jp/release/b/b061213.htm,
2026-08-17T04:59:08,スズキ,rss,2006年12月11日,,https://www.suzuki.co.jp/release/a/a061211.htm,
2026-08-17T04:59:08,スズキ,rss,2006年12月6日,,https://www.suzuki.co.jp/release/a/a061206.htm,
2026-08-17T04:59:08,スズキ,rss,2006年12月5日,,https://www.suzuki.co.jp/release/a/a061205.htm,
2026-08-17T04:59:08,スズキ,rss,2006年12月4日,,https://www.suzuki.co.jp/release/a/a061204.htm,
2026-08-17T04:59:08,スズキ,rss,2006年11月27日,,https://www.suzuki.co.jp/release/d/d061127b.htm,
2026-08-17T04:59:08,スズキ,rss,2006年11月27日,,https://www.suzuki.co.jp/release/d/d061127a.htm,
2026-08-17T04:59:08,スズキ,rss,2006年11月22日,,https://www.suzuki.co.jp/release/b/b061122.htm,
2026-08-17T04:59:08,スズキ,rss,2006年11月20日,,https://www.suzuki.co.jp/release/d/d061120.htm,
2026-08-17T04:59:08,スズキ,rss,2006年11月8日,,https://www.suzuki.co.jp/release/a/a061108a.htm,
2026-08-17T04:59:08,スズキ,rss,2006年11月8日,,https://www.suzuki.co.jp/release/a/a061108b.htm,
2026-08-17T04:59:08,スズキ,rss,2006年11月7日,,https://www.suzuki.co.jp/release/a/a061107.htm,
2026-08-17T04:59:08,スズキ,rss,2006年11月1日,,https://www.suzuki.co.jp/ir/library/financialaffairs/pdf/h19_mid/gyouseki_yosou_syuusei.pdf,
2026-08-17T04:59:08,スズキ,rss,2006年11月1日,,https://www.suzuki.co.jp/ir/library/financialaffairs/pdf/h19_mid/mid_haito_syuusei.pdf,
2026-08-17T04:59:08,スズキ,rss,2006年10月30日,,https://www.suzuki.co.jp/release/a/a061030.htm,
2026-08-17T04:59:08,スズキ,rss,2006年10月24日,,https://www.suzuki.co.jp/release/d/d061024.htm,
2026-08-17T04:59:08,スズキ,rss,2006年10月19日,,https://www.suzuki.co.jp/release/a/a061019.htm,
2026-08-17T04:59:08,スズキ,rss,2006年10月17日,,https://www.suzuki.co.jp/release/d/d061017.htm,
2026-08-17T04:59:08,スズキ,rss,2006年10月11日,,https://www.suzuki.co.jp/release/a/a061011.htm,
2026-08-17T04:59:08,スズキ,rss,2006年10月10日,,https://www.suzuki.co.jp/release/d/d061010.htm,
2026-08-17T04:59:08,スズキ,rss,2006年10月4日,,https://www.suzuki.co.jp/release/b/b061004.htm,
2026-08-17T04:59:08,スズキ,rss,2006年9月29日,,https://www.suzuki.co.jp/release/d/d060929b.htm,
2026-08-17T04:59:08,スズキ,rss,2006年9月29日,,https://www.suzuki.co.jp/release/d/d060929a.htm,
2026-08-17T04:59:08,スズキ,rss,2006年9月26日,,https://www.suzuki.co.jp/release/c/c060926.htm,
2026-08-17T04:59:08,スズキ,rss,2006年9月25日,,https://www.suzuki.co.jp/release/d/d060925b.htm,
2026-08-17T04:59:08,スズキ,rss,2006年9月25日,,https://www.suzuki.co.jp/release/d/d060925a.htm,
2026-08-17T04:59:08,スズキ,rss,2006年9月21日,,https://www.suzuki.co.jp/release/d/d060921.htm,
2026-08-17T04:59:08,スズキ,rss,2006年9月12日,,https://www.suzuki.co.jp/release/a/a060912.htm,
2026-08-17T04:59:08,スズキ,rss,2006年9月5日,,https://www.suzuki.co.jp/release/b/b060905.htm,
2026-08-17T04:59:08,スズキ,rss,2006年9月4日,,https://www.suzuki.co.jp/release/a/a060904a.htm,
2026-08-17T04:59:08,スズキ,rss,2006年9月4日,,https://www.suzuki.co.jp/release/a/a060904b.htm,
2026-08-17T04:59:08,スズキ,rss,2006年8月28日,,https://www.suzuki.co.jp/release/d/d060828b.htm,
2026-08-17T04:59:08,スズキ,rss,2006年8月28日,,https://www.suzuki.co.jp/release/d/d060828a.htm,
2026-08-17T04:59:08,スズキ,rss,2006年8月11日,,https://www.suzuki.co.jp/release/d/d060811.htm,
2026-08-17T04:59:08,スズキ,rss,2006年8月10日,,https://www.suzuki.co.jp/release/b/b060810.htm,
2026-08-17T04:59:08,スズキ,rss,2006年8月9日,,https://www.suzuki.co.jp/release/d/d060809.htm,
2026-08-17T04:59:08,スズキ,rss,2006年8月7日,,https://www.suzuki.co.jp/release/d/d060807.htm,
2026-08-17T04:59:08,スズキ,rss,2006年7月24日,,https://www.suzuki.co.jp/release/d/d060724.htm,
2026-08-17T04:59:08,スズキ,rss,2006年7月21日,,https://www.suzuki.co.jp/release/d/d060721.htm,
2026-08-17T04:59:08,スズキ,rss,2006年7月10日,,https://www.suzuki.co.jp/release/a/a060710.htm,
2026-08-17T04:59:08,スズキ,rss,2006年7月4日,,https://www.suzuki.co.jp/release/a/a060704.htm,
2026-08-17T04:59:08,スズキ,rss,2006年7月4日,,https://www.suzuki.co.jp/release/d/d060704.htm,
2026-08-17T04:59:08,スズキ,rss,2006年6月29日,,https://www.suzuki.co.jp/release/d/d060629.htm,
2026-08-17T04:59:08,スズキ,rss,2006年6月26日,,https://www.suzuki.co.jp/release/d/d060626.htm,
2026-08-17T04:59:08,スズキ,rss,2006年6月20日,,https://www.suzuki.co.jp/release/d/d060620.htm,
2026-08-17T04:59:08,スズキ,rss,2006年6月13日,,https://www.suzuki.co.jp/release/d/d060613.htm,
2026-08-17T04:59:08,スズキ,rss,2006年6月12日,,https://www.suzuki.co.jp/release/a/a060612.htm,
2026-08-17T04:59:08,スズキ,rss,2006年6月12日,,https://www.suzuki.co.jp/release/d/d060612.htm,
2026-08-17T04:59:08,スズキ,rss,2006年6月8日,,https://www.suzuki.co.jp/release/a/a060608.htm,
2026-08-17T04:59:08,スズキ,rss,2006年6月5日,,https://www.suzuki.co.jp/release/a/a060605.htm,
2026-08-17T04:59:08,スズキ,rss,2006年6月2日,,https://www.suzuki.co.jp/release/d/d060602b.htm,
2026-08-17T04:59:08,スズキ,rss,2006年6月2日,,https://www.suzuki.co.jp/release/d/d060602a.htm,
2026-08-17T04:59:08,スズキ,rss,2006年5月31日,,https://www.suzuki.co.jp/release/d/d060531.htm,
2026-08-17T04:59:08,スズキ,rss,2006年5月25日,,https://www.suzuki.co.jp/release/a/a060525.htm,
2026-08-17T04:59:08,スズキ,rss,2006年5月24日,,https://www.suzuki.co.jp/release/d/d060524.htm,
2026-08-17T04:59:08,スズキ,rss,2006年5月19日,,https://www.suzuki.co.jp/release/b/b060519a.htm,
2026-08-17T04:59:08,スズキ,rss,2006年5月19日,,https://www.suzuki.co.jp/release/b/b060519b.htm,
2026-08-17T04:59:08,スズキ,rss,2006年5月11日,,https://www.suzuki.co.jp/release/a/a060511.htm,
2026-08-17T04:59:08,スズキ,rss,2006年5月8日,,https://www.suzuki.co.jp/release/d/d060508.htm,
2026-08-17T04:59:08,スズキ,rss,2006年4月28日,,https://www.suzuki.co.jp/release/d/d060428.htm,
2026-08-17T04:59:08,スズキ,rss,2006年4月24日,,https://www.suzuki.co.jp/release/d/d060424.htm,
2026-08-17T04:59:08,スズキ,rss,2006年4月21日,,https://www.suzuki.co.jp/release/b/b060421.htm,
2026-08-17T04:59:08,スズキ,rss,2006年4月20日,,https://www.suzuki.co.jp/release/c/c060420.htm,
2026-08-17T04:59:08,スズキ,rss,2006年4月13日,,https://www.suzuki.co.jp/release/d/d060413b.htm,
2026-08-17T04:59:08,スズキ,rss,2006年4月13日,,https://www.suzuki.co.jp/release/d/d060413a.htm,
2026-08-17T04:59:08,スズキ,rss,2006年4月12日,,https://www.suzuki.co.jp/release/a/a060412.htm,
2026-08-17T04:59:08,スズキ,rss,2006年4月11日,,https://www.suzuki.co.jp/release/a/a060411.htm,
2026-08-17T04:59:08,スズキ,rss,2006年4月6日,,https://www.suzuki.co.jp/release/a/a060406.htm,
2026-08-17T04:59:08,スズキ,rss,2006年4月3日,,https://www.suzuki.co.jp/release/d/d060403.htm,
2026-08-17T04:59:08,スズキ,rss,2006年3月31日,,https://www.suzuki.co.jp/release/d/d060331.htm,
2026-08-17T04:59:08,スズキ,rss,2006年3月29日,,https://www.suzuki.co.jp/release/b/b060329.htm,
2026-08-17T04:59:08,スズキ,rss,2006年3月24日,,https://www.suzuki.co.jp/release/d/d060324b.htm,
2026-08-17T04:59:08,スズキ,rss,2006年3月24日,,https://www.suzuki.co.jp/release/d/d060324a.htm,
2026-08-17T04:59:08,スズキ,rss,2006年3月15日,,https://www.suzuki.co.jp/release/b/b060315.htm,
2026-08-17T04:59:08,スズキ,rss,2006年3月7日,,https://www.suzuki.co.jp/release/d/d060307b.htm,
2026-08-17T04:59:08,スズキ,rss,2006年3月7日,,https://www.suzuki.co.jp/release/d/d060307.htm,
2026-08-17T04:59:08,スズキ,rss,2006年3月6日,,https://www.suzuki.co.jp/release/d/d060306b.htm,
2026-08-17T04:59:08,スズキ,rss,2006年3月6日,,https://www.suzuki.co.jp/release/d/d060306a.htm,
2026-08-17T04:59:08,スズキ,rss,2006年3月3日,,https://www.suzuki.co.jp/release/d/d060303.htm,
2026-08-17T04:59:08,スズキ,rss,2006年3月1日,,https://www.suzuki.co.jp/release/d/d060301.htm,
2026-08-17T04:59:08,スズキ,rss,2006年2月24日,,https://www.suzuki.co.jp/release/d/d060224b.htm,
2026-08-17T04:59:08,スズキ,rss,2006年2月24日,,https://www.suzuki.co.jp/release/d/d060224a.htm,
2026-08-17T04:59:08,スズキ,rss,2006年2月23日,,https://www.suzuki.co.jp/release/b/b060223a.htm,
2026-08-17T04:59:08,スズキ,rss,2006年2月22日,,https://www.suzuki.co.jp/release/d/d060222.htm,
2026-08-17T04:59:08,スズキ,rss,2006年2月20日,,https://www.suzuki.co.jp/release/d/d060220.htm,
2026-08-17T04:59:08,スズキ,rss,2006年2月17日,,https://www.suzuki.co.jp/release/d/d060217.htm,
2026-08-17T04:59:08,スズキ,rss,2006年2月13日,,https://www.suzuki.co.jp/release/b/b060213.htm,
2026-08-17T04:59:08,スズキ,rss,2006年2月9日,,https://www.suzuki.co.jp/release/d/d060209.htm,
2026-08-17T04:59:08,スズキ,rss,2006年2月2日,,https://www.suzuki.co.jp/release/a/a060202.htm,
2026-08-17T04:59:08,スズキ,rss,2006年2月1日,,https://www.suzuki.co.jp/release/d/d060201.htm,
2026-08-17T04:59:08,スズキ,rss,2006年1月30日,,https://www.suzuki.co.jp/release/a/a060130.htm,
2026-08-17T04:59:08,スズキ,rss,2006年1月30日,,https://www.suzuki.co.jp/release/c/c060130.htm,
2026-08-17T04:59:08,スズキ,rss,2006年1月26日,,https://www.suzuki.co.jp/release/a/a060126.htm,
2026-08-17T04:59:08,スズキ,rss,2006年1月26日,,https://www.suzuki.co.jp/release/d/d060126.htm,
2026-08-17T04:59:08,スズキ,rss,2006年1月23日,,https://www.suzuki.co.jp/release/b/b060123.htm,
2026-08-17T04:59:08,スズキ,rss,2006年1月20日,,https://www.suzuki.co.jp/release/a/a060120.htm,
2026-08-17T04:59:08,スズキ,rss,2006年1月20日,,https://www.suzuki.co.jp/release/d/d060120.htm,
2026-08-17T04:59:08,スズキ,rss,2006年1月17日,,https://www.suzuki.co.jp/release/a/a060117a.htm,
2026-08-17T04:59:08,スズキ,rss,2006年1月17日,,https://www.suzuki.co.jp/release/a/a060117b.htm,
2026-08-17T04:59:08,スズキ,rss,2006年1月17日,,https://www.suzuki.co.jp/release/a/a060117c.htm,
2026-08-17T04:59:08,スズキ,rss,2006年1月13日,,https://www.suzuki.co.jp/release/d/d060113b.htm,
2026-08-17T04:59:08,スズキ,rss,2006年1月13日,,https://www.suzuki.co.jp/release/d/d060113.htm,
2026-08-17T04:59:08,スズキ,rss,2006年1月10日,,https://www.suzuki.co.jp/release/b/b060110.htm,
2026-08-17T04:59:08,スズキ,rss,2006年1月5日,,https://www.suzuki.co.jp/release/a/a060105.htm,
2026-08-17T04:59:08,スズキ,rss,2005年12月28日,,https://www.suzuki.co.jp/release/b/b051228.htm,
2026-08-17T04:59:08,スズキ,rss,2005年12月28日,,https://www.suzuki.co.jp/release/d/d051228.htm,
2026-08-17T04:59:08,スズキ,rss,2005年12月27日,,https://www.suzuki.co.jp/release/d/d051227.htm,
2026-08-17T04:59:08,スズキ,rss,2005年12月22日,,https://www.suzuki.co.jp/release/d/d051222.htm,
2026-08-17T04:59:08,スズキ,rss,2005年12月15日,,https://www.suzuki.co.jp/release/d/d051215.htm,
2026-08-17T04:59:08,スズキ,rss,2005年12月14日,,https://www.suzuki.co.jp/release/a/a051214.htm,
2026-08-17T04:59:08,スズキ,rss,2005年12月13日,,https://www.suzuki.co.jp/release/d/d051213.htm,
2026-08-17T04:59:08,スズキ,rss,2005年12月8日,,https://www.suzuki.co.jp/release/d/d051208.htm,
2026-08-17T04:59:08,スズキ,rss,2005年12月5日,,https://www.suzuki.co.jp/release/a/a051205b.htm,
2026-08-17T04:59:08,スズキ,rss,2005年12月5日,,https://www.suzuki.co.jp/release/a/a051205a.htm,
2026-08-17T04:59:08,スズキ,rss,2005年12月5日,,https://www.suzuki.co.jp/release/d/d051205a.htm,
2026-08-17T04:59:08,スズキ,rss,2005年12月5日,,https://www.suzuki.co.jp/release/d/d051205b.htm,
2026-08-17T04:59:08,スズキ,rss,2005年12月1日,,https://www.suzuki.co.jp/release/d/d051201.htm,
2026-08-17T04:59:08,スズキ,rss,2005年11月25日,,https://www.suzuki.co.jp/release/d/d051125b.htm,
2026-08-17T04:59:08,スズキ,rss,2005年11月25日,,https://www.suzuki.co.jp/release/d/d051125a.htm,
2026-08-17T04:59:08,スズキ,rss,2005年11月24日,,https://www.suzuki.co.jp/release/a/a051124.htm,
2026-08-17T04:59:08,スズキ,rss,2005年11月16日,,https://www.suzuki.co.jp/release/c/c051116.htm,
2026-08-17T04:59:08,スズキ,rss,2005年11月15日,,https://www.suzuki.co.jp/release/a/a051115.htm,
2026-08-17T04:59:08,スズキ,rss,2005年11月9日,,https://www.suzuki.co.jp/release/a/a051109.htm,
2026-08-17T04:59:08,スズキ,rss,2005年11月4日,,https://www.suzuki.co.jp/release/d/d051104.htm,
2026-08-17T04:59:08,スズキ,rss,2005年10月26日,,https://www.suzuki.co.jp/release/b/b051026.htm,
2026-08-17T04:59:08,スズキ,rss,2005年10月24日,,https://www.suzuki.co.jp/release/d/d051024.htm,
2026-08-17T04:59:08,スズキ,rss,2005年10月20日,,https://www.suzuki.co.jp/release/d/d051020.htm,
2026-08-17T04:59:08,スズキ,rss,2005年10月14日,,https://www.suzuki.co.jp/release/d/d051014.htm,
2026-08-17T04:59:08,スズキ,rss,2005年10月11日,,https://www.suzuki.co.jp/release/d/d051011.htm,
2026-08-17T04:59:08,スズキ,rss,2005年10月7日,,https://www.suzuki.co.jp/release/c/c051007.htm,
2026-08-17T04:59:08,スズキ,rss,2005年10月5日,,https://www.suzuki.co.jp/release/a/a051005.htm,
2026-08-17T04:59:08,スズキ,rss,2005年10月3日,,https://www.suzuki.co.jp/release/c/c051003.htm,
2026-08-17T04:59:08,スズキ,rss,2005年9月29日,,https://www.suzuki.co.jp/release/d/d050929.htm,
2026-08-17T04:59:08,スズキ,rss,2005年9月28日,,https://www.suzuki.co.jp/release/c/c050928.htm,
2026-08-17T04:59:08,スズキ,rss,2005年9月27日,,https://www.suzuki.co.jp/release/c/c050927a.htm,
2026-08-17T04:59:08,スズキ,rss,2005年9月27日,,https://www.suzuki.co.jp/release/d/d050927.htm,
2026-08-17T04:59:08,スズキ,rss,2005年9月26日,,https://www.suzuki.co.jp/release/c/c050926.htm,
2026-08-17T04:59:08,スズキ,rss,2005年9月21日,,https://www.suzuki.co.jp/release/d/d050921.htm,
2026-08-17T04:59:08,スズキ,rss,2005年9月16日,,https://www.suzuki.co.jp/release/d/d050916.htm,
2026-08-17T04:59:08,スズキ,rss,2005年9月12日,,https://www.suzuki.co.jp/release/b/b050912.htm,
2026-08-17T04:59:08,スズキ,rss,2005年9月9日,,https://www.suzuki.co.jp/release/d/d050909.htm,
2026-08-17T04:59:08,スズキ,rss,2005年9月7日,,https://www.suzuki.co.jp/release/a/a050907.htm,
2026-08-17T04:59:08,スズキ,rss,2005年9月5日,,https://www.suzuki.co.jp/release/d/d050905.htm,
2026-08-17T04:59:08,スズキ,rss,2005年9月2日,,https://www.suzuki.co.jp/release/a/a050902.htm,
2026-08-17T04:59:08,スズキ,rss,2005年9月2日,,https://www.suzuki.co.jp/release/d/d050902.htm,
2026-08-17T04:59:08,スズキ,rss,2005年8月26日,,https://www.suzuki.co.jp/release/a/a050826a.htm,
2026-08-17T04:59:08,スズキ,rss,2005年8月26日,,https://www.suzuki.co.jp/release/a/a050826b.htm,
2026-08-17T04:59:08,スズキ,rss,2005年8月26日,,https://www.suzuki.co.jp/release/d/d050826b.htm,
2026-08-17T04:59:08,スズキ,rss,2005年8月26日,,https://www.suzuki.co.jp/release/d/d050826a.htm,
2026-08-17T04:59:08,スズキ,rss,2005年8月22日,,https://www.suzuki.co.jp/release/d/d050822.htm,
2026-08-17T04:59:08,スズキ,rss,2005年8月17日,,https://www.suzuki.co.jp/release/a/a050817.htm,
2026-08-17T04:59:08,スズキ,rss,2005年7月28日,,https://www.suzuki.co.jp/release/d/d050728.htm,
2026-08-17T04:59:08,スズキ,rss,2005年7月27日,,https://www.suzuki.co.jp/release/b/b050727.htm,
2026-08-17T04:59:08,スズキ,rss,2005年7月25日,,https://www.suzuki.co.jp/release/d/d050725.htm,
2026-08-17T04:59:08,スズキ,rss,2005年7月11日,,https://www.suzuki.co.jp/release/c/c050711.htm,
2026-08-17T04:59:08,スズキ,rss,2005年7月11日,,https://www.suzuki.co.jp/release/d/d050711.htm,
2026-08-17T04:59:08,スズキ,rss,2005年6月29日,,https://www.suzuki.co.jp/release/d/d050629.htm,
2026-08-17T04:59:08,スズキ,rss,2005年6月23日,,https://www.suzuki.co.jp/release/d/d050623.htm,
2026-08-17T04:59:08,スズキ,rss,2005年6月21日,,https://www.suzuki.co.jp/release/b/b050621.htm,
2026-08-17T04:59:08,スズキ,rss,2005年6月17日,,https://www.suzuki.co.jp/release/b/b050617.htm,
2026-08-17T04:59:08,スズキ,rss,2005年6月17日,,https://www.suzuki.co.jp/release/d/d050617.htm,
2026-08-17T04:59:08,スズキ,rss,2005年6月15日,,https://www.suzuki.co.jp/release/a/a050615.htm,
2026-08-17T04:59:08,スズキ,rss,2005年6月3日,,https://www.suzuki.co.jp/release/d/d050603.htm,
2026-08-17T04:59:08,スズキ,rss,2005年5月31日,,https://www.suzuki.co.jp/release/d/d050531.htm,
2026-08-17T04:59:08,スズキ,rss,2005年5月27日,,https://www.suzuki.co.jp/release/d/d050527.htm,
2026-08-17T04:59:08,スズキ,rss,2005年5月26日,,https://www.suzuki.co.jp/release/d/d050526b.htm,
2026-08-17T04:59:08,スズキ,rss,2005年5月26日,,https://www.suzuki.co.jp/release/d/d050526.htm,
2026-08-17T04:59:08,スズキ,rss,2005年5月25日,,https://www.suzuki.co.jp/release/d/d050525.htm,
2026-08-17T04:59:08,スズキ,rss,2005年5月19日,,https://www.suzuki.co.jp/release/d/d050519.htm,
2026-08-17T04:59:08,スズキ,rss,2005年5月16日,,https://www.suzuki.co.jp/release/a/a050516.htm,
2026-08-17T04:59:08,スズキ,rss,2005年5月16日,,https://www.suzuki.co.jp/release/d/d050516a.htm,
2026-08-17T04:59:08,スズキ,rss,2005年5月16日,,https://www.suzuki.co.jp/release/d/d050516b.htm,
2026-08-17T04:59:08,スズキ,rss,2005年5月9日,,https://www.suzuki.co.jp/release/a/a050509a.htm,
2026-08-17T04:59:08,スズキ,rss,2005年5月9日,,https://www.suzuki.co.jp/release/a/a050509b.htm,
2026-08-17T04:59:08,スズキ,rss,2005年5月9日,,https://www.suzuki.co.jp/release/a/a050509c.htm,
2026-08-17T04:59:08,スズキ,rss,2005年5月9日,,https://www.suzuki.co.jp/release/a/a050509d.htm,
2026-08-17T04:59:08,スズキ,rss,2005年5月2日,,https://www.suzuki.co.jp/release/d/d050502.htm,
2026-08-17T04:59:08,スズキ,rss,2005年4月28日,,https://www.suzuki.co.jp/release/d/d050428c.htm,
2026-08-17T04:59:08,スズキ,rss,2005年4月28日,,https://www.suzuki.co.jp/release/d/d050428a.htm,
2026-08-17T04:59:08,スズキ,rss,2005年4月28日,,https://www.suzuki.co.jp/release/d/d050428b.htm,
2026-08-17T04:59:08,スズキ,rss,2005年4月27日,,https://www.suzuki.co.jp/release/d/d050427.htm,
2026-08-17T04:59:08,スズキ,rss,2005年4月25日,,https://www.suzuki.co.jp/release/b/b050425.htm,
2026-08-17T04:59:08,スズキ,rss,2005年4月19日,,https://www.suzuki.co.jp/release/d/d050419.htm,
2026-08-17T04:59:08,スズキ,rss,2005年4月12日,,https://www.suzuki.co.jp/release/d/d050412.htm,
2026-08-17T04:59:08,スズキ,rss,2005年4月11日,,https://www.suzuki.co.jp/release/a/a050411.htm,
2026-08-17T04:59:08,スズキ,rss,2005年4月6日,,https://www.suzuki.co.jp/release/a/a050406.htm,
2026-08-17T04:59:08,スズキ,rss,2005年4月4日,,https://www.suzuki.co.jp/release/d/d050404.htm,
2026-08-17T04:59:08,スズキ,rss,2005年3月28日,,https://www.suzuki.co.jp/release/d/d050328.htm,
2026-08-17T04:59:08,スズキ,rss,2005年3月25日,,https://www.suzuki.co.jp/release/d/d050325.htm,
2026-08-17T04:59:08,スズキ,rss,2005年3月24日,,https://www.suzuki.co.jp/release/b/b050324.htm,
2026-08-17T04:59:08,スズキ,rss,2005年3月23日,,https://www.suzuki.co.jp/release/d/d050323.htm,
2026-08-17T04:59:08,スズキ,rss,2005年3月18日,,https://www.suzuki.co.jp/release/b/b050318.htm,
2026-08-17T04:59:08,スズキ,rss,2005年3月11日,,https://www.suzuki.co.jp/release/a/a050311.htm,
2026-08-17T04:59:08,スズキ,rss,2005年2月25日,,https://www.suzuki.co.jp/release/d/d050225.htm,
2026-08-17T04:59:08,スズキ,rss,2005年2月24日,,https://www.suzuki.co.jp/release/d/d050224.htm,
2026-08-17T04:59:08,スズキ,rss,2005年2月21日,,https://www.suzuki.co.jp/release/b/b050221a.htm,
2026-08-17T04:59:08,スズキ,rss,2005年2月21日,,https://www.suzuki.co.jp/release/b/b050221b.htm,
2026-08-17T04:59:08,スズキ,rss,2005年2月18日,,https://www.suzuki.co.jp/release/b/b050218.htm,
2026-08-17T04:59:08,スズキ,rss,2005年2月18日,,https://www.suzuki.co.jp/release/d/d050218.htm,
2026-08-17T04:59:08,スズキ,rss,2005年2月10日,,https://www.suzuki.co.jp/release/d/d050210.htm,
2026-08-17T04:59:08,スズキ,rss,2005年2月7日,,https://www.suzuki.co.jp/release/d/d050207.htm,
2026-08-17T04:59:08,スズキ,rss,2005年2月4日,,https://www.suzuki.co.jp/release/d/d050204.htm,
2026-08-17T04:59:08,スズキ,rss,2005年2月3日,,https://www.suzuki.co.jp/release/b/b050203.htm,
2026-08-17T04:59:08,スズキ,rss,2005年1月31日,,https://www.suzuki.co.jp/release/c/c050131.htm,
2026-08-17T04:59:08,スズキ,rss,2005年1月31日,,https://www.suzuki.co.jp/release/d/d050131.htm,
2026-08-17T04:59:08,スズキ,rss,2005年1月28日,,https://www.suzuki.co.jp/release/d/d050128b.htm,
2026-08-17T04:59:08,スズキ,rss,2005年1月28日,,https://www.suzuki.co.jp/release/d/d050128.htm,
2026-08-17T04:59:08,スズキ,rss,2005年1月25日,,https://www.suzuki.co.jp/release/d/d050125.htm,
2026-08-17T04:59:08,スズキ,rss,2005年1月24日,,https://www.suzuki.co.jp/release/b/b050124a.htm,
2026-08-17T04:59:08,スズキ,rss,2005年1月24日,,https://www.suzuki.co.jp/release/b/b050124b.htm,
2026-08-17T04:59:08,スズキ,rss,2005年1月21日,,https://www.suzuki.co.jp/release/a/a050121.htm,
2026-08-17T04:59:08,スズキ,rss,2005年1月21日,,https://www.suzuki.co.jp/release/d/d050121b.htm,
2026-08-17T04:59:08,スズキ,rss,2005年1月21日,,https://www.suzuki.co.jp/release/d/d050121a.htm,
2026-08-17T04:59:08,スズキ,rss,2005年1月20日,,https://www.suzuki.co.jp/release/b/b050120.htm,
2026-08-17T04:59:08,スズキ,rss,2005年1月12日,,https://www.suzuki.co.jp/release/a/a050112.htm,
2026-08-17T04:59:08,スズキ,rss,2005年1月11日,,https://www.suzuki.co.jp/release/a/a050111.htm,
2026-08-17T04:59:08,スズキ,rss,2005年1月6日,,https://www.suzuki.co.jp/release/b/b050106.htm,
2026-08-17T04:59:08,スズキ,rss,2004年12月29日,,https://www.suzuki.co.jp/release/d/d041229.htm,
2026-08-17T04:59:08,スズキ,rss,2004年12月28日,,https://www.suzuki.co.jp/release/d/d041228.htm,
2026-08-17T04:59:08,スズキ,rss,2004年12月24日,,https://www.suzuki.co.jp/release/d/d041224.htm,
2026-08-17T04:59:08,スズキ,rss,2004年12月22日,,https://www.suzuki.co.jp/release/b/b041222.htm,
2026-08-17T04:59:08,スズキ,rss,2004年12月21日,,https://www.suzuki.co.jp/release/d/d041221.htm,
2026-08-17T04:59:08,スズキ,rss,2004年12月15日,,https://www.suzuki.co.jp/release/a/a041215.htm,
2026-08-17T04:59:08,スズキ,rss,2004年12月14日,,https://www.suzuki.co.jp/release/a/a041214a.htm,
2026-08-17T04:59:08,スズキ,rss,2004年12月14日,,https://www.suzuki.co.jp/release/a/a041214b.htm,
2026-08-17T04:59:08,スズキ,rss,2004年12月8日,,https://www.suzuki.co.jp/release/d/d041208.htm,
2026-08-17T04:59:08,スズキ,rss,2004年12月7日,,https://www.suzuki.co.jp/release/a/a041207a.htm,
2026-08-17T04:59:08,スズキ,rss,2004年12月7日,,https://www.suzuki.co.jp/release/a/a041207b.htm,
2026-08-17T04:59:08,スズキ,rss,2004年12月3日,,https://www.suzuki.co.jp/release/d/d041203.htm,
2026-08-17T04:59:08,スズキ,rss,2004年12月1日,,https://www.suzuki.co.jp/release/a/a041201a.htm,
2026-08-17T04:59:08,スズキ,rss,2004年12月1日,,https://www.suzuki.co.jp/release/a/a041201b.htm,
2026-08-17T04:59:08,スズキ,rss,2004年11月30日,,https://www.suzuki.co.jp/release/d/d041130.htm,
2026-08-17T04:59:08,スズキ,rss,2004年11月19日,,https://www.suzuki.co.jp/release/b/b041119.htm,
2026-08-17T04:59:08,スズキ,rss,2004年11月1日,,https://www.suzuki.co.jp/release/a/a041101.htm,
2026-08-17T04:59:08,スズキ,rss,2004年10月27日,,https://www.suzuki.co.jp/release/d/d041027.htm,
2026-08-17T04:59:08,スズキ,rss,2004年10月20日,,https://www.suzuki.co.jp/release/b/b041020a.htm,
2026-08-17T04:59:08,スズキ,rss,2004年10月20日,,https://www.suzuki.co.jp/release/b/b041020b.htm,
2026-08-17T04:59:08,スズキ,rss,2004年10月14日,,https://www.suzuki.co.jp/release/d/d041014.htm,
2026-08-17T04:59:08,スズキ,rss,2004年10月13日,,https://www.suzuki.co.jp/release/a/a041013a.htm,
2026-08-17T04:59:08,スズキ,rss,2004年10月13日,,https://www.suzuki.co.jp/release/a/a041013b.htm,
2026-08-17T04:59:08,スズキ,rss,2004年10月12日,,https://www.suzuki.co.jp/release/c/c041012.htm,
2026-08-17T04:59:08,スズキ,rss,2004年10月7日,,https://www.suzuki.co.jp/release/b/b041007a.htm,
2026-08-17T04:59:08,スズキ,rss,2004年10月7日,,https://www.suzuki.co.jp/release/b/b041007b.htm,
2026-08-17T04:59:08,スズキ,rss,2004年10月6日,,https://www.suzuki.co.jp/release/d/d041006.htm,
2026-08-17T04:59:08,スズキ,rss,2004年10月5日,,https://www.suzuki.co.jp/release/a/a041005.htm,
2026-08-17T04:59:08,スズキ,rss,2004年10月5日,,https://www.suzuki.co.jp/release/d/d041005.htm,
2026-08-17T04:59:08,スズキ,rss,2004年9月24日,,https://www.suzuki.co.jp/release/d/d040924.htm,
2026-08-17T04:59:08,スズキ,rss,2004年9月21日,,https://www.suzuki.co.jp/release/d/d040921.htm,
2026-08-17T04:59:08,スズキ,rss,2004年9月17日,,https://www.suzuki.co.jp/release/b/b040917.htm,
2026-08-17T04:59:08,スズキ,rss,2004年9月14日,,https://www.suzuki.co.jp/release/d/d040914.htm,
2026-08-17T04:59:08,スズキ,rss,2004年9月13日,,https://www.suzuki.co.jp/release/a/a040913.htm,
2026-08-17T04:59:08,スズキ,rss,2004年9月13日,,https://www.suzuki.co.jp/release/d/d040913a.htm,
2026-08-17T04:59:08,スズキ,rss,2004年9月13日,,https://www.suzuki.co.jp/release/d/d040913b.htm,
2026-08-17T04:59:08,スズキ,rss,2004年9月7日,,https://www.suzuki.co.jp/release/d/d040907.htm,
2026-08-17T04:59:08,スズキ,rss,2004年8月31日,,https://www.suzuki.co.jp/release/d/d040831.htm,
2026-08-17T04:59:08,スズキ,rss,2004年8月30日,,https://www.suzuki.co.jp/release/d/d040830.htm,
2026-08-17T04:59:08,スズキ,rss,2004年8月6日,,https://www.suzuki.co.jp/release/d/d040806.htm,
2026-08-17T04:59:08,スズキ,rss,2004年8月5日,,https://www.suzuki.co.jp/release/d/d040805.htm,
2026-08-17T04:59:08,スズキ,rss,2004年7月30日,,https://www.suzuki.co.jp/release/d/d040730.htm,
2026-08-17T04:59:08,スズキ,rss,2004年7月30日,,https://www.suzuki.co.jp/release/d/d040730b.htm,
2026-08-17T04:59:08,スズキ,rss,2004年7月29日,,https://www.suzuki.co.jp/release/a/a040729.htm,
2026-08-17T04:59:08,スズキ,rss,2004年7月29日,,https://www.suzuki.co.jp/release/d/d040729.htm,
2026-08-17T04:59:08,スズキ,rss,2004年7月23日,,https://www.suzuki.co.jp/release/d/d040723.htm,
2026-08-17T04:59:08,スズキ,rss,2004年7月21日,,https://www.suzuki.co.jp/release/d/d040721.htm,
2026-08-17T04:59:08,スズキ,rss,2004年7月20日,,https://www.suzuki.co.jp/release/a/a040720.htm,
2026-08-17T04:59:08,スズキ,rss,2004年7月7日,,https://www.suzuki.co.jp/release/d/d040707.htm,
2026-08-17T04:59:08,スズキ,rss,2004年7月6日,,https://www.suzuki.co.jp/release/a/a040706.htm,
2026-08-17T04:59:08,スズキ,rss,2004年7月1日,,https://www.suzuki.co.jp/release/d/d040701.htm,
2026-08-17T04:59:08,スズキ,rss,2004年6月24日,,https://www.suzuki.co.jp/release/d/d040624.htm,
2026-08-17T04:59:08,スズキ,rss,2004年6月21日,,https://www.suzuki.co.jp/release/a/a040621.htm,
2026-08-17T04:59:08,スズキ,rss,2004年6月21日,,https://www.suzuki.co.jp/release/b/b040621a.htm,
2026-08-17T04:59:08,スズキ,rss,2004年6月21日,,https://www.suzuki.co.jp/release/b/b040621b.htm,
2026-08-17T04:59:08,スズキ,rss,2004年6月14日,,https://www.suzuki.co.jp/release/b/b040614.htm,
2026-08-17T04:59:08,スズキ,rss,2004年6月9日,,https://www.suzuki.co.jp/release/d/d040609.htm,
2026-08-17T04:59:08,スズキ,rss,2004年5月27日,,https://www.suzuki.co.jp/release/d/d040527.htm,
2026-08-17T04:59:08,スズキ,rss,2004年5月21日,,https://www.suzuki.co.jp/release/c/c040521.htm,
2026-08-17T04:59:08,スズキ,rss,2004年5月20日,,https://www.suzuki.co.jp/release/a/a040520.htm,
2026-08-17T04:59:08,スズキ,rss,2004年5月18日,,https://www.suzuki.co.jp/release/a/a040518.htm,
2026-08-17T04:59:08,スズキ,rss,2004年5月18日,,https://www.suzuki.co.jp/release/d/d040518.htm,
2026-08-17T04:59:08,スズキ,rss,2004年5月17日,,https://www.suzuki.co.jp/release/a/a040517.htm,
2026-08-17T04:59:08,スズキ,rss,2004年5月12日,,https://www.suzuki.co.jp/release/a/a040512.htm,
2026-08-17T04:59:08,スズキ,rss,2004年4月28日,,https://www.suzuki.co.jp/release/d/d040428.htm,
2026-08-17T04:59:08,スズキ,rss,2004年4月27日,,https://www.suzuki.co.jp/release/d/d040427.htm,
2026-08-17T04:59:08,スズキ,rss,2004年4月2日,,https://www.suzuki.co.jp/release/d/d040402b.htm,
2026-08-17T04:59:08,スズキ,rss,2004年4月2日,,https://www.suzuki.co.jp/release/d/d040402a.htm,
2026-08-17T04:59:08,スズキ,rss,2004年3月30日,,https://www.suzuki.co.jp/release/d/d040330.htm,
2026-08-17T04:59:08,スズキ,rss,2004年3月18日,,https://www.suzuki.co.jp/release/b/b040318a.htm,
2026-08-17T04:59:08,スズキ,rss,2004年3月18日,,https://www.suzuki.co.jp/release/b/b040318b.htm,
2026-08-17T04:59:08,スズキ,rss,2004年3月11日,,https://www.suzuki.co.jp/release/b/b040311.htm,
2026-08-17T04:59:08,スズキ,rss,2004年2月20日,,https://www.suzuki.co.jp/release/b/b040220a.htm,
2026-08-17T04:59:08,スズキ,rss,2004年2月20日,,https://www.suzuki.co.jp/release/b/b040220b.htm,
2026-08-17T04:59:08,スズキ,rss,2004年2月13日,,https://www.suzuki.co.jp/release/d/d040213.htm,
2026-08-17T04:59:08,スズキ,rss,2004年2月10日,,https://www.suzuki.co.jp/release/a/a040210.htm,
2026-08-17T04:59:08,スズキ,rss,2004年2月4日,,https://www.suzuki.co.jp/release/a/a040204.htm,
2026-08-17T04:59:08,スズキ,rss,2004年1月30日,,https://www.suzuki.co.jp/release/c/c040130.htm,
2026-08-17T04:59:08,スズキ,rss,2004年1月26日,,https://www.suzuki.co.jp/release/a/a040126a.htm,
2026-08-17T04:59:08,スズキ,rss,2004年1月26日,,https://www.suzuki.co.jp/release/a/a040126b.htm,
2026-08-17T04:59:08,スズキ,rss,2004年1月21日,,https://www.suzuki.co.jp/release/a/a040121.htm,
2026-08-17T04:59:08,スズキ,rss,2004年1月21日,,https://www.suzuki.co.jp/release/d/d040121a.htm,
2026-08-17T04:59:08,スズキ,rss,2004年1月21日,,https://www.suzuki.co.jp/release/d/d040121b.htm,
2026-08-17T04:59:08,スズキ,rss,2004年1月20日,,https://www.suzuki.co.jp/release/b/b040120.htm,
2026-08-17T04:59:08,スズキ,rss,2004年1月9日,,https://www.suzuki.co.jp/release/a/a040109a.htm,
2026-08-17T04:59:08,スズキ,rss,2004年1月9日,,https://www.suzuki.co.jp/release/a/a040109b.htm,
2026-08-17T04:59:08,スズキ,rss,2004年1月9日,,https://www.suzuki.co.jp/release/d/d040109.htm,
2026-08-17T04:59:08,スズキ,rss,2004年1月6日,,https://www.suzuki.co.jp/release/a/a040106.htm,
2026-08-17T04:59:08,スズキ,rss,2003年12月26日,,https://www.suzuki.co.jp/release/d/d031226.htm,
2026-08-17T04:59:08,スズキ,rss,2003年12月22日,,https://www.suzuki.co.jp/release/d/d031222.htm,
2026-08-17T04:59:08,スズキ,rss,2003年12月12日,,https://www.suzuki.co.jp/release/a/a031212.htm,
2026-08-17T04:59:08,スズキ,rss,2003年12月3日,,https://www.suzuki.co.jp/release/b/b031203.htm,
2026-08-17T04:59:08,スズキ,rss,2003年12月1日,,https://www.suzuki.co.jp/release/b/b031201.htm,
2026-08-17T04:59:08,スズキ,rss,2003年11月28日,,https://www.suzuki.co.jp/release/d/d031128.htm,
2026-08-17T04:59:08,スズキ,rss,2003年11月13日,,https://www.suzuki.co.jp/release/a/a031113b.htm,
2026-08-17T04:59:08,スズキ,rss,2003年11月13日,,https://www.suzuki.co.jp/release/a/a031113.htm,
2026-08-17T04:59:08,スズキ,rss,2003年11月7日,,https://www.suzuki.co.jp/release/a/a031107.htm,
2026-08-17T04:59:08,スズキ,rss,2003年10月28日,,https://www.suzuki.co.jp/release/a/a031028.htm,
2026-08-17T04:59:08,スズキ,rss,2003年10月27日,,https://www.suzuki.co.jp/release/c/c031027.htm,
2026-08-17T04:59:08,スズキ,rss,2003年10月14日,,https://www.suzuki.co.jp/release/d/d031014.htm,
2026-08-17T04:59:08,スズキ,rss,2003年10月8日,,https://www.suzuki.co.jp/release/c/c031008.htm,
2026-08-17T04:59:08,スズキ,rss,2003年10月1日,,https://www.suzuki.co.jp/release/d/d031001.htm,
2026-08-17T04:59:08,スズキ,rss,2003年9月30日,,https://www.suzuki.co.jp/release/a/a030930.htm,
2026-08-17T04:59:08,スズキ,rss,2003年9月19日,,https://www.suzuki.co.jp/release/b/b030919.htm,
2026-08-17T04:59:08,スズキ,rss,2003年9月12日,,https://www.suzuki.co.jp/release/a/a030912.htm,
2026-08-17T04:59:08,スズキ,rss,2003年9月12日,,https://www.suzuki.co.jp/release/d/d030912.htm,
2026-08-17T04:59:08,スズキ,rss,2003年9月3日,,https://www.suzuki.co.jp/release/a/a030903a.htm,
2026-08-17T04:59:08,スズキ,rss,2003年9月3日,,https://www.suzuki.co.jp/release/a/a030903b.htm,
2026-08-17T04:59:08,スズキ,rss,2003年9月2日,,https://www.suzuki.co.jp/release/d/d030902.htm,
2026-08-17T04:59:08,スズキ,rss,2003年8月21日,,https://www.suzuki.co.jp/release/b/b030821a.htm,
2026-08-17T04:59:08,スズキ,rss,2003年8月21日,,https://www.suzuki.co.jp/release/b/b030821b.htm,
2026-08-17T04:59:08,スズキ,rss,2003年8月21日,,https://www.suzuki.co.jp/release/b/b030821c.htm,
2026-08-17T04:59:08,スズキ,rss,2003年8月21日,,https://www.suzuki.co.jp/release/d/d030821.htm,
2026-08-17T04:59:08,スズキ,rss,2003年8月8日,,https://www.suzuki.co.jp/release/d/d030808a.htm,
2026-08-17T04:59:08,スズキ,rss,2003年8月8日,,https://www.suzuki.co.jp/release/d/d030808b.htm,
2026-08-17T04:59:08,スズキ,rss,2003年8月4日,,https://www.suzuki.co.jp/release/a/a030804.htm,
2026-08-17T04:59:08,スズキ,rss,2003年7月31日,,https://www.suzuki.co.jp/release/d/d030731.htm,
2026-08-17T04:59:08,スズキ,rss,2003年7月18日,,https://www.suzuki.co.jp/release/b/b030718a.htm,
2026-08-17T04:59:08,スズキ,rss,2003年7月18日,,https://www.suzuki.co.jp/release/b/b030718b.htm,
2026-08-17T04:59:08,スズキ,rss,2003年6月23日,,https://www.suzuki.co.jp/release/d/d030623.htm,
2026-08-17T04:59:08,スズキ,rss,2003年6月19日,,https://www.suzuki.co.jp/release/b/b030619b.htm,
2026-08-17T04:59:08,スズキ,rss,2003年6月19日,,https://www.suzuki.co.jp/release/b/b030619a.htm,
2026-08-17T04:59:08,スズキ,rss,2003年6月18日,,https://www.suzuki.co.jp/release/a/a030618a.htm,
2026-08-17T04:59:08,スズキ,rss,2003年6月18日,,https://www.suzuki.co.jp/release/a/a030618b.htm,
2026-08-17T04:59:08,スズキ,rss,2003年6月12日,,https://www.suzuki.co.jp/release/a/a030612.htm,
2026-08-17T04:59:08,スズキ,rss,2003年6月12日,,https://www.suzuki.co.jp/release/b/b030612.htm,
2026-08-17T04:59:08,スズキ,rss,2003年6月3日,,https://www.suzuki.co.jp/release/a/a030603a.htm,
2026-08-17T04:59:08,スズキ,rss,2003年6月3日,,https://www.suzuki.co.jp/release/a/a030603b.htm,
2026-08-17T04:59:08,スズキ,rss,2003年5月23日,,https://www.suzuki.co.jp/release/d/d030523.htm,
2026-08-17T04:59:08,スズキ,rss,2003年5月20日,,https://www.suzuki.co.jp/release/d/d030520.htm,
2026-08-17T04:59:08,スズキ,rss,2003年5月19日,,https://www.suzuki.co.jp/release/b/b030519.htm,
2026-08-17T04:59:08,スズキ,rss,2003年5月14日,,https://www.suzuki.co.jp/release/a/a030514.htm,
2026-08-17T04:59:08,スズキ,rss,2003年5月8日,,https://www.suzuki.co.jp/release/c/c030508.htm,
2026-08-17T04:59:08,スズキ,rss,2003年4月26日,,https://www.suzuki.co.jp/release/d/d030426.htm,
2026-08-17T04:59:08,スズキ,rss,2003年4月21日,,https://www.suzuki.co.jp/release/b/b030421a.htm,
2026-08-17T04:59:08,スズキ,rss,2003年4月21日,,https://www.suzuki.co.jp/release/b/b030421b.htm,
2026-08-17T04:59:08,スズキ,rss,2003年4月21日,,https://www.suzuki.co.jp/release/d/d030421.htm,
2026-08-17T04:59:08,スズキ,rss,2003年4月18日,,https://www.suzuki.co.jp/release/b/b030418.htm,
2026-08-17T04:59:08,スズキ,rss,2003年4月15日,,https://www.suzuki.co.jp/release/d/d030415.htm,
2026-08-17T04:59:08,スズキ,rss,2003年4月11日,,https://www.suzuki.co.jp/release/d/d030411a.htm,
2026-08-17T04:59:08,スズキ,rss,2003年4月11日,,https://www.suzuki.co.jp/release/d/d030411b.htm,
2026-08-17T04:59:08,スズキ,rss,2003年4月10日,,https://www.suzuki.co.jp/release/a/a030410a.htm,
2026-08-17T04:59:08,スズキ,rss,2003年4月10日,,https://www.suzuki.co.jp/release/a/a030410b.htm,
2026-08-17T04:59:08,スズキ,rss,2003年3月31日,,https://www.suzuki.co.jp/release/d/d030331.htm,
2026-08-17T04:59:08,スズキ,rss,2003年3月20日,,https://www.suzuki.co.jp/release/b/b030320.htm,
2026-08-17T04:59:08,スズキ,rss,2003年3月19日,,https://www.suzuki.co.jp/release/b/b030319c.htm,
2026-08-17T04:59:08,スズキ,rss,2003年3月19日,,https://www.suzuki.co.jp/release/b/b030319.htm,
2026-08-17T04:59:08,スズキ,rss,2003年3月19日,,https://www.suzuki.co.jp/release/b/b030319b.htm,
2026-08-17T04:59:08,スズキ,rss,2003年2月21日,,https://www.suzuki.co.jp/release/b/b030221.htm,
2026-08-17T04:59:08,スズキ,rss,2003年2月20日,,https://www.suzuki.co.jp/release/a/a030220.htm,
2026-08-17T04:59:08,スズキ,rss,2003年2月20日,,https://www.suzuki.co.jp/release/b/b030220.htm,
2026-08-17T04:59:08,スズキ,rss,2003年2月18日,,https://www.suzuki.co.jp/release/d/d030218.htm,
2026-08-17T04:59:08,スズキ,rss,2003年2月14日,,https://www.suzuki.co.jp/release/d/d030214.htm,
2026-08-17T04:59:08,スズキ,rss,2003年2月13日,,https://www.suzuki.co.jp/release/c/c030213.htm,
2026-08-17T04:59:08,スズキ,rss,2003年2月13日,,https://www.suzuki.co.jp/release/d/d030213.htm,
2026-08-17T04:59:08,スズキ,rss,2003年2月7日,,https://www.suzuki.co.jp/release/c/c030207.htm,
2026-08-17T04:59:08,スズキ,rss,2003年2月5日,,https://www.suzuki.co.jp/release/a/a030205.htm,
2026-08-17T04:59:08,スズキ,rss,2003年2月3日,,https://www.suzuki.co.jp/release/d/d030203.htm,
2026-08-17T04:59:08,スズキ,rss,2003年1月31日,,https://www.suzuki.co.jp/release/d/d030131.htm,
2026-08-17T04:59:08,スズキ,rss,2003年1月28日,,https://www.suzuki.co.jp/release/b/b030128.htm,
2026-08-17T04:59:08,スズキ,rss,2003年1月22日,,https://www.suzuki.co.jp/release/a/a030122b.htm,
2026-08-17T04:59:08,スズキ,rss,2003年1月22日,,https://www.suzuki.co.jp/release/a/a030122a.htm,
2026-08-17T04:59:08,スズキ,rss,2003年1月22日,,https://www.suzuki.co.jp/release/b/b030122.htm,
2026-08-17T04:59:08,スズキ,rss,2003年1月22日,,https://www.suzuki.co.jp/release/d/d030122b.htm,
2026-08-17T04:59:08,スズキ,rss,2003年1月22日,,https://www.suzuki.co.jp/release/d/d030122.htm,
2026-08-17T04:59:08,スズキ,rss,2003年1月20日,,https://www.suzuki.co.jp/release/b/b030120.htm,
2026-08-17T04:59:08,スズキ,rss,2003年1月15日,,https://www.suzuki.co.jp/release/d/d030115.htm,
2026-08-17T04:59:08,スズキ,rss,2003年1月14日,,https://www.suzuki.co.jp/release/a/a030114b.htm,
2026-08-17T04:59:08,スズキ,rss,2003年1月14日,,https://www.suzuki.co.jp/release/a/a030114a.htm,
2026-08-17T04:59:08,スズキ,rss,2003年1月10日,,https://www.suzuki.co.jp/release/d/d030110.htm,
2026-08-17T04:59:08,スズキ,rss,2003年1月6日,,https://www.suzuki.co.jp/release/a/a030106.htm,
2026-08-17T04:59:08,スズキ,rss,2002年12月26日,,https://www.suzuki.co.jp/release/d/d021226.htm,
2026-08-17T04:59:08,スズキ,rss,2002年12月24日,,https://www.suzuki.co.jp/release/c/c021224.htm,
2026-08-17T04:59:08,スズキ,rss,2002年12月20日,,https://www.suzuki.co.jp/release/b/b021220a.htm,
2026-08-17T04:59:08,スズキ,rss,2002年12月20日,,https://www.suzuki.co.jp/release/b/b021220b.htm,
2026-08-17T04:59:08,スズキ,rss,2002年12月16日,,https://www.suzuki.co.jp/release/a/a021216.htm,
2026-08-17T04:59:08,スズキ,rss,2002年12月16日,,https://www.suzuki.co.jp/release/d/d021216b.htm,
2026-08-17T04:59:08,スズキ,rss,2002年12月16日,,https://www.suzuki.co.jp/release/d/d021216.htm,
2026-08-17T04:59:08,スズキ,rss,2002年12月13日,,https://www.suzuki.co.jp/release/d/d021213.htm,
2026-08-17T04:59:08,スズキ,rss,2002年12月10日,,https://www.suzuki.co.jp/release/a/a021210.htm,
2026-08-17T04:59:08,スズキ,rss,2002年12月4日,,https://www.suzuki.co.jp/release/a/a021204a.htm,
2026-08-17T04:59:08,スズキ,rss,2002年12月4日,,https://www.suzuki.co.jp/release/a/a021204b.htm,
2026-08-17T04:59:08,スズキ,rss,2002年12月4日,,https://www.suzuki.co.jp/release/a/a021204c.htm,
2026-08-17T04:59:08,スズキ,rss,2002年11月29日,,https://www.suzuki.co.jp/release/d/d021129.htm,
2026-08-17T04:59:08,スズキ,rss,2002年11月29日,,https://www.suzuki.co.jp/release/d/d021129b.htm,
2026-08-17T04:59:08,スズキ,rss,2002年11月28日,,https://www.suzuki.co.jp/release/b/b021128.htm,
2026-08-17T04:59:08,スズキ,rss,2002年11月20日,,https://www.suzuki.co.jp/release/b/b021120.htm,
2026-08-17T04:59:08,スズキ,rss,2002年11月18日,,https://www.suzuki.co.jp/release/a/a021118a.htm,
2026-08-17T04:59:08,スズキ,rss,2002年11月18日,,https://www.suzuki.co.jp/release/a/a021118b.htm,
2026-08-17T04:59:08,スズキ,rss,2002年11月15日,,https://www.suzuki.co.jp/release/d/d021115.htm,
2026-08-17T04:59:08,スズキ,rss,2002年11月12日,,https://www.suzuki.co.jp/release/a/a021112a.htm,
2026-08-17T04:59:08,スズキ,rss,2002年11月12日,,https://www.suzuki.co.jp/release/a/a021112b.htm,
2026-08-17T04:59:08,スズキ,rss,2002年11月12日,,https://www.suzuki.co.jp/release/d/d021112.htm,
2026-08-17T04:59:08,スズキ,rss,2002年11月7日,,https://www.suzuki.co.jp/release/a/a021107.htm,
2026-08-17T04:59:08,スズキ,rss,2002年10月31日,,https://www.suzuki.co.jp/release/d/d021031.htm,
2026-08-17T04:59:08,スズキ,rss,2002年10月30日,,https://www.suzuki.co.jp/release/b/b021030a.htm,
2026-08-17T04:59:08,スズキ,rss,2002年10月30日,,https://www.suzuki.co.jp/release/b/b021030b.htm,
2026-08-17T04:59:08,スズキ,rss,2002年10月23日,,https://www.suzuki.co.jp/release/d/d021023.htm,
2026-08-17T04:59:08,スズキ,rss,2002年10月21日,,https://www.suzuki.co.jp/release/b/b021021b.htm,
2026-08-17T04:59:08,スズキ,rss,2002年10月21日,,https://www.suzuki.co.jp/release/b/b021021a.htm,
2026-08-17T04:59:08,スズキ,rss,2002年10月17日,,https://www.suzuki.co.jp/release/a/a021017.htm,
2026-08-17T04:59:08,スズキ,rss,2002年10月17日,,https://www.suzuki.co.jp/release/d/d021017.htm,
2026-08-17T04:59:08,スズキ,rss,2002年10月11日,,https://www.suzuki.co.jp/release/d/d021011.htm,
2026-08-17T04:59:08,スズキ,rss,2002年10月8日,,https://www.suzuki.co.jp/release/a/a021008.htm,
2026-08-17T04:59:08,スズキ,rss,2002年9月27日,,https://www.suzuki.co.jp/release/d/d020927.htm,
2026-08-17T04:59:08,スズキ,rss,2002年9月25日,,https://www.suzuki.co.jp/release/d/d020925.htm,
2026-08-17T04:59:08,スズキ,rss,2002年9月24日,,https://www.suzuki.co.jp/release/d/d020924b.htm,
2026-08-17T04:59:08,スズキ,rss,2002年9月24日,,https://www.suzuki.co.jp/release/d/d020924.htm,
2026-08-17T04:59:08,スズキ,rss,2002年9月20日,,https://www.suzuki.co.jp/release/b/b020920.htm,
2026-08-17T04:59:08,スズキ,rss,2002年9月20日,,https://www.suzuki.co.jp/release/d/d020920.htm,
2026-08-17T04:59:08,スズキ,rss,2002年9月19日,,https://www.suzuki.co.jp/release/b/b020919.htm,
2026-08-17T04:59:08,スズキ,rss,2002年9月3日,,https://www.suzuki.co.jp/release/a/a020904a.htm,
2026-08-17T04:59:08,スズキ,rss,2002年9月3日,,https://www.suzuki.co.jp/release/a/a020904b.htm,
2026-08-17T04:59:08,スズキ,rss,2002年9月2日,,https://www.suzuki.co.jp/release/d/d020903b.htm,
2026-08-17T04:59:08,スズキ,rss,2002年9月2日,,https://www.suzuki.co.jp/release/d/d020903a.htm,
2026-08-17T04:59:08,スズキ,rss,2002年8月30日,,https://www.suzuki.co.jp/release/d/d020831.htm,
2026-08-17T04:59:08,スズキ,rss,2002年7月29日,,https://www.suzuki.co.jp/release/d/d020730.htm,
2026-08-17T04:59:08,スズキ,rss,2002年7月23日,,https://www.suzuki.co.jp/release/a/a020723.htm,
2026-08-17T04:59:08,スズキ,rss,2002年7月19日,,https://www.suzuki.co.jp/release/b/b020719.htm,
2026-08-17T04:59:08,スズキ,rss,2002年7月16日,,https://www.suzuki.co.jp/release/a/a020716.htm,
2026-08-17T04:59:08,スズキ,rss,2002年7月2日,,https://www.suzuki.co.jp/release/a/a020702.htm,
2026-08-17T04:59:08,スズキ,rss,2002年7月1日,,https://www.suzuki.co.jp/release/d/d020701a.htm,
2026-08-17T04:59:08,スズキ,rss,2002年7月1日,,https://www.suzuki.co.jp/release/d/d020701b.htm,
2026-08-17T04:59:08,スズキ,rss,2002年6月27日,,https://www.suzuki.co.jp/release/d/d020627a.htm,
2026-08-17T04:59:08,スズキ,rss,2002年6月27日,,https://www.suzuki.co.jp/release/d/d020627b.htm,
2026-08-17T04:59:08,スズキ,rss,2002年6月25日,,https://www.suzuki.co.jp/release/d/d020625.htm,
2026-08-17T04:59:08,スズキ,rss,2002年6月21日,,https://www.suzuki.co.jp/release/b/b020621.htm,
2026-08-17T04:59:08,スズキ,rss,2002年6月14日,,https://www.suzuki.co.jp/release/a/a020614.htm,
2026-08-17T04:59:08,スズキ,rss,2002年6月14日,,https://www.suzuki.co.jp/release/b/b020614a.htm,
2026-08-17T04:59:08,スズキ,rss,2002年6月14日,,https://www.suzuki.co.jp/release/b/b020614b.htm,
2026-08-17T04:59:08,スズキ,rss,2002年6月13日,,https://www.suzuki.co.jp/release/a/a020613.htm,
2026-08-17T04:59:08,スズキ,rss,2002年6月11日,,https://www.suzuki.co.jp/release/a/a020611a.htm,
2026-08-17T04:59:08,スズキ,rss,2002年6月11日,,https://www.suzuki.co.jp/release/a/a020611b.htm,
2026-08-17T04:59:08,スズキ,rss,2002年6月11日,,https://www.suzuki.co.jp/release/d/d020611.htm,
2026-08-17T04:59:08,スズキ,rss,2002年6月6日,,https://www.suzuki.co.jp/release/a/a020606.htm,
2026-08-17T04:59:08,スズキ,rss,2002年5月22日,,https://www.suzuki.co.jp/release/a/a020522.htm,
2026-08-17T04:59:08,スズキ,rss,2002年5月22日,,https://www.suzuki.co.jp/release/b/b020522.htm,
2026-08-17T04:59:08,スズキ,rss,2002年5月21日,,https://www.suzuki.co.jp/release/d/d020521.htm,
2026-08-17T04:59:08,スズキ,rss,2002年5月16日,,https://www.suzuki.co.jp/release/a/a020516a.htm,
2026-08-17T04:59:08,スズキ,rss,2002年5月16日,,https://www.suzuki.co.jp/release/a/a020516b.htm,
2026-08-17T04:59:08,スズキ,rss,2002年5月16日,,https://www.suzuki.co.jp/release/d/d020516.htm,
2026-08-17T04:59:08,スズキ,rss,2002年5月15日,,https://www.suzuki.co.jp/release/c/c020515.htm,
2026-08-17T04:59:08,スズキ,rss,2002年5月10日,,https://www.suzuki.co.jp/release/a/a020510.htm,
2026-08-17T04:59:08,スズキ,rss,2002年4月27日,,https://www.suzuki.co.jp/release/d/d020427.htm,
2026-08-17T04:59:08,スズキ,rss,2002年4月26日,,https://www.suzuki.co.jp/release/d/d020426.htm,
2026-08-17T04:59:08,スズキ,rss,2002年4月26日,,https://www.suzuki.co.jp/release/d/d020426b.htm,
2026-08-17T04:59:08,スズキ,rss,2002年4月25日,,https://www.suzuki.co.jp/release/a/a020425.htm,
2026-08-17T04:59:08,スズキ,rss,2002年4月22日,,https://www.suzuki.co.jp/release/b/b020422.htm,
2026-08-17T04:59:08,スズキ,rss,2002年4月10日,,https://www.suzuki.co.jp/release/a/a020410.htm,
2026-08-17T04:59:08,スズキ,rss,2002年4月5日,,https://www.suzuki.co.jp/release/d/d020405.htm,
2026-08-17T04:59:08,スズキ,rss,2002年3月29日,,https://www.suzuki.co.jp/release/d/d020329.htm,
2026-08-17T04:59:08,スズキ,rss,2002年3月26日,,https://www.suzuki.co.jp/release/d/d020326.htm,
2026-08-17T04:59:08,スズキ,rss,2002年3月25日,,https://www.suzuki.co.jp/release/c/c020325.htm,
2026-08-17T04:59:08,スズキ,rss,2002年3月20日,,https://www.suzuki.co.jp/release/b/b020320b.htm,
2026-08-17T04:59:08,スズキ,rss,2002年3月20日,,https://www.suzuki.co.jp/release/b/b020320a.htm,
2026-08-17T04:59:08,スズキ,rss,2002年3月19日,,https://www.suzuki.co.jp/release/b/b020319.htm,
2026-08-17T04:59:08,スズキ,rss,2002年3月15日,,https://www.suzuki.co.jp/release/d/d020315.htm,
2026-08-17T04:59:08,スズキ,rss,2002年3月4日,,https://www.suzuki.co.jp/release/d/d020304.htm,
2026-08-17T04:59:08,スズキ,rss,2002年2月25日,,https://www.suzuki.co.jp/release/d/d020225.htm,
2026-08-17T04:59:08,スズキ,rss,2002年2月12日,,https://www.suzuki.co.jp/release/a/a020212.htm,
2026-08-17T04:59:08,スズキ,rss,2002年2月8日,,https://www.suzuki.co.jp/release/d/d020208.htm,
2026-08-17T04:59:08,スズキ,rss,2002年2月6日,,https://www.suzuki.co.jp/release/d/d020206.htm,
2026-08-17T04:59:08,スズキ,rss,2002年2月5日,,https://www.suzuki.co.jp/release/a/a020205.htm,
2026-08-17T04:59:08,スズキ,rss,2002年2月4日,,https://www.suzuki.co.jp/release/c/c020204a.htm,
2026-08-17T04:59:08,スズキ,rss,2002年2月4日,,https://www.suzuki.co.jp/release/c/c020204b.htm,
2026-08-17T04:59:08,スズキ,rss,2002年1月31日,,https://www.suzuki.co.jp/release/c/c020131.htm,
2026-08-17T04:59:08,スズキ,rss,2002年1月25日,,https://www.suzuki.co.jp/release/b/b020125.htm,
2026-08-17T04:59:08,スズキ,rss,2002年1月25日,,https://www.suzuki.co.jp/release/d/d020125.htm,
2026-08-17T04:59:08,スズキ,rss,2002年1月23日,,https://www.suzuki.co.jp/release/b/b020123.htm,
2026-08-17T04:59:08,スズキ,rss,2002年1月22日,,https://www.suzuki.co.jp/release/a/a020122.htm,
2026-08-17T04:59:08,スズキ,rss,2002年1月22日,,https://www.suzuki.co.jp/release/b/b020122b.htm,
2026-08-17T04:59:08,スズキ,rss,2002年1月22日,,https://www.suzuki.co.jp/release/b/b020122a.htm,
2026-08-17T04:59:08,スズキ,rss,2002年1月22日,,https://www.suzuki.co.jp/release/d/d020122a.htm,
2026-08-17T04:59:08,スズキ,rss,2002年1月22日,,https://www.suzuki.co.jp/release/d/d020122b.htm,
2026-08-17T04:59:08,スズキ,rss,2002年1月21日,,https://www.suzuki.co.jp/release/a/a020121a.htm,
2026-08-17T04:59:08,スズキ,rss,2002年1月21日,,https://www.suzuki.co.jp/release/a/a020121b.htm,
2026-08-17T04:59:08,スズキ,rss,2002年1月21日,,https://www.suzuki.co.jp/release/a/a020121c.htm,
2026-08-17T04:59:08,スズキ,rss,2002年1月21日,,https://www.suzuki.co.jp/release/a/a020121d.htm,
2026-08-17T04:59:08,スズキ,rss,2002年1月9日,,https://www.suzuki.co.jp/release/a/a020109a.htm,
2026-08-17T04:59:08,スズキ,rss,2002年1月9日,,https://www.suzuki.co.jp/release/a/a020109b.htm,
2026-08-17T04:59:08,スズキ,rss,2002年1月9日,,https://www.suzuki.co.jp/release/d/d020109.htm,
2026-08-17T04:59:08,スズキ,rss,2001年12月21日,,https://www.suzuki.co.jp/release/c/c011221.htm,
2026-08-17T04:59:08,スズキ,rss,2001年12月20日,,https://www.suzuki.co.jp/release/b/b011220.htm,
2026-08-17T04:59:08,スズキ,rss,2001年12月11日,,https://www.suzuki.co.jp/release/d/d011211b.htm,
2026-08-17T04:59:08,スズキ,rss,2001年12月11日,,https://www.suzuki.co.jp/release/d/d011211a.htm,
2026-08-17T04:59:08,スズキ,rss,2001年11月16日,,https://www.suzuki.co.jp/release/a/a011116.htm,
2026-08-17T04:59:08,スズキ,rss,2001年11月14日,,https://www.suzuki.co.jp/release/a/a011114a.htm,
2026-08-17T04:59:08,スズキ,rss,2001年11月14日,,https://www.suzuki.co.jp/release/a/a011114b.htm,
2026-08-17T04:59:08,スズキ,rss,2001年11月14日,,https://www.suzuki.co.jp/release/a/a011114c.htm,
2026-08-17T04:59:08,スズキ,rss,2001年11月14日,,https://www.suzuki.co.jp/release/a/a011114d.htm,
2026-08-17T04:59:08,スズキ,rss,2001年11月12日,,https://www.suzuki.co.jp/release/c/c011112.htm,
2026-08-17T04:59:08,スズキ,rss,2001年11月8日,,https://www.suzuki.co.jp/release/d/d011108.htm,
2026-08-17T04:59:08,スズキ,rss,2001年11月2日,,https://www.suzuki.co.jp/release/c/c011102.htm,
2026-08-17T04:59:08,スズキ,rss,2001年10月22日,,https://www.suzuki.co.jp/release/a/a011022.htm,
2026-08-17T04:59:08,スズキ,rss,2001年10月19日,,https://www.suzuki.co.jp/release/d/d011019.htm,
2026-08-17T04:59:08,スズキ,rss,2001年10月17日,,https://www.suzuki.co.jp/release/d/d011017b.htm,
2026-08-17T04:59:08,スズキ,rss,2001年10月17日,,https://www.suzuki.co.jp/release/d/d011017.htm,
2026-08-17T04:59:08,スズキ,rss,2001年10月15日,,https://www.suzuki.co.jp/release/b/b011015.htm,
2026-08-17T04:59:08,スズキ,rss,2001年9月27日,,https://www.suzuki.co.jp/release/d/d010927.htm,
2026-08-17T04:59:08,スズキ,rss,2001年9月18日,,https://www.suzuki.co.jp/release/d/d010918a.htm,
2026-08-17T04:59:08,スズキ,rss,2001年9月18日,,https://www.suzuki.co.jp/release/d/d010918b.htm,
2026-08-17T04:59:08,スズキ,rss,2001年9月5日,,https://www.suzuki.co.jp/release/a/a010905a.htm,
2026-08-17T04:59:08,スズキ,rss,2001年9月5日,,https://www.suzuki.co.jp/release/a/a010905b.htm,
2026-08-17T04:59:08,スズキ,rss,2001年9月4日,,https://www.suzuki.co.jp/release/a/a010904a.htm,
2026-08-17T04:59:08,スズキ,rss,2001年9月4日,,https://www.suzuki.co.jp/release/a/a010904b.htm,
2026-08-17T04:59:08,スズキ,rss,2001年8月29日,,https://www.suzuki.co.jp/release/d/d010829.htm,
2026-08-17T04:59:08,スズキ,rss,2001年8月28日,,https://www.suzuki.co.jp/release/b/b010828.htm,
2026-08-17T04:59:08,スズキ,rss,2001年8月7日,,https://www.suzuki.co.jp/release/d/d010807.htm,
2026-08-17T04:59:08,スズキ,rss,2001年8月1日,,https://www.suzuki.co.jp/release/a/a010801.htm,
2026-08-17T04:59:08,スズキ,rss,2001年7月23日,,https://www.suzuki.co.jp/release/a/a010723.htm,
2026-08-17T04:59:08,スズキ,rss,2001年7月21日,,https://www.suzuki.co.jp/release/d/d010721.htm,
2026-08-17T04:59:08,スズキ,rss,2001年7月19日,,https://www.suzuki.co.jp/release/b/b010719.htm,
2026-08-17T04:59:08,スズキ,rss,2001年7月5日,,https://www.suzuki.co.jp/release/d/d010705.htm,
2026-08-17T04:59:08,スズキ,rss,2001年6月29日,,https://www.suzuki.co.jp/release/b/b010629.htm,
2026-08-17T04:59:08,スズキ,rss,2001年6月28日,,https://www.suzuki.co.jp/release/d/d010628.htm,
2026-08-17T04:59:08,スズキ,rss,2001年6月25日,,https://www.suzuki.co.jp/release/d/d010625.htm,
2026-08-17T04:59:08,スズキ,rss,2001年6月22日,,https://www.suzuki.co.jp/release/b/b010622b.htm,
2026-08-17T04:59:08,スズキ,rss,2001年6月22日,,https://www.suzuki.co.jp/release/b/b010622a.htm,
2026-08-17T04:59:08,スズキ,rss,2001年6月20日,,https://www.suzuki.co.jp/release/a/a010620.htm,
2026-08-17T04:59:08,スズキ,rss,2001年6月18日,,https://www.suzuki.co.jp/release/a/a010618.htm,
2026-08-17T04:59:08,スズキ,rss,2001年6月5日,,https://www.suzuki.co.jp/release/a/a010605.htm,
2026-08-17T04:59:08,スズキ,rss,2001年5月24日,,https://www.suzuki.co.jp/release/a/a010524.htm,
2026-08-17T04:59:08,スズキ,rss,2001年5月24日,,https://www.suzuki.co.jp/release/a/a010524b.htm,
2026-08-17T04:59:08,スズキ,rss,2001年5月22日,,https://www.suzuki.co.jp/release/d/d010522.htm,
2026-08-17T04:59:08,スズキ,rss,2001年5月21日,,https://www.suzuki.co.jp/release/d/d010521.htm,
2026-08-17T04:59:08,スズキ,rss,2001年5月18日,,https://www.suzuki.co.jp/release/c/c010518.htm,
2026-08-17T04:59:08,スズキ,rss,2001年5月16日,,https://www.suzuki.co.jp/release/a/a010516.htm,
2026-08-17T04:59:08,スズキ,rss,2001年5月16日,,https://www.suzuki.co.jp/release/c/c010516.htm,
2026-08-17T04:59:08,スズキ,rss,2001年5月15日,,https://www.suzuki.co.jp/release/a/a010515.htm,
2026-08-17T04:59:08,スズキ,rss,2001年5月14日,,https://www.suzuki.co.jp/release/d/d010514.htm,
2026-08-17T04:59:08,スズキ,rss,2001年5月8日,,https://www.suzuki.co.jp/release/d/d010508.htm,
2026-08-17T04:59:08,スズキ,rss,2001年4月27日,,https://www.suzuki.co.jp/release/d/d010427.htm,
2026-08-17T04:59:08,スズキ,rss,2001年4月27日,,https://www.suzuki.co.jp/release/d/d010427b.htm,
2026-08-17T04:59:08,スズキ,rss,2001年4月26日,,https://www.suzuki.co.jp/release/a/a010426.htm,
2026-08-17T04:59:08,スズキ,rss,2001年4月26日,,https://www.suzuki.co.jp/release/d/d010426.htm,
2026-08-17T04:59:08,スズキ,rss,2001年4月17日,,https://www.suzuki.co.jp/release/a/a010417.htm,
2026-08-17T04:59:08,スズキ,rss,2001年4月9日,,https://www.suzuki.co.jp/release/c/c010409.htm,
2026-08-17T04:59:08,スズキ,rss,2001年4月6日,,https://www.suzuki.co.jp/release/d/d010406.htm,
2026-08-17T04:59:08,スズキ,rss,2001年4月5日,,https://www.suzuki.co.jp/release/d/d010405.htm,
2026-08-17T04:59:08,スズキ,rss,2001年4月2日,,https://www.suzuki.co.jp/release/d/d010402.htm,
2026-08-17T04:59:08,スズキ,rss,2001年3月30日,,https://www.suzuki.co.jp/release/b/b010330.htm,
2026-08-17T04:59:08,スズキ,rss,2001年3月29日,,https://www.suzuki.co.jp/release/c/c010329.htm,
2026-08-17T04:59:08,スズキ,rss,2001年3月23日,,https://www.suzuki.co.jp/release/d/d010323.htm,
2026-08-17T04:59:08,スズキ,rss,2001年3月22日,,https://www.suzuki.co.jp/release/b/b010322b.htm,
2026-08-17T04:59:08,スズキ,rss,2001年3月22日,,https://www.suzuki.co.jp/release/b/b010322a.htm,
2026-08-17T04:59:08,スズキ,rss,2001年3月14日,,https://www.suzuki.co.jp/release/d/d010314.htm,
2026-08-17T04:59:08,スズキ,rss,2001年3月8日,,https://www.suzuki.co.jp/release/d/d010308.htm,
2026-08-17T04:59:08,スズキ,rss,2001年2月28日,,https://www.suzuki.co.jp/release/d/d010228.htm,
2026-08-17T04:59:08,スズキ,rss,2001年2月28日,,https://www.suzuki.co.jp/release/b/b010228.htm,
2026-08-17T04:59:08,スズキ,rss,2001年2月27日,,https://www.suzuki.co.jp/release/b/b010227.htm,
2026-08-17T04:59:08,スズキ,rss,2001年2月16日,,https://www.suzuki.co.jp/release/d/d010216.htm,
2026-08-17T04:59:08,スズキ,rss,2001年2月15日,,https://www.suzuki.co.jp/release/a/a010215b.htm,
2026-08-17T04:59:08,スズキ,rss,2001年2月15日,,https://www.suzuki.co.jp/release/a/a010215a.htm,
2026-08-17T04:59:08,スズキ,rss,2001年2月13日,,https://www.suzuki.co.jp/release/d/d010213.htm,
2026-08-17T04:59:08,スズキ,rss,2001年2月9日,,https://www.suzuki.co.jp/release/a/a010209.htm,
2026-08-17T04:59:08,スズキ,rss,2001年2月7日,,https://www.suzuki.co.jp/release/a/a010207.htm,
2026-08-17T04:59:08,スズキ,rss,2001年1月30日,,https://www.suzuki.co.jp/release/d/d010130.htm,
2026-08-17T04:59:08,スズキ,rss,2001年1月26日,,https://www.suzuki.co.jp/release/c/c010126a.htm,
2026-08-17T04:59:08,スズキ,rss,2001年1月26日,,https://www.suzuki.co.jp/release/c/c010126b.htm,
2026-08-17T04:59:08,スズキ,rss,2001年1月25日,,https://www.suzuki.co.jp/release/d/d010125a.htm,
2026-08-17T04:59:08,スズキ,rss,2001年1月25日,,https://www.suzuki.co.jp/release/d/d010125b.htm,
2026-08-17T04:59:08,スズキ,rss,2001年1月23日,,https://www.suzuki.co.jp/release/a/a010123.htm,
2026-08-17T04:59:08,スズキ,rss,2001年1月23日,,https://www.suzuki.co.jp/release/d/d010123a.htm,
2026-08-17T04:59:08,スズキ,rss,2001年1月23日,,https://www.suzuki.co.jp/release/d/d010123b.htm,
2026-08-17T04:59:08,スズキ,rss,2001年1月23日,,https://www.suzuki.co.jp/release/d/d010123c.htm,
2026-08-17T04:59:08,スズキ,rss,2001年1月22日,,https://www.suzuki.co.jp/release/b/b010122.htm,
2026-08-17T04:59:08,スズキ,rss,2001年1月18日,,https://www.suzuki.co.jp/release/a/a010118.htm,
2026-08-17T04:59:08,スズキ,rss,2001年1月18日,,https://www.suzuki.co.jp/release/a/a010118b.htm,
2026-08-17T04:59:08,スズキ,rss,2001年1月18日,,https://www.suzuki.co.jp/release/d/d010118.htm,
2026-08-17T04:59:08,スズキ,rss,2001年1月3日,,https://www.suzuki.co.jp/release/d/d010103.htm,
2026-08-17T04:59:08,スズキ,rss,2000年12月21日,,https://www.suzuki.co.jp/release/d/d001221.htm,
2026-08-17T04:59:08,スズキ,rss,2000年12月20日,,https://www.suzuki.co.jp/release/a/a001220.htm,
2026-08-17T04:59:08,スズキ,rss,2000年12月20日,,https://www.suzuki.co.jp/release/b/b001220.htm,
2026-08-17T04:59:08,スズキ,rss,2000年12月15日,,https://www.suzuki.co.jp/release/a/a001215.htm,
2026-08-17T04:59:08,スズキ,rss,2000年12月12日,,https://www.suzuki.co.jp/release/a/a001212.htm,
2026-08-17T04:59:08,スズキ,rss,2000年12月12日,,https://www.suzuki.co.jp/release/d/d001212.htm,
2026-08-17T04:59:08,スズキ,rss,2000年12月11日,,https://www.suzuki.co.jp/release/d/d001211.htm,
2026-08-17T04:59:08,スズキ,rss,2000年12月7日,,https://www.suzuki.co.jp/release/c/c001207.htm,
2026-08-17T04:59:08,スズキ,rss,2000年12月7日,,https://www.suzuki.co.jp/release/d/d001207.htm,
2026-08-17T04:59:08,スズキ,rss,2000年12月5日,,https://www.suzuki.co.jp/release/a/a001205.htm,
2026-08-17T04:59:08,スズキ,rss,2000年12月5日,,https://www.suzuki.co.jp/release/a/a001205b.htm,
2026-08-17T04:59:08,スズキ,rss,2000年11月29日,,https://www.suzuki.co.jp/release/a/a001129.htm,
2026-08-17T04:59:08,スズキ,rss,2000年11月28日,,https://www.suzuki.co.jp/release/d/d001128.htm,
2026-08-17T04:59:08,スズキ,rss,2000年11月24日,,https://www.suzuki.co.jp/release/d/d001124.htm,
2026-08-17T04:59:08,スズキ,rss,2000年11月22日,,https://www.suzuki.co.jp/release/b/b001122.htm,
2026-08-17T04:59:08,スズキ,rss,2000年11月15日,,https://www.suzuki.co.jp/release/a/a001115.htm,
2026-08-17T04:59:08,スズキ,rss,2000年11月15日,,https://www.suzuki.co.jp/release/a/a001115b.htm,
2026-08-17T04:59:08,スズキ,rss,2000年11月15日,,https://www.suzuki.co.jp/release/d/d001115.htm,
2026-08-17T04:59:08,スズキ,rss,2000年11月13日,,https://www.suzuki.co.jp/release/d/d001113.htm,
2026-08-17T04:59:08,スズキ,rss,2000年11月7日,,https://www.suzuki.co.jp/release/c/c001107.htm,
2026-08-17T04:59:08,スズキ,rss,2000年11月1日,,https://www.suzuki.co.jp/release/d/d001101.htm,
2026-08-17T04:59:08,スズキ,rss,2000年10月26日,,https://www.suzuki.co.jp/release/c/c001026.htm,
2026-08-17T04:59:08,スズキ,rss,2000年10月20日,,https://www.suzuki.co.jp/release/b/b001020.htm,
2026-08-17T04:59:08,スズキ,rss,2000年10月17日,,https://www.suzuki.co.jp/release/d/d001017.htm,
2026-08-17T04:59:08,スズキ,rss,2000年10月16日,,https://www.suzuki.co.jp/release/d/d001016.htm,
2026-08-17T04:59:08,スズキ,rss,2000年10月12日,,https://www.suzuki.co.jp/release/a/a001012.htm,
2026-08-17T04:59:08,スズキ,rss,2000年10月12日,,https://www.suzuki.co.jp/release/d/d001012.htm,
2026-08-17T04:59:08,スズキ,rss,2000年10月11日,,https://www.suzuki.co.jp/release/d/d001011.htm,
2026-08-17T04:59:08,スズキ,rss,2000年9月28日,,https://www.suzuki.co.jp/release/d/d000928.htm,
2026-08-17T04:59:08,スズキ,rss,2000年9月27日,,https://www.suzuki.co.jp/release/d/d000927.htm,
2026-08-17T04:59:08,スズキ,rss,2000年9月14日,,https://www.suzuki.co.jp/release/d/d000914a.htm,
2026-08-17T04:59:08,スズキ,rss,2000年9月14日,,https://www.suzuki.co.jp/release/d/d000914b.htm,
2026-08-17T04:59:08,スズキ,rss,2000年9月1日,,https://www.suzuki.co.jp/release/a/a000901.htm,
2026-08-17T04:59:08,スズキ,rss,2000年8月30日,,https://www.suzuki.co.jp/release/d/d000830.htm,
2026-08-17T04:59:08,スズキ,rss,2000年8月11日,,https://www.suzuki.co.jp/release/d/d000811.htm,
2026-08-17T04:59:08,スズキ,rss,2000年8月10日,,https://www.suzuki.co.jp/release/b/b000810.htm,
2026-08-17T04:59:08,スズキ,rss,2000年8月1日,,https://www.suzuki.co.jp/release/d/d000801.htm,
2026-08-17T04:59:08,スズキ,rss,2000年7月27日,,https://www.suzuki.co.jp/release/b/b000727.htm,
2026-08-17T04:59:08,スズキ,rss,2000年7月26日,,https://www.suzuki.co.jp/release/d/d000726.htm,
2026-08-17T04:59:08,スズキ,rss,2000年7月19日,,https://www.suzuki.co.jp/release/d/d000719.htm,
2026-08-17T04:59:08,スズキ,rss,2000年7月7日,,https://www.suzuki.co.jp/release/a/a000707.htm,
2026-08-17T04:59:08,スズキ,rss,2000年7月6日,,https://www.suzuki.co.jp/release/d/d000706.htm,
2026-08-17T04:59:08,スズキ,rss,2000年6月30日,,https://www.suzuki.co.jp/release/d/d000630b.htm,
2026-08-17T04:59:08,スズキ,rss,2000年6月22日,,https://www.suzuki.co.jp/release/b/b000622.htm,
2026-08-17T04:59:08,スズキ,rss,2000年6月21日,,https://www.suzuki.co.jp/release/c/c000621.htm,
2026-08-17T04:59:08,スズキ,rss,2000年6月19日,,https://www.suzuki.co.jp/release/b/b000619.htm,
2026-08-17T04:59:08,スズキ,rss,2000年6月8日,,https://www.suzuki.co.jp/release/a/a000608.htm,
2026-08-17T04:59:08,スズキ,rss,2000年5月25日,,https://www.suzuki.co.jp/release/a/a000525.htm,
2026-08-17T04:59:08,スズキ,rss,2000年5月24日,,https://www.suzuki.co.jp/release/d/d000524.htm,
2026-08-17T04:59:08,スズキ,rss,2000年5月18日,,https://www.suzuki.co.jp/release/a/a000518.htm,
2026-08-17T04:59:08,スズキ,rss,2000年5月17日,,https://www.suzuki.co.jp/release/a/a000517.htm,
2026-08-17T04:59:08,スズキ,rss,2000年5月17日,,https://www.suzuki.co.jp/release/a/a000517b.htm,
2026-08-17T04:59:08,スズキ,rss,2000年5月17日,,https://www.suzuki.co.jp/release/a/a000517c.htm,
2026-08-17T04:59:08,スズキ,rss,2000年5月1日,,https://www.suzuki.co.jp/release/d/d000501.htm,
2026-08-17T04:59:08,スズキ,rss,2000年4月28日,,https://www.suzuki.co.jp/release/d/d000428.htm,
2026-08-17T04:59:08,スズキ,rss,2000年4月27日,,https://www.suzuki.co.jp/release/c/c000427.htm,
2026-08-17T04:59:08,スズキ,rss,2000年4月20日,,https://www.suzuki.co.jp/release/b/b000420.htm,
2026-08-17T04:59:08,スズキ,rss,2000年4月19日,,https://www.suzuki.co.jp/release/a/a000419.htm,
2026-08-17T04:59:08,スズキ,rss,2000年4月19日,,https://www.suzuki.co.jp/release/d/d000419.htm,
2026-08-17T04:59:08,スズキ,rss,2000年4月18日,,https://www.suzuki.co.jp/release/c/c000418.htm,
2026-08-17T04:59:08,スズキ,rss,2000年4月13日,,https://www.suzuki.co.jp/release/a/a000413b.htm,
2026-08-17T04:59:08,スズキ,rss,2000年4月13日,,https://www.suzuki.co.jp/release/a/a000413.htm,
2026-08-17T04:59:08,スズキ,rss,2000年4月6日,,https://www.suzuki.co.jp/release/d/d000406.htm,
2026-08-17T04:59:08,スズキ,rss,2000年3月30日,,https://www.suzuki.co.jp/release/b/b000330.htm,
2026-08-17T04:59:08,スズキ,rss,2000年3月30日,,https://www.suzuki.co.jp/release/d/d000330.htm,
2026-08-17T04:59:08,スズキ,rss,2000年3月29日,,https://www.suzuki.co.jp/release/c/c000329.htm,
2026-08-17T04:59:08,スズキ,rss,2000年3月28日,,https://www.suzuki.co.jp/release/b/b000328.htm,
2026-08-17T04:59:08,スズキ,rss,2000年3月22日,,https://www.suzuki.co.jp/release/b/b000322.htm,
2026-08-17T04:59:08,スズキ,rss,2000年3月21日,,https://www.suzuki.co.jp/release/a/a000321.htm,
2026-08-17T04:59:08,スズキ,rss,2000年3月21日,,https://www.suzuki.co.jp/release/b/b000321.htm,
2026-08-17T04:59:08,スズキ,rss,2000年3月16日,,https://www.suzuki.co.jp/release/b/b000316.htm,
2026-08-17T04:59:08,スズキ,rss,2000年3月6日,,https://www.suzuki.co.jp/release/d/d000306.htm,
2026-08-17T04:59:08,スズキ,rss,2000年2月25日,,https://www.suzuki.co.jp/release/d/d000225.htm,
2026-08-17T04:59:08,スズキ,rss,2000年2月23日,,https://www.suzuki.co.jp/release/d/d000223.htm,
2026-08-17T04:59:08,スズキ,rss,2000年2月22日,,https://www.suzuki.co.jp/release/b/b000222.htm,
2026-08-17T04:59:08,スズキ,rss,2000年2月18日,,https://www.suzuki.co.jp/release/d/d000218.htm,
2026-08-17T04:59:08,スズキ,rss,2000年2月16日,,https://www.suzuki.co.jp/release/d/d000216.htm,
2026-08-17T04:59:08,スズキ,rss,2000年2月9日,,https://www.suzuki.co.jp/release/c/c000209.htm,
2026-08-17T04:59:08,スズキ,rss,2000年2月9日,,https://www.suzuki.co.jp/release/c/c000209b.htm,
2026-08-17T04:59:08,スズキ,rss,2000年2月4日,,https://www.suzuki.co.jp/release/a/a000204.htm,
2026-08-17T04:59:08,スズキ,rss,2000年2月1日,,https://www.suzuki.co.jp/release/a/a000201.htm,
2026-08-17T04:59:08,スズキ,rss,2000年1月25日,,https://www.suzuki.co.jp/release/d/d000125.htm,
2026-08-17T04:59:08,スズキ,rss,2000年1月24日,,https://www.suzuki.co.jp/release/a/a000124.htm,
2026-08-17T04:59:08,スズキ,rss,2000年1月24日,,https://www.suzuki.co.jp/release/d/d000124a.htm,
2026-08-17T04:59:08,スズキ,rss,2000年1月24日,,https://www.suzuki.co.jp/release/d/d000124b.htm,
2026-08-17T04:59:08,スズキ,rss,2000年1月24日,,https://www.suzuki.co.jp/release/d/d000124c.htm,
2026-08-17T04:59:08,スズキ,rss,2000年1月19日,,https://www.suzuki.co.jp/release/c/c000119.htm,
2026-08-17T04:59:08,スズキ,rss,1999年12月25日,,https://www.suzuki.co.jp/release/d/d991225.htm,
2026-08-17T04:59:08,スズキ,rss,1999年12月22日,,https://www.suzuki.co.jp/release/c/c991222.htm,
2026-08-17T04:59:08,スズキ,rss,1999年12月20日,,https://www.suzuki.co.jp/release/d/d991220.htm,
2026-08-17T04:59:08,スズキ,rss,1999年12月14日,,https://www.suzuki.co.jp/release/a/a991214.htm,
2026-08-17T04:59:08,スズキ,rss,1999年12月10日,,https://www.suzuki.co.jp/release/d/d991210.htm,
2026-08-17T04:59:08,スズキ,rss,1999年12月8日,,https://www.suzuki.co.jp/release/a/a991208b.htm,
2026-08-17T04:59:08,スズキ,rss,1999年12月8日,,https://www.suzuki.co.jp/release/a/a991208.htm,
2026-08-17T04:59:08,スズキ,rss,1999年12月3日,,https://www.suzuki.co.jp/release/a/a991203.htm,
2026-08-17T04:59:08,スズキ,rss,1999年11月29日,,https://www.suzuki.co.jp/release/c/c991129.htm,
2026-08-17T04:59:08,スズキ,rss,1999年11月25日,,https://www.suzuki.co.jp/release/a/a991125b.htm,
2026-08-17T04:59:08,スズキ,rss,1999年11月25日,,https://www.suzuki.co.jp/release/a/a991125.htm,
2026-08-17T04:59:08,スズキ,rss,1999年11月22日,,https://www.suzuki.co.jp/release/b/b991122.htm,
2026-08-17T04:59:08,スズキ,rss,1999年11月4日,,https://www.suzuki.co.jp/release/a/a991104.htm,
2026-08-17T04:59:08,スズキ,rss,1999年11月4日,,https://www.suzuki.co.jp/release/d/d991104.htm,
2026-08-17T04:59:08,スズキ,rss,1999年11月1日,,https://www.suzuki.co.jp/release/d/d991101b.htm,
2026-08-17T04:59:08,スズキ,rss,1999年11月1日,,https://www.suzuki.co.jp/release/d/d991101.htm,
2026-08-17T04:59:08,スズキ,rss,1999年10月29日,,https://www.suzuki.co.jp/release/b/b991029.htm,
2026-08-17T04:59:08,スズキ,rss,1999年10月29日,,https://www.suzuki.co.jp/release/d/d991029.htm,
2026-08-17T04:59:08,スズキ,rss,1999年10月28日,,https://www.suzuki.co.jp/release/c/c991028.htm,
2026-08-17T04:59:08,スズキ,rss,1999年10月27日,,https://www.suzuki.co.jp/release/c/c991027.htm,
2026-08-17T04:59:08,スズキ,rss,1999年10月21日,,https://www.suzuki.co.jp/release/d/d991021.htm,
2026-08-17T04:59:08,スズキ,rss,1999年10月13日,,https://www.suzuki.co.jp/release/d/d991013.htm,
2026-08-17T04:59:08,スズキ,rss,1999年10月12日,,https://www.suzuki.co.jp/release/b/b991012.htm,
2026-08-17T04:59:08,スズキ,rss,1999年10月8日,,https://www.suzuki.co.jp/release/d/d991008.htm,
2026-08-17T04:59:08,スズキ,rss,1999年10月7日,,https://www.suzuki.co.jp/release/a/a991007.htm,
2026-08-17T04:59:08,スズキ,rss,1999年10月1日,,https://www.suzuki.co.jp/release/a/a991001.htm,
2026-08-17T04:59:08,スズキ,rss,1999年9月27日,,https://www.suzuki.co.jp/release/d/d990927.htm,
2026-08-17T04:59:08,スズキ,rss,1999年9月22日,,https://www.suzuki.co.jp/release/b/b990922.htm,
2026-08-17T04:59:08,スズキ,rss,1999年9月20日,,https://www.suzuki.co.jp/release/d/d990920.htm,
2026-08-17T04:59:08,スズキ,rss,1999年9月10日,,https://www.suzuki.co.jp/release/d/d990910.htm,
2026-08-17T04:59:08,スズキ,rss,1999年9月1日,,https://www.suzuki.co.jp/release/d/d990901.htm,
2026-08-17T04:59:08,スズキ,rss,1999年8月27日,,https://www.suzuki.co.jp/release/c/c990827.htm,
2026-08-17T04:59:08,スズキ,rss,1999年8月9日,,https://www.suzuki.co.jp/release/a/a990809.htm,
2026-08-17T04:59:08,スズキ,rss,1999年8月6日,,https://www.suzuki.co.jp/release/d/d990806.htm,
2026-08-17T04:59:08,スズキ,rss,1999年7月29日,,https://www.suzuki.co.jp/release/d/d990729.htm,
2026-08-17T04:59:08,スズキ,rss,1999年6月23日,,https://www.suzuki.co.jp/release/a/a990623.htm,
2026-08-17T04:59:08,スズキ,rss,1999年6月21日,,https://www.suzuki.co.jp/release/a/a990621.htm,
2026-08-17T04:59:08,スズキ,rss,1999年6月21日,,https://www.suzuki.co.jp/release/b/b990621.htm,
2026-08-17T04:59:08,スズキ,rss,1999年6月18日,,https://www.suzuki.co.jp/release/b/b990618.htm,
2026-08-17T04:59:08,スズキ,rss,1999年6月17日,,https://www.suzuki.co.jp/release/a/a990617.htm,
2026-08-17T04:59:08,スズキ,rss,1999年6月17日,,https://www.suzuki.co.jp/release/a/a990617b.htm,
2026-08-17T04:59:08,スズキ,rss,1999年6月16日,,https://www.suzuki.co.jp/release/a/a990616.htm,
2026-08-17T04:59:08,スズキ,rss,1999年6月15日,,https://www.suzuki.co.jp/release/d/d990615.htm,
2026-08-17T04:59:08,スズキ,rss,1999年6月10日,,https://www.suzuki.co.jp/release/a/a990610b.htm,
2026-08-17T04:59:08,スズキ,rss,1999年6月10日,,https://www.suzuki.co.jp/release/a/a990610.htm,
2026-08-17T04:59:08,スズキ,rss,1999年6月8日,,https://www.suzuki.co.jp/release/d/d990608.htm,
2026-08-17T04:59:08,スズキ,rss,1999年5月24日,,https://www.suzuki.co.jp/release/a/a990524.htm,
2026-08-17T04:59:08,スズキ,rss,1999年5月12日,,https://www.suzuki.co.jp/release/a/a990512.htm,
2026-08-17T04:59:08,スズキ,rss,1999年5月6日,,https://www.suzuki.co.jp/release/a/a990506.htm,
2026-08-17T04:59:08,スズキ,rss,1999年4月28日,,https://www.suzuki.co.jp/release/b/b990428.htm,
2026-08-17T04:59:08,スズキ,rss,1999年4月27日,,https://www.suzuki.co.jp/release/d/d990427b.htm,
2026-08-17T04:59:08,スズキ,rss,1999年4月27日,,https://www.suzuki.co.jp/release/d/d990427.htm,
2026-08-17T04:59:08,スズキ,rss,1999年4月21日,,https://www.suzuki.co.jp/release/a/a990421.htm,
2026-08-17T04:59:08,スズキ,rss,1999年4月20日,,https://www.suzuki.co.jp/release/d/d990420.htm,
2026-08-17T04:59:08,スズキ,rss,1999年3月31日,,https://www.suzuki.co.jp/release/d/d990331.htm,
2026-08-17T04:59:08,スズキ,rss,1999年3月30日,,https://www.suzuki.co.jp/release/b/b990330.htm,
2026-08-17T04:59:08,スズキ,rss,1999年3月23日,,https://www.suzuki.co.jp/release/d/d990323.htm,
2026-08-17T04:59:08,スズキ,rss,1999年3月12日,,https://www.suzuki.co.jp/release/d/d990312.htm,
2026-08-17T04:59:08,スズキ,rss,1999年3月16日,,https://www.suzuki.co.jp/release/a/a990316.htm,
2026-08-17T04:59:08,スズキ,rss,1999年3月10日,,https://www.suzuki.co.jp/release/a/a990310.htm,
2026-08-17T04:59:08,スズキ,rss,1999年3月4日,,https://www.suzuki.co.jp/release/a/a990304.htm,
2026-08-17T04:59:08,スズキ,rss,1999年2月25日,,https://www.suzuki.co.jp/release/c/c990225.htm,
2026-08-17T04:59:08,スズキ,rss,1999年2月24日,,https://www.suzuki.co.jp/release/d/d990224.htm,
2026-08-17T04:59:08,スズキ,rss,1999年2月19日,,https://www.suzuki.co.jp/release/d/d990219.htm,
2026-08-17T04:59:08,スズキ,rss,1999年2月15日,,https://www.suzuki.co.jp/release/d/d990215.htm,
2026-08-17T04:59:08,スズキ,rss,1999年2月8日,,https://www.suzuki.co.jp/release/c/c990208.htm,
2026-08-17T04:59:08,スズキ,rss,1999年2月4日,,https://www.suzuki.co.jp/release/d/d990204.htm,
2026-08-17T04:59:08,スズキ,rss,1999年2月4日,,https://www.suzuki.co.jp/release/a/a990204c.htm,
2026-08-17T04:59:08,スズキ,rss,1999年2月4日,,https://www.suzuki.co.jp/release/a/a990204b.htm,
2026-08-17T04:59:08,スズキ,rss,1999年2月4日,,https://www.suzuki.co.jp/release/a/a990204.htm,
2026-08-17T04:59:08,スズキ,rss,1999年2月1日,,https://www.suzuki.co.jp/release/b/b990201.htm,
2026-08-17T04:59:08,スズキ,rss,1999年1月22日,,https://www.suzuki.co.jp/release/d/d990122.htm,
2026-08-17T04:59:08,スズキ,rss,1999年1月18日,,https://www.suzuki.co.jp/release/d/d990118.htm,
2026-08-17T04:59:08,スズキ,rss,1999年1月6日,,https://www.suzuki.co.jp/release/a/a990106.htm,
2026-08-17T04:59:08,スズキ,rss,1998年12月24日,,https://www.suzuki.co.jp/release/d/d981224.htm,
2026-08-17T04:59:08,スズキ,rss,1998年12月21日,,https://www.suzuki.co.jp/release/b/b981221.htm,
2026-08-17T04:59:08,スズキ,rss,1998年12月16日,,https://www.suzuki.co.jp/release/d/d981216.htm,
2026-08-17T04:59:08,スズキ,rss,1998年12月7日,,https://www.suzuki.co.jp/release/c/c981207.htm,
2026-08-17T04:59:08,スズキ,rss,1998年12月2日,,https://www.suzuki.co.jp/release/a/a981202.htm,
2026-08-17T04:59:08,スズキ,rss,1998年12月1日,,https://www.suzuki.co.jp/release/d/d981201.htm,
2026-08-17T04:59:08,スズキ,rss,1998年11月20日,,https://www.suzuki.co.jp/release/a/a981120.htm,
2026-08-17T04:59:08,スズキ,rss,1998年11月12日,,https://www.suzuki.co.jp/release/d/d981112.htm,
2026-08-17T04:59:08,スズキ,rss,1998年10月30日,,https://www.suzuki.co.jp/release/d/d981030.htm,
2026-08-17T04:59:08,スズキ,rss,1998年10月30日,,https://www.suzuki.co.jp/release/d/d981030b.htm,
2026-08-17T04:59:08,スズキ,rss,1998年10月21日,,https://www.suzuki.co.jp/release/b/b981021.htm,
2026-08-17T04:59:08,スズキ,rss,1998年10月15日,,https://www.suzuki.co.jp/release/a/a981015.htm,
2026-08-17T04:59:08,スズキ,rss,1998年10月14日,,https://www.suzuki.co.jp/release/d/d981014.htm,
2026-08-17T04:59:08,スズキ,rss,1998年10月13日,,https://www.suzuki.co.jp/release/d/d981013.htm,
2026-08-17T04:59:08,スズキ,rss,1998年10月7日,,https://www.suzuki.co.jp/release/a/a981007.htm,
2026-08-17T04:59:08,スズキ,rss,1998年9月29日,,https://www.suzuki.co.jp/release/d/d980929.htm,
2026-08-17T04:59:08,スズキ,rss,1998年9月24日,,https://www.suzuki.co.jp/release/c/c980924.htm,
2026-08-17T04:59:08,スズキ,rss,1998年9月22日,,https://www.suzuki.co.jp/release/b/b980922.htm,
2026-08-17T04:59:08,スズキ,rss,1998年9月17日,,https://www.suzuki.co.jp/release/d/d980917.htm,
2026-08-17T04:59:08,スズキ,rss,1998年9月16日,,https://www.suzuki.co.jp/release/d/d980916.htm,
2026-08-17T04:59:08,スズキ,rss,1998年8月27日,,https://www.suzuki.co.jp/release/b/b980827.htm,
2026-08-17T04:59:08,スズキ,rss,1998年8月26日,,https://www.suzuki.co.jp/release/a/a980826.htm,
2026-08-17T04:59:08,スズキ,rss,1998年7月21日,,https://www.suzuki.co.jp/release/d/d980721.htm,
2026-08-17T04:59:08,スズキ,rss,1998年7月6日,,https://www.suzuki.co.jp/release/d/d980706.htm,
2026-08-17T04:59:08,スズキ,rss,1998年6月22日,,https://www.suzuki.co.jp/release/b/b980622.htm,
2026-08-17T04:59:08,スズキ,rss,1998年6月10日,,https://www.suzuki.co.jp/release/d/d980610.htm,
2026-08-17T04:59:08,スズキ,rss,1998年6月8日,,https://www.suzuki.co.jp/release/d/d980608.htm,
2026-08-17T04:59:08,スズキ,rss,1998年6月4日,,https://www.suzuki.co.jp/release/a/a980604.htm,
2026-08-17T04:59:08,スズキ,rss,1998年5月27日,,https://www.suzuki.co.jp/release/d/d980527.htm,
2026-08-17T04:59:08,スズキ,rss,1998年5月26日,,https://www.suzuki.co.jp/release/c/c980526.htm,
2026-08-17T04:59:08,スズキ,rss,1998年5月21日,,https://www.suzuki.co.jp/release/a/a980521.htm,
2026-08-17T04:59:08,スズキ,rss,1998年5月20日,,https://www.suzuki.co.jp/release/b/b980520.htm,
2026-08-17T04:59:08,スズキ,rss,1998年5月18日,,https://www.suzuki.co.jp/release/a/a980518.htm,
2026-08-17T04:59:08,スズキ,rss,1998年5月14日,,https://www.suzuki.co.jp/release/d/d980514.htm,
2026-08-17T04:59:08,スズキ,rss,1998年5月12日,,https://www.suzuki.co.jp/release/a/a980512.htm,
2026-08-17T04:59:08,スズキ,rss,1998年5月7日,,https://www.suzuki.co.jp/release/a/a980507.htm,
2026-08-17T04:59:08,スズキ,rss,1998年4月22日,,https://www.suzuki.co.jp/release/b/b980422.htm,
2026-08-17T04:59:08,スズキ,rss,1998年4月20日,,https://www.suzuki.co.jp/release/b/b980420.htm,
2026-08-17T04:59:08,スズキ,rss,1998年4月16日,,https://www.suzuki.co.jp/release/b/b980416.htm,
2026-08-17T05:15:46,トヨタ,rss,"Thu, 13 Aug 2026 07:00:00 +0900",トヨタ自動車株式会社　元取締役会長　奥田 碩 逝去について,https://global.toyota/jp/newsroom/corporate/44752008.html,
2026-08-17T05:15:46,トヨタ,rss,"Mon, 10 Aug 2026 17:00:00 +0900",[トヨタイムズ記事] 【タテシナ会議】交通事故ゼロへ 業界の垣根を越え、想い一つに,https://toyotatimes.jp/newscast/204.html?padid=ag478_from_newsroom,
2026-08-17T05:15:46,トヨタ,rss,"Mon, 10 Aug 2026 13:00:00 +0900",タテシナ会議「新しい児童への啓発分科会」、親子で学ぶ交通安全教育アプリ「ナナまも 通学路きづきナビ」および、学校向け交通安全授業教材を開発,https://toyotamobilityfoundation.jp/news/0228,
2026-08-17T05:15:46,トヨタ,rss,"Fri, 07 Aug 2026 11:50:00 +0900",[トヨタイムズ記事] トヨタらしい成長と還元の両立へ 市場との対話、一層深化【2027年3月期第1四半期決算】,https://toyotatimes.jp/toyota_news/financial_results_2027/001.html?padid=ag478_from_newsroom,
2026-08-17T05:15:46,トヨタ,rss,"Thu, 06 Aug 2026 13:30:00 +0900","進化したGR86を発売
-「86」の系譜を受け継ぎ魅力を強化-",https://global.toyota/jp/newsroom/toyota/44726960.html,○
2026-08-17T05:15:46,トヨタ,rss,"Tue, 04 Aug 2026 14:00:00 +0900",2027年3月期 第1四半期決算発表（2026年8月4日）,https://global.toyota/jp/ir/financial-results/index.html?1q,
2026-08-17T05:15:46,トヨタ,rss,"Tue, 04 Aug 2026 10:30:00 +0900","スシローとGAZOO Racingが初コラボ！夏休みの楽しい一日を！
-全国のスシロー店舗でGR 4車種のミニカー付き商品が登場-",https://toyotagazooracing.com/jp/pressrelease/2026/0804-01/,
2026-08-17T05:15:46,トヨタ,rss,"Mon, 03 Aug 2026 19:00:00 +0900",[トヨタイムズ記事] 技術者交流の場「技術者の一日」に1.2万人 79年の歴史継承,https://toyotatimes.jp/toyota_news/1112.html?padid=ag478_from_newsroom,
2026-08-17T05:15:46,トヨタ,rss,"Mon, 03 Aug 2026 17:00:00 +0900",[トヨタイムズ記事] 自家用車が消防の目に 豊田市で新たな実証実験がスタート,https://toyotatimes.jp/newscast/203.html?padid=ag478_from_newsroom,
2026-08-17T05:15:46,トヨタ,rss,"Mon, 03 Aug 2026 13:30:00 +0900",ヤリス クロス GR SPORTグレードを一部改良,https://global.toyota/jp/newsroom/toyota/44698459.html,○
2026-08-17T05:15:46,トヨタ,rss,"Mon, 03 Aug 2026 13:30:00 +0900",【画像差替】ハリアーを一部改良,https://global.toyota/jp/newsroom/toyota/44698256.html,○
2026-08-17T05:15:46,トヨタ,rss,"Mon, 03 Aug 2026 13:30:00 +0900",シエンタを一部改良,https://global.toyota/jp/newsroom/toyota/44698107.html,○
2026-08-17T05:15:46,トヨタ,rss,"Mon, 03 Aug 2026 12:00:00 +0900","WRC 第10戦 ラリー・フィンランド デイ4
パヤリがWRC初優勝を達成した前戦ラリー・エストニアに続き優勝
ソルベルグは2位、エバンスは3位に入りTGR-WRTが表彰台を独占",https://toyotagazooracing.com/jp/wrc/release/2026/rd10-day4/,
2026-08-17T05:15:46,トヨタ,rss,"Fri, 31 Jul 2026 15:00:00 +0900",「令和8年熊本地震」への支援について,https://global.toyota/jp/newsroom/corporate/44711939.html,
2026-08-17T05:15:46,トヨタ,rss,"Fri, 31 Jul 2026 13:30:00 +0900","ヘリコプター運航サービス「LEXUS Flight」を開始
-LEXUSに空のモビリティが加わり、陸・海・空がつながる移動体験を提供-",https://global.toyota/jp/newsroom/lexus/44704796.html,
2026-08-17T05:15:46,トヨタ,rss,"Fri, 31 Jul 2026 10:00:00 +0900",組織改正について,https://global.toyota/jp/newsroom/corporate/44710011.html,
2026-08-17T05:15:46,トヨタ,rss,"Thu, 30 Jul 2026 13:30:00 +0900",2026年上半期 販売・生産・輸出実績,https://global.toyota/jp/company/profile/production-sales-figures/202606.html,
2026-08-17T05:15:46,トヨタ,rss,"Wed, 29 Jul 2026 13:30:00 +0900",コースターを一部改良,https://global.toyota/jp/newsroom/toyota/44679233.html,○
2026-08-17T05:15:46,トヨタ,rss,"Tue, 28 Jul 2026 13:00:00 +0900","トヨタ・モビリティ基金、「サステナブル・シティズ・チャレンジ」3都市で社会実装を担うイノベーターを選定
デトロイト、バラナシ、ベネチアで実装フェーズへ",https://toyotamobilityfoundation.jp/news/0224,
2026-08-17T05:15:46,トヨタ,rss,"Mon, 27 Jul 2026 17:00:00 +0900",[トヨタイムズ記事] 【エネルギー問題の教訓】資源小国・日本のあり方を考える,https://toyotatimes.jp/business/009.html?padid=ag478_from_newsroom,
2026-08-17T05:15:46,トヨタ,rss,"Mon, 27 Jul 2026 15:30:00 +0900","ダイムラートラック、ボルボ・グループ、トヨタ、セルセントリックへの共同参画に向けて出資契約を締結
-燃料電池の大型商用領域における協業が進展-",https://global.toyota/jp/newsroom/corporate/44689360.html,
2026-08-17T05:15:46,トヨタ,rss,"Mon, 27 Jul 2026 14:00:00 +0900",トヨタ・モビリティ基金が進める「沖縄ゆいまーるプロジェクト」、多方面にわたる成果を確認。新たに内閣府沖縄総合事務局が参画、沖縄トヨタグループにも拡充して交通事故ゼロを目指す,https://toyotamobilityfoundation.jp/news/0208,
2026-08-17T05:15:46,トヨタ,rss,"Fri, 24 Jul 2026 17:00:00 +0900","WRC 第10戦 ラリー・フィンランド プレビュー
TGR-WRTのホームイベントである超高速グラベルイベントに5台のGR YARIS Rally1で挑み今季9勝目獲得を目指す",https://toyotagazooracing.com/jp/wrc/release/2026/rd10-preview/,
2026-08-17T05:15:46,トヨタ,rss,"Thu, 23 Jul 2026 17:00:00 +0900",[トヨタイムズ記事] 「知らなかった！」車いすユーザーが飛行機に乗るとき実は…,https://toyotatimes.jp/series/series_mobilityforall/011.html?padid=ag478_from_newsroom,
2026-08-17T05:15:46,トヨタ,rss,"Tue, 21 Jul 2026 17:00:00 +0900",[トヨタイムズ記事] モビリティカンパニーへの変革 みんなで考え、進める　近社長インタビュー,https://toyotatimes.jp/toyota_news/1111.html?padid=ag478_from_newsroom,
2026-08-17T05:15:46,トヨタ,rss,"Tue, 21 Jul 2026 13:00:00 +0900",交通事故ゼロを目指し議論と活動を進める場、第4回「タテシナ会議」を開催,https://toyotamobilityfoundation.jp/news/0223,
2026-08-17T05:15:46,トヨタ,rss,"Tue, 21 Jul 2026 12:00:00 +0900","WRC 第9戦 ラリー・エストニア デイ3
首位パヤリが最後までリードを守り抜きWRC初優勝を達成
ソルベルグは総合2位でフィニッシュし最大ボーナスポイントを獲得する",https://toyotagazooracing.com/jp/wrc/release/2026/rd09-day3/,
2026-08-17T05:15:46,トヨタ,rss,"Mon, 20 Jul 2026 17:00:00 +0900",[トヨタイムズ記事] サッカー元日本代表監督 岡田さん、トヨタ工業学園へ　学園生に伝えた「生きていく力」,https://toyotatimes.jp/newscast/202.html?padid=ag478_from_newsroom,
2026-08-17T05:15:46,トヨタ,rss,"Thu, 16 Jul 2026 14:00:00 +0900","トヨタ自動車の新事業創出の仕組み「BE creation」から生まれた初の事業会社、OneStream社が始動
-OneStream社への3社の資本参画により、港湾・コンテナ物流のさらなる効率化を推進-",https://global.toyota/jp/newsroom/corporate/44655993.html,
2026-08-17T05:15:46,トヨタ,rss,"Wed, 15 Jul 2026 13:30:00 +0900",新型クラウン（クロスオーバー）のデザインを先行公開,https://global.toyota/jp/newsroom/toyota/44641170.html,○
2026-08-17T05:15:46,トヨタ,rss,"Mon, 13 Jul 2026 17:00:00 +0900",[トヨタイムズ記事] テーマは「自動車工場」クリエイターが描いたヒーローたち,https://toyotatimes.jp/newscast/201.html?padid=ag478_from_newsroom,
2026-08-17T05:15:46,トヨタ,rss,"Mon, 13 Jul 2026 13:30:00 +0900",カローラ スポーツを一部改良するとともに、特別仕様車 G“Z・ACTIVE ELEGANCE”を設定,https://global.toyota/jp/newsroom/toyota/44626118.html,○
2026-08-17T05:15:46,トヨタ,rss,"Mon, 13 Jul 2026 12:00:00 +0900","WEC 2026年シーズン 第4戦 サンパウロ6時間 決勝
TOYOTA RACING、厳しい展開が続くレースに",https://jp.toyota-racing-newsroom.com/blog/wec/artikel/2026-6-hours-of-sao-paulo-race-jpn/text,○
2026-08-17T05:15:46,トヨタ,rss,"Fri, 10 Jul 2026 17:00:00 +0900","WRC 第9戦 ラリー・エストニア プレビュー
ハイスピードグラベル連戦の初戦、ラリー・エストニアに5台のGR YARIS Rally1で挑む",https://toyotagazooracing.com/jp/wrc/release/2026/rd09-preview/,
2026-08-17T05:15:46,トヨタ,rss,"Thu, 09 Jul 2026 16:00:00 +0900",GAZOO Racing、ダカールラリーでFCEV開発をさらに推進,https://toyotagazooracing.com/jp/dakar/release/2026/0709-01/,
2026-08-17T05:15:46,トヨタ,rss,"Tue, 07 Jul 2026 05:30:00 +0900","トヨタ、テキサス州サンアントニオ工場に36億ドルを投資
-第2車両組立ライン新設により、雇用創出と生産能力拡大を推進-",https://global.toyota/jp/newsroom/corporate/44598940.html,
2026-08-17T05:15:46,トヨタ,rss,"Mon, 06 Jul 2026 17:00:00 +0900",[トヨタイムズ記事] 美しくも過酷なレース 初参戦のミッレミリアで初代クラウンが激走,https://toyotatimes.jp/newscast/200.html?padid=ag478_from_newsroom,
2026-08-17T05:15:46,トヨタ,rss,"Mon, 06 Jul 2026 17:00:00 +0900","WEC 2026年シーズン 第4戦 サンパウロ6時間 ： プレビュー
ル・マンで優勝を飾ったTOYOTA RACINGがブラジルラウンドへ挑む",https://jp.toyota-racing-newsroom.com/blog/wec/artikel/2026-6-hours-of-sao-paulo-preview-jpn/text,○
2026-08-17T05:15:46,トヨタ,rss,"Mon, 06 Jul 2026 13:30:00 +0900",アクアを一部改良しGR SPORTグレードを追加,https://global.toyota/jp/newsroom/toyota/44600338.html,○
2026-08-17T05:15:46,トヨタ,rss,"Thu, 02 Jul 2026 13:30:00 +0900",LEXUS、「UX300h」に“Shining Essence”を追加設定,https://global.toyota/jp/newsroom/lexus/44513119.html,
2026-08-17T05:15:46,トヨタ,rss,"Wed, 01 Jul 2026 13:30:00 +0900",米国生産のハイランダーを全国トヨタ車両販売店で発売,https://toyota.jp/highlander/,○
2026-08-17T05:15:46,トヨタ,rss,"Wed, 01 Jul 2026 13:30:00 +0900",プリウスを一部改良,https://global.toyota/jp/newsroom/toyota/44548404.html,○
2026-08-17T05:15:46,トヨタ,rss,"Wed, 01 Jul 2026 13:30:00 +0900",カローラ クロスを一部改良するとともに、特別仕様車 Z“Adventure”を設定,https://global.toyota/jp/newsroom/toyota/44548254.html,○
2026-08-17T05:15:46,トヨタ,rss,"Tue, 30 Jun 2026 21:00:00 +0900","Jobyとトヨタ、空のモビリティ実現に向け、電動垂直離着陸機（eVTOL）の生産を行う合弁会社の設立に着手
-商用生産に向けた体制整備を本格化し、機体の量産に向けた準備に着手-",https://global.toyota/jp/newsroom/corporate/44563481.html,
2026-08-17T05:15:46,トヨタ,rss,"Mon, 29 Jun 2026 13:30:00 +0900",2026年5月 販売・生産・輸出実績,https://global.toyota/jp/company/profile/production-sales-figures/202605.html,
2026-08-17T05:15:46,トヨタ,rss,"Mon, 29 Jun 2026 12:00:00 +0900","WRC 第8戦 アクロポリス・ラリー・ギリシャ デイ4
オジエが首位争いを制しパーフェクトウィンを達成
勝田は総合3位に入りドライバー選手権2位の座を守る",https://toyotagazooracing.com/jp/wrc/release/2026/rd08-day4/,
2026-08-17T05:15:46,トヨタ,rss,"Wed, 24 Jun 2026 17:00:00 +0900",[トヨタイムズ記事] 豊田会長3年ぶりに議長席へ 株主総会で語った3つのスタートポイント,https://toyotatimes.jp/toyota_news/shareholders_2026/002.html?padid=ag478_from_newsroom,
2026-08-17T05:15:46,トヨタ,rss,"Tue, 23 Jun 2026 17:00:00 +0900",[トヨタイムズ記事] いつか「責任取れるようになったな」と言われるように 近社長が涙の決意,https://toyotatimes.jp/toyota_news/shareholders_2026/001.html?padid=ag478_from_newsroom,
2026-08-17T05:15:46,トヨタ,rss,"Mon, 22 Jun 2026 17:00:00 +0900",[トヨタイムズ記事] 【密着3年】GRヤリスMコンセプト開発の舞台裏、全てお見せします,https://toyotatimes.jp/newscast/198.html?padid=ag478_from_newsroom,
2026-08-17T05:15:46,トヨタ,rss,"Fri, 19 Jun 2026 17:00:00 +0900","WRC 第8戦 アクロポリス・ラリー・ギリシャ プレビュー
シーズン後半戦最初の戦いとなるアクロポリス・ラリーに5台のGR YARIS Rally1で挑みシーズン7勝目を目指す",https://toyotagazooracing.com/jp/wrc/release/2026/rd08-preview/,
2026-08-17T05:15:47,ホンダ,rss,2026-07-31T11:00:00+09:00,新着投稿「これからの二人の時間を大事に…」他、全11件掲載,https://www.honda.co.jp/usersvoice/?from=RSS,
2026-08-17T05:15:47,ホンダ,rss,2026-07-30T15:00:00+09:00,2026年6月度 四輪車 生産・販売・輸出実績,https://global.honda/jp/news/2026/c260730.html?from=RSS,
2026-08-17T05:15:47,ホンダ,rss,2026-07-30T14:00:00+09:00,ZR-V、シビックのリコール（シートフレーム）,https://www.honda.co.jp/recall/auto/info/260730_5854.html?from=RSS,
2026-08-17T05:15:47,ホンダ,rss,2026-07-30T14:00:00+09:00,ACCORDのリコール（シートフレーム）,https://www.honda.co.jp/recall/auto/info/260730_4216.html?from=RSS,
2026-08-17T05:15:47,ホンダ,rss,2026-07-30T11:00:00+09:00,「ACCORD」を一部改良し発売,https://global.honda/jp/news/2026/4260730-accord.html?from=RSS,○
2026-08-17T05:15:47,ホンダ,rss,2026-07-29T11:00:00+09:00,N-VANで走って東京のハゼ釣り場を徹底調査！,https://www.honda.co.jp/fishing/enjoy/report/tokyo-haze/?from=RSS,
2026-08-17T05:15:47,ホンダ,rss,2026-07-29T11:00:00+09:00,Enjoy Honda福岡、宮城で純正アクセサリーを展示します,https://www.honda.co.jp/ACCESS/enjoyhonda/?from=RSS,
2026-08-17T05:15:47,ホンダ,rss,2026-07-17T11:00:00+09:00,【こどものための福祉機器展withおとなも！】に出展,https://www.honda.co.jp/orangedealer/news/?from=RSS#newskf2026,
2026-08-17T05:15:47,ホンダ,rss,2026-07-16T11:00:00+09:00,スタイリング一新。装備も充実したNEW N-BOXが登場！,https://www.honda.co.jp/Nbox/?from=RSS,
2026-08-17T05:15:47,ホンダ,rss,2026-07-16T11:00:00+09:00,「N-BOX」をマイナーモデルチェンジし発売～各タイプの個性を際立たせ、さまざまなライフスタイルに寄り添う価値を提供～,https://global.honda/jp/news/2026/4260716-n-box.html?from=RSS,○
2026-08-17T05:15:47,ホンダ,rss,2026-07-09T11:00:00+09:00,「FIT」をマイナーモデルチェンジし発売～スポーティーなデザインと快適装備を備えた「Z」タイプを設定～,https://global.honda/jp/news/2026/4260709-fit.html?from=RSS,○
2026-08-17T05:15:47,ホンダ,rss,2026-07-09T11:00:00+09:00,新しいフィットは、よりスポーティーに、より快適に！,https://www.honda.co.jp/Fit/?from=RSS,
2026-08-17T05:15:47,ホンダ,rss,2026-07-06T14:00:00+09:00,「N-BOX」が2026年上半期 新車販売台数 第1位を獲得,https://global.honda/jp/news/2026/4260706.html?from=RSS,
2026-08-17T05:15:47,ホンダ,rss,2026-07-01T11:00:00+09:00,【初代NSX】Hondaヘリテージパーツ 17部品を追加,https://www.honda.co.jp/heritage-works/?from=RSS,
2026-08-17T05:15:47,ホンダ,rss,2026-06-29T15:00:00+09:00,2026年5月度 四輪車 生産・販売・輸出実績,https://global.honda/jp/news/2026/c260629a.html?from=RSS,
2026-08-17T05:15:47,ホンダ,rss,2026-06-29T11:00:00+09:00,Honda船外機と生きる人たち,https://www.honda.co.jp/magazine/article/202606vol02/?from=RSS,
2026-08-17T05:15:47,ホンダ,rss,2026-06-18T14:00:00+09:00,インサイトのリコール（低圧燃料ポンプ）,https://www.honda.co.jp/recall/auto/info/260618_5838.html?from=RSS,
2026-08-17T05:15:47,ホンダ,rss,2026-06-18T11:00:00+09:00,「N-BOX」改良モデルをホームページで先行公開～N-BOX CUSTOMのフロントフェイスを存在感と迫力のあるデザインに変更～,https://global.honda/jp/news/2026/4260618.html?from=RSS,○
2026-08-17T05:15:47,ホンダ,rss,2026-06-18T11:00:00+09:00,PRELUDEに特別仕様車「2027 Limited Edition」を設定し発売,https://global.honda/jp/news/2026/4260618-prelude.html?from=RSS,○
2026-08-17T05:15:47,ホンダ,rss,2026-06-17T11:00:00+09:00,GraphicaDriveがトライアルリリースされました,https://www.honda.co.jp/GraphicaDrive/?from=RSS,
2026-08-17T05:15:47,日産,page,,日産自動車 ニュースルーム,https://global.nissannews.com/ja-JP,
2026-08-17T05:15:47,日産,page,,ニュースリリース,https://global.nissannews.com/pages/all-news-archive-j,
2026-08-17T05:15:47,日産,page,,ニュースリリース,https://global.nissannews.com/ja-JP/channels/news,
2026-08-17T05:15:47,日産,page,,国内市場販売車種一覧,https://global.nissannews.com/nissan-models-j,
2026-08-17T05:15:47,日産,page,,サステナビリティ,https://global.nissannews.com/ja-JP/channels/channel-fd86f26fe0b756c430ee7f6c0c012766,
2026-08-17T05:15:47,日産,page,,電動化の取り組み,https://global.nissannews.com/ja-JP/channels/channel-45ec0f513c5381a56ca843312d308f65,
2026-08-17T05:15:47,日産,page,,日本電動化アクション「ブルー・スイッチ」,https://global.nissannews.com/ja-JP/channels/blue-switch,
2026-08-17T05:15:47,日産,page,,技術ライブラリー,https://www.nissan-global.com/JP/INNOVATION/TECHNOLOGY/ARCHIVE/,
2026-08-17T05:15:47,日産,page,,経営再建計画 Re:Nissan,https://global.nissannews.com/ja-JP/channels/re-nissan,
2026-08-17T05:15:47,日産,page,,生産・販売・輸出実績,https://global.nissannews.com/pages/sales-report-year-jp,
2026-08-17T05:15:47,日産,page,,コーポレート ガバナンス,https://www.nissan-global.com/JP/COMPANY/GOVERNANCE/,
2026-08-17T05:15:47,日産,page,,ルノー・日産自動車・三菱自動車アライアンス,https://global.nissannews.com/ja-JP/channels/renault-nissan-mitsubishi,
2026-08-17T05:15:47,日産,page,,会社と製品の歴史,https://www.nissan-global.com/JP/COMPANY/PROFILE/HERITAGE/,
2026-08-17T05:15:47,日産,page,,北京モーターショー,https://global.nissannews.com/ja-JP/channels/beijing-2026,
2026-08-17T05:15:47,日産,page,,東京オートサロン,https://global.nissannews.com/ja-JP/channels/tokyo-auto-salon-2026,
2026-08-17T05:15:47,日産,page,,広州モーターショー,https://global.nissannews.com/ja-JP/channels/guangzhou-2025,
2026-08-17T05:15:47,日産,page,,JAPAN MOBILITY SHOW,https://global.nissannews.com/ja-JP/channels/jms-2025,
2026-08-17T05:15:47,日産,page,,上海モーターショー,https://global.nissannews.com/ja-JP/channels/shanghai-2025,
2026-08-17T05:15:47,日産,page,,東京オートサロン,https://global.nissannews.com/ja-JP/channels/tokyo-auto-salon-2025,
2026-08-17T05:15:47,日産,page,,広州モーターショー,https://global.nissannews.com/ja-JP/channels/channel-dcff5a651a804de5782d473fc60caebe,
2026-08-17T05:15:47,日産,page,,JAPAN MOBILITY SHOW BIZWEEK 2024,https://global.nissannews.com/ja-JP/releases/241008-01-j,
2026-08-17T05:15:47,日産,page,,北京モーターショー,https://global.nissannews.com/ja-JP/channels/beijing-2024,
2026-08-17T05:15:47,日産,page,,東京オートサロン,https://global.nissannews.com/ja-JP/channels/tokyo-auto-sallon-2024,
2026-08-17T05:15:47,日産,page,,モータースポーツ,https://global.nissannews.com/pages/motorsports-archive-j,
2026-08-17T05:15:47,日産,page,,Formula E,https://global.nissannews.com/ja-JP/channels/formula-e,
2026-08-17T05:15:47,日産,page,,海外のニュースルーム,https://global.nissannews.com/ja-JP/regions,
2026-08-17T05:15:47,日産,page,,"お気に入り
                  
0
                  件",https://global.nissannews.com/ja-JP/basket,
2026-08-17T05:15:47,日産,page,,「キャシュカイ e‑POWER」が、無給油走行距離のギネス世界記録™を達成,https://global.nissannews.com/ja-JP/releases/260805-00-j,
2026-08-17T05:15:47,日産,page,,Wayve、Uber、日産がロボタクシーでの協業を発表,https://global.nissannews.com/ja-JP/releases/260312-01-j,
2026-08-17T05:15:47,日産,page,,「日産リーフ NISMO」を発表,https://global.nissannews.com/ja-JP/releases/260722-01-j,
2026-08-17T05:15:47,日産,page,,新型「エルグランド」を発表,https://global.nissannews.com/ja-JP/releases/260716-01-j,○
2026-08-17T05:15:47,日産,page,,「エコ1チャレンジカップ 2026 中・高校生による手作り電気自動車コンテスト」を実施,https://global.nissannews.com/ja-JP/releases/260805-01-j,
2026-08-17T05:15:47,日産,page,,日産、Quemixと共同で世界初となる量子アルゴリズムを用いた車両空力シミュレーションの実証に成功,https://global.nissannews.com/ja-JP/releases/260601-00-j,
2026-08-17T05:15:47,日産,page,,長期ビジョン「モビリティの知能化で、毎日を新たな体験に」,https://global.nissannews.com/ja-JP/releases/260414-01-j,
2026-08-17T05:15:47,日産,page,,日産自動車、2026年度第1四半期決算を発表,https://global.nissannews.com/ja-JP/releases/260803-01-j,
2026-08-17T05:15:47,日産,page,,北京モーターショー2026,https://global.nissannews.com/ja-JP/channels/beijing-2026,
2026-08-17T05:15:47,日産,page,,東京オートサロン2026,https://global.nissannews.com/ja-JP/channels/tokyo-auto-salon-2026,
2026-08-17T05:15:47,日産,page,,ファンへの感謝を込めて「NISMO Festival at Fuji Speedway 2026」を開催,https://global.nissannews.com/ja-JP/releases/260731-01-j,
2026-08-17T05:15:47,日産,page,,日産自動車、アンドレッティ・フォーミュラEにGEN4パワートレインを供給,https://global.nissannews.com/ja-JP/releases/260724-01-j,
2026-08-17T05:15:47,日産,page,,ProPILOT,https://global.nissannews.com/ja-JP/search?query=ProPILOT,
2026-08-17T05:15:47,日産,page,,社会福祉法人長浜市社会福祉協議会と日産、電気自動車を軸としたゼロカーボン社会の実現と地域福祉の推進に関する連携協定を締結,https://global.nissannews.com/ja-JP/releases/260806-02-j,
2026-08-17T05:15:47,日産,page,,社会福祉法人長浜市社会福祉協議会と、日産自動車株式会社、滋賀日産自動車株式会社の3者は6日、電気自動車（EV）を活用してゼロカーボンの実現と防災力向上を通じた社会福祉を推進する連携協定を締結しました。,https://global.nissannews.com/ja-JP/releases/260806-02-j,
2026-08-17T05:15:47,日産,page,,長浜市と日産、電気自動車を軸としたゼロカーボン社会の実現と防災力の強化及び 住み続けられるまちづくりを目指す連携協定を締結,https://global.nissannews.com/ja-JP/releases/260806-01-j,
2026-08-17T05:15:47,日産,page,,滋賀県長浜市と日産自動車株式会社、滋賀日産自動車株式会社の3者は、6日、電気自動車（EV）を活用した脱炭素社会の実現、防災力の強化および地域活性化を推進する連携協定を締結しました。,https://global.nissannews.com/ja-JP/releases/260806-01-j,
2026-08-17T05:15:47,日産,page,,公益社団法人自動車技術会 関東支部（所在：東京都千代田区、支部長：本田 敬）、学校法人五島育英会 東京都市大学（所在：東京都世田谷区、学長：野城 智也）、日産自動車株式会社（本社：神奈川県横浜市西区、社長：イヴァン エスピノーサ）は、8月22日（土）に「エコ１チャレンジカップ 2026 ～中・高校生による手作り電気自動車コンテスト～」を開催します。,https://global.nissannews.com/ja-JP/releases/260805-01-j,
2026-08-17T05:15:47,日産,page,,"日産自動車株式会社（本社：神奈川県横浜市西区、社長：イヴァン エスピノーサ）は 、第3世代e-POWERを搭載した「キャシュカイ e‑POWER」が、給油を行わずに1,980kmを走行し、「非プラグイン式エクステンデッドレンジ電動SUVによる最長走行距離」としてギネス世界記録™に認定されたことを発表しました。",https://global.nissannews.com/ja-JP/releases/260805-00-j,
2026-08-17T05:15:47,日産,page,,人事異動について,https://global.nissannews.com/ja-JP/releases/260804-02-j,
2026-08-17T05:15:47,日産,page,,日産自動車株式会社（本社：神奈川県横浜市西区、社長：イヴァン エスピノーサ）は4日、10月1日付けの人事異動を発表しました。,https://global.nissannews.com/ja-JP/releases/260804-02-j,
2026-08-17T05:15:47,日産,page,,日産自動車株式会社（本社：神奈川県横浜市西区、社長：イヴァン エスピノーサ）は3日、2026年度第1四半期決算を発表しました。,https://global.nissannews.com/ja-JP/releases/260803-01-j,
2026-08-17T05:15:47,日産,page,,SUPER GT 第4戦富士、日産勢は想定外の苦戦,https://global.nissannews.com/ja-JP/releases/260802-01-j,
2026-08-17T05:15:47,日産,page,,2026年SUPER GTシリーズ第4戦が富士スピードウェイで開催されました。第3戦のセパン大会が延期され、5月の第2戦から3カ月のインターバルをおいて行われた真夏の第4戦に、日産/NISMO陣営は3台のNissan Z NISMO GT500で挑みました。レース直前の雨と、コンディションの急回復など不安定な状況でスタートしたレースは、Nissan Z NISMO GT500勢にとって厳しい結果となりました。,https://global.nissannews.com/ja-JP/releases/260802-01-j,
2026-08-17T05:15:47,日産,page,,令和８年熊本地震に対する支援について,https://global.nissannews.com/ja-JP/releases/260731-00-j,
2026-08-17T05:15:47,日産,page,,この度の熊本地震により、お亡くなりになられた方々に心よりお悔やみ申し上げますとともに、被災された地域の皆様に心よりお見舞い申し上げます。,https://global.nissannews.com/ja-JP/releases/260731-00-j,
2026-08-17T05:15:47,日産,page,,日産自動車株式会社（本社：神奈川県横浜市西区、社長：イヴァン エスピノーサ）と日産モータースポーツ＆カスタマイズ株式会社（本社：神奈川県茅ヶ崎市、社長：真田 裕、略称：NMC）は、12月6日（日）に富士スピードウェイ（静岡県）にて、「NISMO Festival at Fuji Speedway 2026」を開催すると発表しました。,https://global.nissannews.com/ja-JP/releases/260731-01-j,
2026-08-17T05:15:47,日産,page,,日産自動車2026年6月度および2026年1月～6月累計 生産・販売・輸出実績（速報）,https://global.nissannews.com/ja-JP/releases/260730-01-j,
2026-08-17T05:15:47,日産,page,,日産自動車株式会社は30日、2026年6月度および2026年1月～6月累計の生産・販売・輸出実績を発表しました。,https://global.nissannews.com/ja-JP/releases/260730-01-j,
2026-08-17T05:15:47,日産,page,,日産フォーミュラEチーム、東京大会の両レースでポイントを獲得,https://global.nissannews.com/ja-JP/releases/260727-02-j,
2026-08-17T05:15:47,日産,page,,日産自動車株式会社（本社：神奈川県横浜市西区、社長：イヴァン エスピノーサ）は、同社のフォーミュラEチームが、東京で開催されたABB FIAフォーミュラE世界選手権シーズン12（2025/26）の第14戦と第15戦に参戦し、両レースでポイントを獲得したことを発表しました。,https://global.nissannews.com/ja-JP/releases/260727-02-j,
2026-08-17T05:15:47,日産,page,,「デイズ」を一部仕様変更,https://global.nissannews.com/ja-JP/releases/260727-01-j,
2026-08-17T05:15:47,日産,page,,日産自動車株式会社（本社：神奈川県横浜市西区、社長：イヴァン エスピノーサ）は27日、「デイズ」を一部仕様変更し、本日より発売します。,https://global.nissannews.com/ja-JP/releases/260727-01-j,○
2026-08-17T05:15:47,日産,page,,日産自動車株式会社（本社：神奈川県横浜市西区、社長：イヴァン エスピノーサ）は24日、ABB FIAフォーミュラE世界選手権のシーズン13から、アンドレッティ・フォーミュラEへ同社製のGEN4パワートレインを供給する複数年契約を締結したと発表しました。フォーミュラEの実績と競争力を持つ両チームが協力関係を築き、緊密な技術協業を進めていきます。,https://global.nissannews.com/ja-JP/releases/260724-01-j,
2026-08-17T05:15:47,日産,page,,日産フォーミュラEチーム、東京で初開催されるナイトレースに参戦,https://global.nissannews.com/ja-JP/releases/260722-02-j,
2026-08-17T05:15:47,日産,page,,日産自動車株式会社（本社：神奈川県横浜市西区、社長：イヴァン エスピノーサ）は、同社のフォーミュラEチームが、今週末に東京で開催されるABB FIAフォーミュラE世界選手権シーズン12（2025/26）の第14戦および第15戦に参戦することを発表しました。今回の東京E-Prixは、同シリーズとして東京で初めて開催されるナイトレースです。,https://global.nissannews.com/ja-JP/releases/260722-02-j,
2026-08-17T05:15:47,日産,page,,日産自動車株式会社（本社：神奈川県横浜市西区、社長：イヴァン エスピノーサ）は22日、「日産リーフ NISMO」を発表し、同日より発売します。,https://global.nissannews.com/ja-JP/releases/260722-01-j,○
2026-08-17T05:15:47,日産,page,,日産自動車株式会社（本社：神奈川県横浜市西区、社長：イヴァン エスピノーサ）は16日、昨年のJapan Mobility Show2025にて先行公開した新型「エルグランド」を同日より発売すると発表しました。,https://global.nissannews.com/ja-JP/releases/260716-01-j,○
2026-08-17T05:15:47,日産,page,,日産、新型SUV「テクトン」を発表,https://global.nissannews.com/ja-JP/releases/260709-01-j,○
2026-08-17T05:15:47,日産,page,,日産自動車株式会社（本社：神奈川県横浜市西区、代表執行役社長兼CEO：イヴァン エスピノーサ）は9日、インドで行われたワールドプレミアにおいて、新型SUV日産「テクトン」を発表しました。これは、日産の変革における重要なマイルストーンであり、日産の将来に向けてインドが果たす重要な役割を示すものです。,https://global.nissannews.com/ja-JP/releases/260709-01-j,○
2026-08-17T05:15:47,日産,page,,「日産サクラ」、国内累計販売台数10万台を達成,https://global.nissannews.com/ja-JP/releases/260709-00-j,
2026-08-17T05:15:47,日産,page,,日産自動車株式会社（本社：神奈川県横浜市西区、社長：イヴァン エスピノーサ）は9日、「日産サクラ」の国内累計販売台数が10万台を達成したと発表しました。,https://global.nissannews.com/ja-JP/releases/260709-00-j,
2026-08-17T05:15:47,日産,page,,日産フォーミュラEチーム 上海大会でローランドがポイントを獲得,https://global.nissannews.com/ja-JP/releases/260706-01-j,
2026-08-17T05:15:47,日産,page,,日産自動車株式会社（本社：神奈川県横浜市西区、社長：イヴァン エスピノーサ）は、同社のフォーミュラEチームが、中国・上海で開催されたABB FIAフォーミュラE世界選手権シーズン12（2025/26）の第12戦、第13戦に参戦し、7月5日(日)の第13戦でオリバー ローランドが8位入賞しポイントを獲得しました。,https://global.nissannews.com/ja-JP/releases/260706-01-j,
2026-08-17T05:15:47,日産,page,,日産フォーミュラEチーム、シーズンの命運を担う上海大会へ,https://global.nissannews.com/ja-JP/releases/260702-01-j,
2026-08-17T05:15:47,日産,page,,日産自動車株式会社（本社：神奈川県横浜市西区、社長：イヴァン エスピノーサ）は、同社のフォーミュラEチームが、中国・上海国際サーキットで行われるABB FIAフォーミュラE世界選手権シーズン12（2025/26）の第12戦、第13戦に参戦することを発表しました。,https://global.nissannews.com/ja-JP/releases/260702-01-j,
2026-08-17T05:15:47,日産,page,,日産自動車、部長級人事異動を発表,https://global.nissannews.com/ja-JP/releases/260701-01-j,
2026-08-17T05:15:47,日産,page,,日産自動車株式会社（本社：神奈川県横浜市西区、社長：イヴァン エスピノーサ）は、7月1日付部長級人事異動を発表しました。,https://global.nissannews.com/ja-JP/releases/260701-01-j,
2026-08-17T05:15:47,日産,page,,日産自動車、「東京キャンピングカーショー 2026」に「キャラバン MYROOM」と「NV200バネット MYROOM」を出展,https://global.nissannews.com/ja-JP/releases/260701-00-j,
2026-08-17T05:15:47,日産,page,,日産自動車株式会社（本社：神奈川県横浜市西区、社長：イヴァン エスピノーサ）は1日、「東京キャンピングカーショー2026」（開催期間：2026年7月11日（土）～7月12日（日）場所：東京ビッグサイト 東7・８ホール）に、「キャラバン MYROOM」、「NV200バネット MYROOM」を出展します。,https://global.nissannews.com/ja-JP/releases/260701-00-j,
2026-08-17T05:15:47,日産,page,,日産自動車2026年5月度 生産・販売・輸出実績（速報）,https://global.nissannews.com/ja-JP/releases/260629-01-j,
2026-08-17T05:15:47,日産,page,,日産自動車株式会社は29日、2026年5月度の生産・販売・輸出実績を発表しました。,https://global.nissannews.com/ja-JP/releases/260629-01-j,
2026-08-17T05:15:47,日産,page,,日産自動車 「AWS Summit Japan」にてSDVソフトウェア開発のデモンストレーションを公開,https://global.nissannews.com/ja-JP/releases/260624-01-j,
2026-08-17T05:15:47,日産,page,,日産自動車株式会社（本社：神奈川県横浜市西区、社長：イヴァン エスピノーサ）は、アマゾン ウェブ サービス ジャパン合同会社が主催する「AWS Summit Japan」において、ソフトウェアディファインドビークル（SDV）の基盤となる「日産 スケーラブル オープン プラットフォーム」を用いた、SDVソフトウェア開発のデモンストレーションを公開します。,https://global.nissannews.com/ja-JP/releases/260624-01-j,
2026-08-17T05:15:47,日産,page,,クッキーポリシー,https://global.nissannews.com/ja-JP/pages/global-cookies-policy-j,
2026-08-17T05:15:47,日産,page,,個人情報の取扱いについて,https://www.nissan-global.com/JP/PRIVACY/,
2026-08-17T05:15:47,日産,page,,デジタルアクセシビリティ ステートメント,https://global.nissannews.com/ja-JP/pages/digital-accessibility-statement-jp,
2026-08-17T05:15:49,マツダ,page,,"2026.8.7

                                                                            クルマ・技術
                                                                    



                                                                        マツダ、eスポーツ大会「全国都道府県対抗eスポーツ選手権 2026 オンライン グランツーリスモ７部門」に協賛
                                                                    
－リアルモータースポーツ体験機会を賞典に設定、リバリーコンテストも実施－",https://newsroom.mazda.com/ja/publicity/release/2026/202608/260807a.html                                                        ,
2026-08-17T05:15:49,マツダ,page,,"2026.8.6

                                                                            株主・投資家情報
                                                                    



                                                                        譲渡制限付株式報酬及び業績連動型譲渡制限付株式報酬としての自己株式の処分の払込完了に関するお知らせ [PDF形式]",https://newsroom.mazda.com/ja/publicity/release/2026/202608/260806a.pdf                                                        ,
2026-08-17T05:15:49,マツダ,page,,"2026.8.4

                                                                            株主・投資家情報
                                                                    



                                                                        2027年3月期 第1四半期決算発表",https://newsroom.mazda.com/ja/publicity/release/2026/202608/260804a.html                                                        ,
2026-08-17T05:15:49,マツダ,page,,"2026.8.3

                                                                            CSR・環境・社会活動
                                                                    



                                                                        令和8年熊本地震に対する支援について [PDF形式]",https://newsroom.mazda.com/ja/publicity/release/2026/202608/260803a.pdf                                                        ,
2026-08-17T05:15:49,マツダ,page,,"2026.7.31

                                                                            企業情報
                                                                    



                                                                        人事異動",https://newsroom.mazda.com/ja/publicity/release/2026/202607/260731a.html                                                        ,
2026-08-17T05:15:49,マツダ,page,,"2026.7.30

                                                                            生産・販売
                                                                    



                                                                        マツダ、2026年6月および1～6月の生産･販売状況について",https://newsroom.mazda.com/ja/publicity/release/2026/202607/260730b.html                                                        ,
2026-08-17T05:15:49,マツダ,page,,"2026.7.30

                                                                            クルマ・技術
                                                                    



                                                                        マツダ、新型「MAZDA CX-5」が米国IIHS安全性能評価で最高評価を獲得
                                                                    
—2026 IIHS最高評価TSP+獲得モデル数で全銘柄中最多(2026年7月時点)—",https://newsroom.mazda.com/ja/publicity/release/2026/202607/260730a.html                                                        ,○
2026-08-17T05:15:49,マツダ,page,,"2026.7.28

                                                                            企業情報
                                                                    



                                                                        マツダ、インドネシアで「MAZDA CX-30」の現地組立を開始
                                                                    
－ASEAN地域の重要市場として強化へ－",https://newsroom.mazda.com/ja/publicity/release/2026/202607/260728a.html                                                        ,
2026-08-17T05:15:49,マツダ,page,,"2026.7.23

                                                                            企業情報
                                                                    



                                                                        マツダ×横浜市ふるさと納税返礼品　第２弾が登場 [PDF形式]
                                                                    
「走る歓び」をかたちに、「マツダ・プレミアムドライビングレッスン」の受付を開始",https://newsroom.mazda.com/ja/publicity/release/2026/202607/260723b.pdf                                                        ,
2026-08-17T05:15:49,マツダ,page,,"2026.7.23

                                                                            クルマ・技術
                                                                    



                                                                        マツダ、「MAZDA3」「MAZDA CX-30」を商品改良
                                                                    
－新たなパワートレインを搭載し、「MAZDA CX-30」には特別仕様車を追加－",https://newsroom.mazda.com/ja/publicity/release/2026/202607/260723a.html                                                        ,○
2026-08-17T05:15:49,マツダ,page,,"2026.7.22

                                                                            株主・投資家情報
                                                                    



                                                                        譲渡制限付株式報酬及び業績連動型譲渡制限付株式報酬としての自己株式の処分に関するお知らせ [PDF形式]",https://newsroom.mazda.com/ja/publicity/release/2026/202607/260722a.pdf                                                        ,
2026-08-17T05:15:49,マツダ,page,,"2026.7.21

                                                                            企業情報
                                                                    



                                                                        2027年度定期採用計画および2026年度キャリア採用計画について",https://newsroom.mazda.com/ja/publicity/release/2026/202607/260721a.html                                                        ,
2026-08-17T05:15:49,マツダ,page,,"2026.7.3

                                                                            クルマ・技術
                                                                    



                                                                        マジック、TOYO TIRE、マツダの3社、クロスカントリーラリー「XCRスプリントカップ北海道」に「MAZDA CX-60」で参戦",https://newsroom.mazda.com/ja/publicity/release/2026/202607/260703a.html                                                        ,
2026-08-17T05:15:49,マツダ,page,,"2026.7.2

                                                                            クルマ・技術
                                                                    



                                                                        マツダ、「MAZDA FAN FESTA 2026 at FUJI SPEEDWAY」を開催
                                                                    
― ご家族やご友人とともに楽しめる体験型ファンイベント ―",https://newsroom.mazda.com/ja/publicity/release/2026/202607/260702a.html                                                        ,
2026-08-17T05:15:49,マツダ,page,,"2026.7.1

                                                                            企業情報
                                                                    



                                                                        人事異動",https://newsroom.mazda.com/ja/publicity/release/2026/202607/260701a.html                                                        ,
2026-08-17T05:15:49,マツダ,page,,"2026.6.30

                                                                            その他
                                                                    



                                                                        マツダのドキュメンタリー映像が「カンヌライオンズ国際クリエイティビティ・フェスティバル2026」でブロンズ賞を受賞",https://newsroom.mazda.com/ja/publicity/release/2026/202606/260630a.html                                                        ,
2026-08-17T05:15:49,マツダ,page,,"2026.6.29

                                                                            株主・投資家情報
                                                                    



                                                                        新規劣後特約付ローンによる資金調達及び既存劣後特約付ローンの期限前弁済に関するお知らせ [PDF形式]",https://newsroom.mazda.com/ja/publicity/release/2026/202606/260629b.pdf                                                        ,
2026-08-17T05:15:49,マツダ,page,,"2026.6.29

                                                                            生産・販売
                                                                    



                                                                        マツダ、2026年5月の生産･販売状況について",https://newsroom.mazda.com/ja/publicity/release/2026/202606/260629a.html                                                        ,
2026-08-17T05:15:49,マツダ,page,,"2026.6.26

                                                                            クルマ・技術
                                                                    



                                                                        マツダ、「マツダ ロードスター」を商品改良
                                                                    
－走りの魅力をさらに深化、特別仕様車「PS」を新設定－",https://newsroom.mazda.com/ja/publicity/release/2026/202606/260626a.html                                                        ,○
2026-08-17T05:15:49,マツダ,page,,"2026.6.25

                                                                            クルマ・技術
                                                                    



                                                                        「マツダ 787B」、ル・マン優勝35周年を記念しサルト・サーキットに再登場",https://newsroom.mazda.com/ja/publicity/release/2026/202606/260625b.html                                                        ,
2026-08-17T05:15:49,マツダ,page,,"2026.6.25

                                                                            クルマ・技術
                                                                    



                                                                        マツダ、「フレアクロスオーバー」を商品改良し発売
                                                                    
－実用性と個性を兼ね備えたデザインへ刷新し、先進安全技術と快適装備を進化－",https://newsroom.mazda.com/ja/publicity/release/2026/202606/260625a.html                                                        ,○
2026-08-17T05:15:49,マツダ,page,,"2026.6.24

                                                                            企業情報
                                                                    



                                                                        役員人事に関するお知らせ",https://newsroom.mazda.com/ja/publicity/release/2026/202606/260624b.html                                                        ,
2026-08-17T05:15:49,マツダ,page,,"2026.6.24

                                                                            クルマ・技術
                                                                    



                                                                        マツダ、広島の企業とともに「東京アウトドアショー2026」に出展
                                                                    
－広島のアウトドアブランド・企業との共創により、アウトドアの新たな楽しみ方を提案－",https://newsroom.mazda.com/ja/publicity/release/2026/202606/260624a.html                                                        ,
2026-08-17T05:15:49,マツダ,page,,"2026.6.23

                                                                            クルマ・技術
                                                                    



                                                                        「MAZDA CX-5」の受注が好調
                                                                    
－発売後約1ヵ月時点での累計受注台数が10,000台超え－",https://newsroom.mazda.com/ja/publicity/release/2026/202606/260623a.html                                                        ,○
2026-08-17T05:15:49,マツダ,page,,"2026.6.8

                                                                            クルマ・技術
                                                                    



                                                                        マツダ、車載CO₂回収装置の実用化に前進
                                                                    
－カーボンネガティブ達成に向け、スーパー耐久シリーズでの実証実験にてCO₂貯蔵に成功－",https://newsroom.mazda.com/ja/publicity/release/2026/202606/260608a.html                                                        ,
2026-08-17T05:15:49,マツダ,page,,"2026.6.2

                                                                            CSR・環境・社会活動
                                                                    



                                                                        マツダ、日本通運、バイオディーゼル燃料を活用した実証走行を開始
                                                                    
－完成車・部品物流における脱炭素に燃料転換という選択肢－",https://newsroom.mazda.com/ja/publicity/release/2026/202606/260602a.html                                                        ,
2026-08-17T05:15:49,マツダ,page,,"2026.6.1

                                                                            企業情報
                                                                    



                                                                        人事異動",https://newsroom.mazda.com/ja/publicity/release/2026/202606/260601a.html                                                        ,
2026-08-17T05:15:49,マツダ,page,,"2026.5.31

                                                                            クルマ・技術
                                                                    



                                                                        マツダ、新塗装色「ジンクグリーンメタリック」を開発
                                                                    
－タフさと洗練さを兼ね備えたモダンな緑系色を、ロードスターより順次導入－",https://newsroom.mazda.com/ja/publicity/release/2026/202605/260531a.html                                                        ,
2026-08-17T05:15:49,マツダ,page,,"2026.5.28

                                                                            クルマ・技術
                                                                    



                                                                        マツダ、第76回自動車技術会賞を受賞
                                                                    
－燃費と出力・トルクを両立する高応答遮熱材料技術の開発で「走る歓び」を進化－",https://newsroom.mazda.com/ja/publicity/release/2026/202605/260528c.html                                                        ,
2026-08-17T05:15:49,マツダ,page,,"2026.5.28

                                                                            生産・販売
                                                                    



                                                                        マツダ、2026年4月の生産･販売状況について",https://newsroom.mazda.com/ja/publicity/release/2026/202605/260528b.html                                                        ,
2026-08-17T05:15:49,マツダ,page,,"2026.5.28

                                                                            クルマ・技術
                                                                    



                                                                        マツダ、「スクラムバン」「スクラムワゴン」を商品改良し発売
                                                                    
－フロントデザインを刷新し先進安全技術を採用。バンの新グレード「BUSTER TURBO」を設定－",https://newsroom.mazda.com/ja/publicity/release/2026/202605/260528a.html                                                        ,○
2026-08-17T05:15:49,マツダ,page,,"2026.5.25

                                                                            クルマ・技術
                                                                    



                                                                        「マツダ」と「スピングル」のコラボスニーカーを発売
                                                                    
－MAZDA × SPINGLE コラボ商品第二弾－",https://newsroom.mazda.com/ja/publicity/release/2026/202605/260525a.html                                                        ,○
2026-08-17T05:15:49,マツダ,page,,"2026.5.21

                                                                            クルマ・技術
                                                                    



                                                                        綾瀬はるかさん、マツダのブランドアンバサダーに就任",https://newsroom.mazda.com/ja/publicity/release/2026/202605/260521b.html                                                        ,
2026-08-17T05:15:49,マツダ,page,,"2026.5.21

                                                                            クルマ・技術
                                                                    



                                                                        新型「MAZDA CX-5」の販売を開始
                                                                    
―日常からレジャーまで、多様なライフスタイルにマツダらしく寄り添う一台―",https://newsroom.mazda.com/ja/publicity/release/2026/202605/260521a.html                                                        ,○
2026-08-17T05:15:49,マツダ,page,,"2026.5.12

                                                                            企業情報
                                                                    



                                                                        役員人事に関するお知らせ",https://newsroom.mazda.com/ja/publicity/release/2026/202605/260512c.html                                                        ,
2026-08-17T05:15:49,マツダ,page,,"2026.5.12

                                                                            株主・投資家情報
                                                                    



                                                                        通期連結業績予想と実績値との差異及び個別業績の前期実績値との差異に関するお知らせ[PDF形式]",https://newsroom.mazda.com/ja/publicity/release/2026/202605/260512b.pdf                                                        ,
2026-08-17T05:15:49,マツダ,page,,"2026.5.12

                                                                            株主・投資家情報
                                                                    



                                                                        2026年3月期 通期決算発表",https://newsroom.mazda.com/ja/publicity/release/2026/202605/260512a.html                                                        ,
2026-08-17T05:15:49,マツダ,page,,"2026.4.28

                                                                            企業情報
                                                                    



                                                                        人事異動",https://newsroom.mazda.com/ja/publicity/release/2026/202604/260428a.html                                                        ,
2026-08-17T05:15:49,マツダ,page,,"2026.4.27

                                                                            生産・販売
                                                                    



                                                                        マツダ、2026年3月および2025年4月～2026年3月の生産･販売状況について",https://newsroom.mazda.com/ja/publicity/release/2026/202604/260427a.html                                                        ,
2026-08-17T05:15:49,マツダ,page,,"2026.4.22

                                                                            クルマ・技術
                                                                    



                                                                        神戸製鋼所とマツダが共同開発した電着塗装性向上溶接技術が溶接学会「田中亀久人賞」を受賞 [PDF形式]",https://newsroom.mazda.com/ja/publicity/release/2026/202604/260422a.pdf                                                        ,
2026-08-17T05:15:49,マツダ,page,,"2026.4.3

                                                                            クルマ・技術
                                                                    



                                                                        マツダ、2026年度の参加型モータースポーツ活動計画を発表",https://newsroom.mazda.com/ja/publicity/release/2026/202604/260403a.html                                                        ,
2026-08-17T05:15:49,マツダ,page,,"2026.4.2

                                                                            クルマ・技術
                                                                    



                                                                        「MAZDA EZ-6 / MAZDA6e」が2026年「ワールド・カー・デザイン・オブ・ザ・イヤー」を受賞
                                                                    
－マツダ車の受賞は2020年の「MAZDA3」以来3度目－",https://newsroom.mazda.com/ja/publicity/release/2026/202604/260402a.html                                                        ,
2026-08-17T05:15:49,マツダ,page,,"2026.4.1

                                                                            企業情報
                                                                    



                                                                        人事異動",https://newsroom.mazda.com/ja/publicity/release/2026/202604/260401b.html                                                        ,
2026-08-17T05:15:49,マツダ,page,,"2026.4.1

                                                                            企業情報
                                                                    



                                                                        マツダ、2026年度の入社式を実施",https://newsroom.mazda.com/ja/publicity/release/2026/202604/260401a.html                                                        ,
2026-08-17T05:15:49,マツダ,page,,"2026.3.31

                                                                            CSR・環境・社会活動
                                                                    



                                                                        マツダ、社会福祉団体にマツダ車を贈呈
                                                                    
－「MAZDA Zoom-Zoom スタジアム広島」の累計来場者3,000万人達成記念－",https://newsroom.mazda.com/ja/publicity/release/2026/202603/260331a.html                                                        ,
2026-08-17T05:15:49,マツダ,page,,"2026.3.30

                                                                            生産・販売
                                                                    



                                                                        マツダ、2026年2月の生産･販売状況について",https://newsroom.mazda.com/ja/publicity/release/2026/202603/260330a.html                                                        ,
2026-08-17T05:15:49,マツダ,page,,"2026.3.27

                                                                            クルマ・技術
                                                                    



                                                                        マツダ、第72回大河内記念生産特賞および、第10回ものづくり日本大賞（経済産業大臣賞）を受賞
                                                                    
－安全性と軽量化を両立したホットスタンプ加工技術で「走る歓び」を進化－",https://newsroom.mazda.com/ja/publicity/release/2026/202603/260327a.html                                                        ,
2026-08-17T05:15:49,マツダ,page,,"2026.3.26

                                                                            クルマ・技術
                                                                    



                                                                        マツダ、2026年度の参加型ブランド体験イベント「MAZDA FAN FESTA 2026 at FUJI SPEEDWAY」を10月3日(土)と10月4日(日)に開催決定",https://newsroom.mazda.com/ja/publicity/release/2026/202603/260326a.html                                                        ,
2026-08-17T05:15:49,マツダ,page,,"2026.3.23

                                                                            その他
                                                                    



                                                                        東京海上日動とマツダ、事故関連データを活用した車両安全性能向上の取り組みを開始 [PDF形式]
                                                                    
～安心・安全なモビリティ社会の実現に向けて～",https://newsroom.mazda.com/ja/publicity/release/2026/202603/260323a.pdf                                                        ,
2026-08-17T05:15:49,マツダ,page,,"2026.3.19

                                                                            企業情報
                                                                    



                                                                        不正アクセス発生による個人情報流出可能性のお知らせとおわび [PDF形式]",https://newsroom.mazda.com/ja/publicity/release/2026/202603/260319b.pdf                                                        ,
2026-08-17T05:15:49,マツダ,page,,"2026.3.19

                                                                            クルマ・技術
                                                                    



                                                                        マツダ、「MAZDA CX-60」「MAZDA CX-80」を商品改良し発売",https://newsroom.mazda.com/ja/publicity/release/2026/202603/260319a.html                                                        ,○
2026-08-17T05:15:49,マツダ,page,,"2026.3.17

                                                                            その他
                                                                    



                                                                        マツダ財団が2026年度の事業計画を決定 [PDF形式]",https://newsroom.mazda.com/ja/publicity/release/2026/202603/260317a.pdf                                                        ,
2026-08-17T05:15:49,マツダ,page,,"2026.3.2

                                                                            CSR・環境・社会活動
                                                                    



                                                                        「タテシナ会議」高齢者安全運転支援分科会、広島県三次市で「健康×安全ドライビングフェスタ」を開催 [PDF形式]
                                                                    
－交通事故死傷者ゼロに向けて、地域住民、行政、企業の連携を推進－",https://newsroom.mazda.com/ja/publicity/release/2026/202603/260302a.pdf                                                        ,
2026-08-17T05:15:49,マツダ,page,,"2026.2.27

                                                                            企業情報
                                                                    



                                                                        人事異動",https://newsroom.mazda.com/ja/publicity/release/2026/202602/260227a.html                                                        ,
2026-08-17T05:15:49,マツダ,page,,"2026.2.26

                                                                            生産・販売
                                                                    



                                                                        マツダ、2026年1月の生産･販売状況について",https://newsroom.mazda.com/ja/publicity/release/2026/202602/260226a.html                                                        ,
2026-08-17T05:15:49,マツダ,page,,"2026.2.16

                                                                            その他
                                                                    



                                                                        マツダ、プロ自転車ロードレースチームのヴィクトワール広島に「MAZDA3」を贈呈
                                                                    
－世界へ挑むアスリートと共に移動体験の魅力を広島から発信－",https://newsroom.mazda.com/ja/publicity/release/2026/202602/260216a.html                                                        ,
2026-08-17T05:15:49,マツダ,page,,"2026.2.12

                                                                            クルマ・技術
                                                                    



                                                                        マツダ、「スクラムトラック」を商品改良し発売
                                                                    
－フロントデザインを刷新し、先進安全技術を採用－",https://newsroom.mazda.com/ja/publicity/release/2026/202602/260212a.html                                                        ,○
2026-08-17T05:15:49,マツダ,page,,"2026.2.10

                                                                            株主・投資家情報
                                                                    



                                                                        2026年3月期 第3四半期決算発表",https://newsroom.mazda.com/ja/publicity/release/2026/202602/260210a.html                                                        ,
2026-08-17T05:15:49,マツダ,page,,"2026.1.30

                                                                            企業情報
                                                                    



                                                                        人事異動",https://newsroom.mazda.com/ja/publicity/release/2026/202601/260130b.html                                                        ,
2026-08-17T05:15:49,マツダ,page,,"2026.1.30

                                                                            企業情報
                                                                    



                                                                        組織改革と人事異動",https://newsroom.mazda.com/ja/publicity/release/2026/202601/260130a.html                                                        ,
2026-08-17T05:15:49,マツダ,page,,"2026.1.29

                                                                            生産・販売
                                                                    



                                                                        マツダ、2025年12月および1～12月の生産･販売状況について",https://newsroom.mazda.com/ja/publicity/release/2026/202601/260129b.html                                                        ,
2026-08-17T05:15:49,マツダ,page,,"2026.1.29

                                                                            クルマ・技術
                                                                    



                                                                        「MAZDA CX-5」が世界累計生産・販売台数500万台を達成",https://newsroom.mazda.com/ja/publicity/release/2026/202601/260129a.html                                                        ,
2026-08-17T05:15:49,マツダ,page,,"2026.1.27

                                                                            CSR・環境・社会活動
                                                                    



                                                                        「第33回愛情防府マツダ駅伝競走大会」と「第61回マツダ駅伝大会」を開催",https://newsroom.mazda.com/ja/publicity/release/2026/202601/260127a.html                                                        ,
2026-08-17T05:15:49,マツダ,page,,"2026.1.15

                                                                            クルマ・技術
                                                                    



                                                                        マツダ、「フレア」を商品改良
                                                                    
－先進安全技術を採用し、デザインの刷新と快適性・走行性能を向上－",https://newsroom.mazda.com/ja/publicity/release/2026/202601/260115a.html                                                        ,○
2026-08-17T05:15:49,マツダ,page,,"2026.1.13

                                                                            クルマ・技術
                                                                    



                                                                        マツダ、ロータリーエンジン搭載PHEVの実用化が、「機械振興協会会長賞」を受賞",https://newsroom.mazda.com/ja/publicity/release/2026/202601/260113a.html                                                        ,
2026-08-17T05:15:49,マツダ,page,,"2026.1.12

                                                                            クルマ・技術
                                                                    



                                                                        マツダ、新型バッテリーEV 「MAZDA CX-6e」 を世界初公開
                                                                    
－電動車ラインアップを拡充し、各地域のニーズにマルチソリューションで柔軟に対応－",https://newsroom.mazda.com/ja/publicity/release/2026/202601/260112a.html                                                        ,○
2026-08-17T05:15:49,マツダ,page,,"2026.1.9

                                                                            クルマ・技術
                                                                    



                                                                        マツダ、2026年スーパー耐久シリーズの参戦体制を発表",https://newsroom.mazda.com/ja/publicity/release/2026/202601/260109b.html                                                        ,
2026-08-17T05:15:49,マツダ,page,,"2026.1.9

                                                                            クルマ・技術
                                                                    



                                                                        マツダ、新塗装色「ネイビーブルーマイカ」を開発
                                                                    
－鮮やかかつ深みのある新しい青系色を、新型「CX-5」より順次導入－",https://newsroom.mazda.com/ja/publicity/release/2026/202601/260109a.html                                                        ,○
2026-08-17T05:15:49,マツダ,page,,"2026.8.3

                                                                                CSR・環境・社会活動
                                                                        



                                                                            令和8年熊本地震に対する支援について [PDF形式]",https://newsroom.mazda.com/ja/publicity/release/2026/202608/260803a.pdf                                                            ,
2026-08-17T05:15:49,マツダ,page,,"2026.6.2

                                                                                CSR・環境・社会活動
                                                                        



                                                                            マツダ、日本通運、バイオディーゼル燃料を活用した実証走行を開始
                                                                        
－完成車・部品物流における脱炭素に燃料転換という選択肢－",https://newsroom.mazda.com/ja/publicity/release/2026/202606/260602a.html                                                            ,
2026-08-17T05:15:49,マツダ,page,,"2026.3.31

                                                                                CSR・環境・社会活動
                                                                        



                                                                            マツダ、社会福祉団体にマツダ車を贈呈
                                                                        
－「MAZDA Zoom-Zoom スタジアム広島」の累計来場者3,000万人達成記念－",https://newsroom.mazda.com/ja/publicity/release/2026/202603/260331a.html                                                            ,
2026-08-17T05:15:49,マツダ,page,,"2026.3.2

                                                                                CSR・環境・社会活動
                                                                        



                                                                            「タテシナ会議」高齢者安全運転支援分科会、広島県三次市で「健康×安全ドライビングフェスタ」を開催 [PDF形式]
                                                                        
－交通事故死傷者ゼロに向けて、地域住民、行政、企業の連携を推進－",https://newsroom.mazda.com/ja/publicity/release/2026/202603/260302a.pdf                                                            ,
2026-08-17T05:15:49,マツダ,page,,"2026.1.27

                                                                                CSR・環境・社会活動
                                                                        



                                                                            「第33回愛情防府マツダ駅伝競走大会」と「第61回マツダ駅伝大会」を開催",https://newsroom.mazda.com/ja/publicity/release/2026/202601/260127a.html                                                            ,
2026-08-17T05:15:49,スバル,page,,SUBARUのありたい姿,https://www.subaru.co.jp/introduction/,
2026-08-17T05:15:49,スバル,page,,トップメッセージ,https://www.subaru.co.jp/outline/about/vision/,
2026-08-17T05:15:49,スバル,page,,SUBARU 2025方針,https://www.subaru.co.jp/outline/about/policy/,
2026-08-17T05:15:49,スバル,page,,会社概要・役員／CXO一覧,https://www.subaru.co.jp/outline/profile.html,
2026-08-17T05:15:49,スバル,page,,事業所・関係会社,https://www.subaru.co.jp/outline/office.html,
2026-08-17T05:15:49,スバル,page,,ひとめでわかる SUBARU,https://www.subaru.co.jp/outline/about/,
2026-08-17T05:15:49,スバル,page,,SUBARU運動部,https://www.subaru.co.jp/sports/,
2026-08-17T05:15:49,スバル,page,,ニュースルームトップ,https://www.subaru.co.jp/newsroom/,
2026-08-17T05:15:49,スバル,page,,ニュースリリース,https://www.subaru.co.jp/news/,
2026-08-17T05:15:49,スバル,page,,トピックス・お知らせ,https://www.subaru.co.jp/topics/,
2026-08-17T05:15:49,スバル,page,,株主・投資家の皆様へトップ,https://www.subaru.co.jp/ir/,
2026-08-17T05:15:49,スバル,page,,IRライブラリー,https://www.subaru.co.jp/ir/library/,
2026-08-17T05:15:49,スバル,page,,株主・投資家サポート,https://www.subaru.co.jp/ir/support/,
2026-08-17T05:15:49,スバル,page,,個人投資家の皆様へ,https://www.subaru.co.jp/ir/#individualinvestors-area,
2026-08-17T05:15:49,スバル,page,,ディスクロージャー ポリシー,https://www.subaru.co.jp/ir/disclosure.html,
2026-08-17T05:15:49,スバル,page,,IRサイト注意事項,https://www.subaru.co.jp/ir/cautionary.html,
2026-08-17T05:15:49,スバル,page,,サステナビリティトップ,https://www.subaru.co.jp/csr/,
2026-08-17T05:15:49,スバル,page,,CEOサステナビリティ メッセージ,https://www.subaru.co.jp/csr/message/,
2026-08-17T05:15:49,スバル,page,,SUBARUグループの サステナビリティ,https://www.subaru.co.jp/csr/subaru_csr/,
2026-08-17T05:15:49,スバル,page,,レポートライブラリー,https://www.subaru.co.jp/csr/report/,
2026-08-17T05:15:49,スバル,page,,サステナビリティ関連方針・ガイドライン,https://www.subaru.co.jp/csr/policies/,
2026-08-17T05:15:49,スバル,page,,SUBARUらしさトップ,https://www.subaru.co.jp/difference/,
2026-08-17T05:15:49,スバル,page,,SUBARUびと,https://www.subaru.co.jp/difference/subarubito/,
2026-08-17T05:15:49,スバル,page,,サステナビリティジャーナル,https://www.subaru.co.jp/outline/activity/,
2026-08-17T05:15:49,スバル,page,,SUBARUデザイン,https://www.subaru.co.jp/difference/design/,
2026-08-17T05:15:49,スバル,page,,SUBARU技報,https://www.subaru.co.jp/difference/#sec-tec,
2026-08-17T05:15:49,スバル,page,,SUBARUが生み出してきたこと,https://www.subaru.co.jp/difference/produce/,
2026-08-17T05:15:49,スバル,page,,「SUBARUらしさ」を 際立たせる技術 1.安心と愉しさ,https://www.subaru.co.jp/difference/technology/,
2026-08-17T05:15:49,スバル,page,,「SUBARUらしさ」を 際立たせる技術 2.環境技術,https://www.subaru.co.jp/difference/environment/,
2026-08-17T05:15:49,スバル,page,,『魔改造の夜』特設サイト,https://www.subaru.co.jp/difference/makaizo/,
2026-08-17T05:15:49,スバル,page,,SUBARU Lab採用（中途）,https://www.subaru.co.jp/recruit/subaru-lab/,
2026-08-17T05:15:49,スバル,page,,航空宇宙カンパニー採用,https://www.subaru.co.jp/recruit/aerospace/,
2026-08-17T05:15:49,スバル,page,,販売会社グループ採用,https://dealer-recruit.subaru.co.jp/,
2026-08-17T05:15:49,スバル,page,,障がい者採用（中途）,https://www.subaru.co.jp/recruit/diversity/,
2026-08-17T05:15:49,スバル,page,,関連会社採用情報リンク集,https://www.subaru.co.jp/recruit/group/,
2026-08-17T05:15:49,スバル,page,,"商品サイト 




SUBARU オフィシャル Webサイト",https://www.subaru.jp/,
2026-08-17T05:15:49,スバル,page,,"SUBARUオンライン ショップ 




SUBARUとSTIの公式ウェア& グッズが買える",https://onlineshop.subaru.jp/,
2026-08-17T05:15:49,スバル,page,,"SUGDAS（スグダス） 




SUBARU認定 U - Car検索サイト",https://ucar.subaru.jp/,
2026-08-17T05:15:49,スバル,page,,"SUBARU ブランドライセンス 

ブランドライセンス事業",https://www.subaru.co.jp/license/,
2026-08-17T05:15:49,スバル,page,,商品に関する重要なお知らせ,https://www.subaru.co.jp/products/,
2026-08-17T05:15:49,スバル,page,,サステナビリティ・CSR,https://www.subaru.co.jp/news/csr.html,
2026-08-17T05:15:49,スバル,page,,生産・販売・輸出,https://www.subaru.co.jp/news/production.html,
2026-08-17T05:15:49,スバル,page,,モータースポーツ,https://www.subaru.co.jp/news/motorsports.html,
2026-08-17T05:15:49,スバル,page,,航空宇宙カンパニー,https://www.subaru.co.jp/news/aerospace.html,
2026-08-17T05:15:49,スバル,page,,産業機器カンパニー,https://www.subaru.co.jp/news/industrial.html,
2026-08-17T05:15:49,スバル,page,,ニュースリリース,https://www.subaru.co.jp/news,
2026-08-17T05:15:49,スバル,page,,SUBARU　ステラ改良モデルを発表,https://www.subaru.co.jp/news/2026_08_06_162650,○
2026-08-17T05:15:49,スバル,page,,「SUBARU BRZ」改良モデルを発表,https://www.subaru.co.jp/news/2026_07_30_094952,○
2026-08-17T05:15:49,スバル,page,,SUBARU　レヴォーグ レイバック　ストロングハイブリッド搭載モデルを発表,https://www.subaru.co.jp/news/2026_07_02_145435,
2026-08-17T05:15:49,スバル,page,,SUBARU　サンバーバンの一部改良モデルを発表,https://www.subaru.co.jp/news/2026_06_11_112553,○
2026-08-17T05:15:49,スバル,page,,SUBARU　米国生産 3列SUVの日本市場導入を検討,https://www.subaru.co.jp/news/2026_06_06_101600,
2026-08-17T05:15:49,スバル,page,,SUBARU　レヴォーグの一部改良モデルを発表,https://www.subaru.co.jp/news/2026_06_04_143345,○
2026-08-17T05:15:49,スバル,page,,SUBARU　レヴォーグ レイバックの一部改良モデルを発表,https://www.subaru.co.jp/news/2026_06_04_143024,○
2026-08-17T05:15:49,スバル,page,,SUBARU　メンテナンスパック「SUBARU Care Passport」の販売を開始,https://www.subaru.co.jp/news/2026_06_01_110313,
2026-08-17T05:15:49,スバル,page,,SUBARU 「フォレスター」JNCAP「自動車安全性能2025 ファイブスター大賞」を受賞,https://www.subaru.co.jp/news/2026_05_28_153707,
2026-08-17T05:15:49,スバル,page,,SUBARU　フォレスター改良モデルを発表,https://www.subaru.co.jp/news/2026_05_21_144616,○
2026-08-17T05:15:49,スバル,page,,SUBARU　新型「トレイルシーカー」を「SUBARU×KINTO」で提供開始,https://www.subaru.co.jp/news/2026_04_17_132439,○
2026-08-17T05:15:49,スバル,page,,SUBARU　新型「トレイルシーカー」を発表,https://www.subaru.co.jp/news/2026_04_09_145609,○
2026-08-17T05:15:49,スバル,page,,STIコンプリートカーWRX 「STI Sport♯」を発表,https://www.subaru.co.jp/news/2026_04_09_130404,
2026-08-17T05:15:49,スバル,page,,SUBARU　新型バッテリーEV「ゲッタウェイ」を世界初公開,https://www.subaru.co.jp/news/2026_04_02_151658,○
2026-08-17T05:15:49,スバル,page,,SUBARU　クロストレック特別仕様車「Limited Black」を発表,https://www.subaru.co.jp/news/2026_04_02_160200,○
2026-08-17T05:15:49,スバル,page,,SUBARU　サンバートラックの一部改良モデルを発表,https://www.subaru.co.jp/news/2026_03_26_145433,○
2026-08-17T05:15:49,スバル,page,,SUBARU 「フォレスター」　JNCAP「自動車安全性能2025ファイブスター賞」を受賞,https://www.subaru.co.jp/news/2026_02_18_172805,
2026-08-17T05:15:49,スバル,page,,SUBARU　ハードウェアアップデート商品の先行予約を開始,https://www.subaru.co.jp/news/2026_02_13_185311,
2026-08-17T05:15:49,スバル,page,,SUBARU　群馬製作所 矢島工場にてバッテリーEVをラインオフ,https://www.subaru.co.jp/news/2026_02_04_173046,
2026-08-17T05:15:49,スバル,page,,STIコンプリートカー「WRX STI Sport♯」を初公開,https://www.subaru.co.jp/news/2026_01_09_165812,
2026-08-17T05:15:49,スバル,page,,SUBARU　レヴォーグ・WRX S4特別仕様車「STI Sport R-Black Limited Ⅱ」を発表,https://www.subaru.co.jp/news/2026_01_09_170022,○
2026-08-17T05:15:49,スバル,page,,SUBARU　インプレッサ特別仕様車「STI Performance Edition」を発表,https://www.subaru.co.jp/news/2026_01_09_170228,○
2026-08-17T05:15:49,スバル,page,,SUBARU 「フォレスター」　「2025-2026 日本カー・オブ・ザ・イヤー」を受賞,https://www.subaru.co.jp/news/2025_12_04_103845,
2026-08-17T05:15:49,スバル,page,,SUBARU「ストロングハイブリッド」　「第35回（2026年次）RJCテクノロジーオブザイヤー」を受賞,https://www.subaru.co.jp/news/2025_11_25_125839,
2026-08-17T05:15:49,スバル,page,,SUBARU　次世代アイサイト向けSoC開発にて「ISO 26262」認証を取得,https://www.subaru.co.jp/news/2025_11_21_111316,
2026-08-17T05:15:49,スバル,page,,SUBARU BRZ特別仕様車「STI Sport TYPE RA」を発表,https://www.subaru.co.jp/news/2025_11_13_094744,○
2026-08-17T05:15:49,スバル,page,,SUBARU　サイクリスト対応歩行者保護エアバッグ「2025〜2026 日本自動車殿堂カーテクノロジーオブザイヤー」を受賞,https://www.subaru.co.jp/news/2025_11_12_135729,
2026-08-17T05:15:49,スバル,page,,SUBARU　クロストレック特別仕様車「WILDERNESS Edition」を発表,https://www.subaru.co.jp/news/2025_10_30_124843,○
2026-08-17T05:15:49,スバル,page,,SUBARU　「ソルテラ」改良モデルを発表,https://www.subaru.co.jp/news/2025_10_29_132444,○
2026-08-17T05:15:49,スバル,page,,SUBARU　「REX」 4WDモデルを発表,https://www.subaru.co.jp/news/2025_10_16_150221,
2026-08-17T05:15:49,スバル,page,,PDF/488 KB,https://www.subaru.co.jp/pdf/news/2025_1016_1_2025-10-15-151114.pdf,
2026-08-17T05:15:49,スバル,page,,SUBARU BRZ特別仕様車「STI Sport YELLOW EDITION」を発表,https://www.subaru.co.jp/news/2025_09_05_142938,○
2026-08-17T05:15:49,スバル,page,,PDF/718 KB,https://www.subaru.co.jp/pdf/news/2025_0905_1_2025-09-04-143732.pdf,
2026-08-17T05:15:49,スバル,page,,SUBARU フォレスター特別仕様車「Black Selection」を発表,https://www.subaru.co.jp/news/2025_07_24_130520,○
2026-08-17T05:15:49,スバル,page,,PDF/771 KB,https://www.subaru.co.jp/pdf/news/2025_0724_1_2025-07-23-162809.pdf,
2026-08-17T05:15:49,スバル,page,,SUBARU　新型バッテリーEV「アンチャーテッド」を世界初公開,https://www.subaru.co.jp/news/2025_07_18_163136,○
2026-08-17T05:15:49,スバル,page,,PDF/483 KB,https://www.subaru.co.jp/pdf/news/2025_0718_1_2025-07-17-163935.pdf,
2026-08-17T05:15:49,スバル,page,,SUBARU クロストレック改良モデルを発表,https://www.subaru.co.jp/news/2025_07_10_102338,○
2026-08-17T05:15:49,スバル,page,,PDF/993 KB,https://www.subaru.co.jp/pdf/news/2025_0710_2_2025-07-09-180126.pdf,
2026-08-17T05:15:49,スバル,page,,SUBARU インプレッサ改良モデルを発表,https://www.subaru.co.jp/news/2025_07_10_101627,○
2026-08-17T05:15:49,スバル,page,,PDF/804 KB,https://www.subaru.co.jp/pdf/news/2025_0710_1_2025-07-09-170519.pdf,
2026-08-17T05:15:49,スバル,page,,鹿島建設、SUBARU 光ファイバセンシング技術を用いた路車協調型自動運転の実証実験を開始,https://www.subaru.co.jp/news/2025_06_24_140455,
2026-08-17T05:15:49,スバル,page,,PDF/880 KB,https://www.subaru.co.jp/pdf/news/2025_0624_1_2025-06-23-174157.pdf,
2026-08-17T05:15:49,スバル,page,,SUBARU　新型「ステラ」を発表,https://www.subaru.co.jp/news/2025_06_12_141532,○
2026-08-17T05:15:49,スバル,page,,PDF/318 KB,https://www.subaru.co.jp/pdf/news/2025_0612_2_2025-06-11-202415.pdf,
2026-08-17T05:15:49,スバル,page,,SUBARU　「REX」 ハイブリッドモデルを発表,https://www.subaru.co.jp/news/2025_06_12_141322,
2026-08-17T05:15:49,スバル,page,,PDF/313 KB,https://www.subaru.co.jp/pdf/news/2025_0612_1_2025-06-11-195528.pdf,
2026-08-17T05:15:49,スバル,page,,「SUBARU BRZ」の一部改良モデルを発表,https://www.subaru.co.jp/news/2025_05_22_175727,○
2026-08-17T05:15:49,スバル,page,,PDF/351 KB,https://www.subaru.co.jp/pdf/news/2025_0522_2_2025-05-21-180313.pdf,
2026-08-17T05:15:49,スバル,page,,SUBARU　バッテリーEV 2台を世界初公開,https://www.subaru.co.jp/news/2025_04_18_101302,○
2026-08-17T05:15:49,スバル,page,,PDF/722 KB,https://www.subaru.co.jp/pdf/news/2025_0418_2_2025-04-17-150948.pdf,
2026-08-17T05:15:49,スバル,page,,SUBARU　新型「アウトバック」を世界初公開,https://www.subaru.co.jp/news/2025_04_18_101030,○
2026-08-17T05:15:49,スバル,page,,PDF/839 KB,https://www.subaru.co.jp/pdf/news/2025_0418_1_2025-04-17-165011.pdf,
2026-08-17T05:15:49,スバル,page,,SUBARU　新型「フォレスター」を発表,https://www.subaru.co.jp/news/2025_04_17_164724,○
2026-08-17T05:15:49,スバル,page,,PDF/652 KB,https://www.subaru.co.jp/pdf/news/2025_0417_1_2025-04-16-184626.pdf,
2026-08-17T05:15:49,スバル,page,,SUBARU クロストレック特別仕様車「Limited Sun Blaze Edition」を発表,https://www.subaru.co.jp/news/2025_03_13_122344,○
2026-08-17T05:15:49,スバル,page,,PDF/1 MB,https://www.subaru.co.jp/pdf/news/2025_0313_3_2025-03-12-135717.pdf,
2026-08-17T05:15:49,スバル,page,,SUBARU インプレッサ特別仕様車「ST Black Selection」を発表,https://www.subaru.co.jp/news/2025_03_13_121939,○
2026-08-17T05:15:49,スバル,page,,PDF/1016 KB,https://www.subaru.co.jp/pdf/news/2025_0313_2_2025-03-12-172525.pdf,
2026-08-17T05:15:49,スバル,page,,SUBARU　レヴォーグ特別仕様車として2つのモデルを発表,https://www.subaru.co.jp/news/2025_03_13_115253,○
2026-08-17T05:15:49,スバル,page,,PDF/918 KB,https://www.subaru.co.jp/pdf/news/2025_0313_1_2025-03-12-120239.pdf,
2026-08-17T05:15:49,スバル,page,,SUBARU 「一つのいのちプロジェクト」屋久島環境文化財団とパートナーシップを締結　バッテリーEV「ソルテラ」を提供,https://www.subaru.co.jp/news/2025_01_16_141305,
2026-08-17T05:15:49,スバル,page,,PDF/633 KB,https://www.subaru.co.jp/pdf/news/2025_0116_1_2025-01-15-155658.pdf,
2026-08-17T05:15:49,スバル,page,,SUBARU「フォレスター」がIIHS安全性評価で賞を獲得（米国仕様車が対象）,https://www.subaru.co.jp/news/2025_01_15_161434,
2026-08-17T05:15:49,スバル,page,,PDF/316 KB,https://www.subaru.co.jp/pdf/news/2025_0115_1_2025-01-14-163544.pdf,
2026-08-17T05:15:49,スバル,page,,SUBARU BRZ向け「SUBARU Sport Drive e-Tune」を発表,https://www.subaru.co.jp/news/2025_01_10_172921,
2026-08-17T05:15:49,スバル,page,,PDF/357 KB,https://www.subaru.co.jp/pdf/news/2025_0110_5_2025-01-09-183435.pdf,
2026-08-17T05:15:49,スバル,page,,STIコンプリートカー「S210」プロトタイプを初公開,https://www.subaru.co.jp/news/2025_01_10_173505,
2026-08-17T05:15:49,スバル,page,,PDF/334 KB,https://www.subaru.co.jp/pdf/news/2025_0110_3_2025-01-09-141754.pdf,
2026-08-17T05:15:49,スバル,page,,SUBARU BRZ特別仕様車「STI Sport PURPLE EDITION」を発表,https://www.subaru.co.jp/news/2025_01_09_173141,○
2026-08-17T05:15:49,スバル,page,,PDF/255 KB,https://www.subaru.co.jp/pdf/news/20250109_BRZ_2025-01-09-164042.pdf,
2026-08-17T05:15:49,スバル,page,,SUBARU　WRX S4の一部改良モデルを発表,https://www.subaru.co.jp/news/2024_12_12_115057,○
2026-08-17T05:15:49,スバル,page,,PDF/516 KB,https://www.subaru.co.jp/pdf/news/2024_1212_1_2024-12-11-115129.pdf,
2026-08-17T05:15:49,スバル,page,,SUBARU　レヴォーグの一部改良モデルを発表,https://www.subaru.co.jp/news/2024_12_12_114134,○
2026-08-17T05:15:49,スバル,page,,PDF/697 KB,https://www.subaru.co.jp/pdf/news/2024_1212_3_2024-12-11-114315.pdf,
2026-08-17T05:15:49,スバル,page,,SUBARU　レヴォーグ レイバックの一部改良モデルを発表,https://www.subaru.co.jp/news/2024_12_12_113441,○
2026-08-17T05:15:49,スバル,page,,PDF/568 KB,https://www.subaru.co.jp/pdf/news/2024_1212_3_2024-12-11-113842.pdf,
2026-08-17T05:15:49,スバル,page,,SUBARU　ジャスティの一部改良モデルを発表,https://www.subaru.co.jp/news/2024_12_12_113136,○
2026-08-17T05:15:49,スバル,page,,PDF/334 KB,https://www.subaru.co.jp/pdf/news/2024_1212_4_2024-12-11-113907.pdf,
2026-08-17T05:15:49,スバル,page,,SUBARU　新型「クロストレック」e-BOXER（ストロングハイブリッド）を発表,https://www.subaru.co.jp/news/2024_12_05_160746,○
2026-08-17T05:15:49,スバル,page,,PDF/1 MB,https://www.subaru.co.jp/pdf/news/2024_1205_1_2024-12-04-162213.pdf,
2026-08-17T05:15:49,スバル,page,,初代レガシィ　「2024 日本自動車殿堂 歴史遺産車」に選定,https://www.subaru.co.jp/news/2024_11_07_194518,
2026-08-17T05:15:49,スバル,page,,PDF/271 KB,https://www.subaru.co.jp/pdf/news/2024_1107_3_2024-11-07-130648.pdf,
2026-08-17T05:15:49,スバル,page,,SUBARU　REXの一部改良モデルを発表,https://www.subaru.co.jp/news/2024_11_07_142002,○
2026-08-17T05:15:49,スバル,page,,PDF/351 KB,https://www.subaru.co.jp/pdf/news/2024_1107_2_2024-11-06-142753.pdf,
2026-08-17T05:15:49,スバル,page,,SUBARU　サンバーバンの一部改良モデルを発表,https://www.subaru.co.jp/news/2024_11_07_141255,○
2026-08-17T05:15:49,スバル,page,,PDF/456 KB,https://www.subaru.co.jp/pdf/news/2024_1107_1_2024-11-06-141637.pdf,
2026-08-17T05:15:49,スバル,page,,SUBARU　レガシィ アウトバック特別仕様車「30th Anniversary」を公開,https://www.subaru.co.jp/news/2024_10_24_122621,○
2026-08-17T05:15:49,スバル,page,,PDF/530 KB,https://www.subaru.co.jp/pdf/news/2024_1024_1_2024-10-23-115814.pdf,
2026-08-17T05:15:49,スバル,page,,SUBARU　ストロングハイブリッドを発表,https://www.subaru.co.jp/news/2024_10_17_132911,
2026-08-17T05:15:49,スバル,page,,PDF/327 KB,https://www.subaru.co.jp/pdf/news/20241017_002_jp_2024-12-06-110422.pdf,
2026-08-17T05:15:49,スバル,page,,SUBARU「ソルテラ」と「WRX」がIIHS安全性評価で賞を獲得（米国仕様車が対象）,https://www.subaru.co.jp/news/2024_10_04_162533,
2026-08-17T05:15:49,スバル,page,,PDF/496 KB,https://www.subaru.co.jp/pdf/news/2024_1004_1_2024-10-02-164147.pdf,
2026-08-17T05:15:49,スバル,page,,SUBARU　シフォンの一部改良モデルを発表,https://www.subaru.co.jp/news/2024_10_03_123406,○
2026-08-17T05:15:49,スバル,page,,PDF/363 KB,https://www.subaru.co.jp/pdf/news/2024_1003_2_2024-10-02-123822.pdf,
2026-08-17T05:15:49,スバル,page,,SUBARU　プレオ プラスの一部改良モデルを発表,https://www.subaru.co.jp/news/2024_10_03_122530,○
2026-08-17T05:15:49,スバル,page,,PDF/357 KB,https://www.subaru.co.jp/pdf/news/2024_1003_1_2024-10-02-140632.pdf,
2026-08-17T05:15:49,スバル,page,,SUBARU　クロストレックを一部改良,https://www.subaru.co.jp/news/2024_09_13_134855,○
2026-08-17T05:15:49,スバル,page,,PDF/544 KB,https://www.subaru.co.jp/pdf/news/2024_0913_2_2024-09-11-164320.pdf,
2026-08-17T05:15:49,スバル,page,,SUBARU　インプレッサを一部改良,https://www.subaru.co.jp/news/2024_09_13_134633,○
2026-08-17T05:15:49,スバル,page,,PDF/490 KB,https://www.subaru.co.jp/pdf/news/2024_0913_1_2024-09-11-163958.pdf,
2026-08-17T05:15:49,スバル,page,,SUBARU　レガシィ アウトバックの一部改良モデルを発表,https://www.subaru.co.jp/news/2024_09_06_163340,○
2026-08-17T05:15:49,スバル,page,,PDF/273 KB,https://www.subaru.co.jp/pdf/news/2024_0906_1_2024-09-05-164837.pdf,
2026-08-17T05:15:49,スバル,page,,SUBARU　ローカル5G設備をテストコースに導入し、協調型自動運転の実証実験を開始,https://www.subaru.co.jp/news/2024_08_28_112259,
2026-08-17T05:15:49,スバル,page,,PDF/1 MB,https://www.subaru.co.jp/pdf/news/2024_0828_1_2024-08-27-113117.pdf,
2026-08-17T05:15:49,スバル,page,,「SUBARU BRZ」改良モデルを発表,https://www.subaru.co.jp/news/2024_07_12_110548,○
2026-08-17T05:15:49,スバル,page,,PDF/505 KB,https://www.subaru.co.jp/pdf/news/2024_0712_1_2024-07-11-111445.pdf,
2026-08-17T05:15:49,スバル,page,,SUBARU　フォレスター特別仕様車「Urban Selection」を発表,https://www.subaru.co.jp/news/2024_07_11_121309,○
2026-08-17T05:15:49,スバル,page,,PDF/569 KB,https://www.subaru.co.jp/pdf/news/2024_0711_2_2024-07-10-122256.pdf,
2026-08-17T05:15:49,スバル,page,,SUBARU 「クロストレック」・「インプレッサ」JNCAP「自動車安全性能2023ファイブスター大賞」を受賞,https://www.subaru.co.jp/news/2024_05_28_184333,
2026-08-17T05:15:49,スバル,page,,PDF/360 KB,https://www.subaru.co.jp/pdf/news/2024_0528_1_2024-05-27-134426.pdf,
2026-08-17T05:15:49,スバル,page,,SUBARU　最新のIIHS前面衝突予防性能試験において運転支援システム アイサイトを搭載した「フォレスター」が試験車両で唯一、最高評価を獲得（米国仕様車が対象）,https://www.subaru.co.jp/news/2024_05_27_182511,
2026-08-17T05:15:49,スバル,page,,PDF/296 KB,https://www.subaru.co.jp/pdf/news/2024_0527_1_2024-05-24-153412.pdf,
2026-08-17T05:15:49,スバル,page,,SUBARU　新車サブスクリプションサービス「SUBARU×KINTO」を開始,https://www.subaru.co.jp/news/2024_05_16_114704,
2026-08-17T05:15:49,スバル,page,,PDF/618 KB,https://www.subaru.co.jp/pdf/news/2024_0516_1_2024-05-15-110414.pdf,
2026-08-17T05:15:49,スバル,page,,SUBARU　フォレスター特別仕様車「STI Sport Black Interior Selection」を発表,https://www.subaru.co.jp/news/2024_04_11_174717,○
2026-08-17T05:15:49,スバル,page,,PDF/1 MB,https://www.subaru.co.jp/pdf/news/2024_0411_2_2024-04-10-181519.pdf,
2026-08-17T05:15:49,スバル,page,,SUBARU　フォレスター特別仕様車「X-EDITION」・「XT-EDITION」にボディカラー「ガイザーブルー」を設定,https://www.subaru.co.jp/news/2024_04_11_174205,○
2026-08-17T05:15:49,スバル,page,,PDF/614 KB,https://www.subaru.co.jp/pdf/news/2024_0411_1_2024-04-10-180057.pdf,
2026-08-17T05:15:49,スバル,page,,SUBARU BRZ「Cup Car Basic」を発表,https://www.subaru.co.jp/news/2024_04_08_133818,
2026-08-17T05:15:49,スバル,page,,PDF/306 KB,https://www.subaru.co.jp/pdf/news/2024_0408_1_2024-04-05-135838.pdf,
2026-08-17T05:15:49,スバル,page,,SUBARU、KINTOと協業による新車サブスク事業に参入 2024年初夏より開始,https://www.subaru.co.jp/news/2024_01_12_110405,
2026-08-17T05:15:49,スバル,page,,PDF/660 KB,https://www.subaru.co.jp/pdf/news/20240112_4_2024-01-11-160145.pdf,
2026-08-17T05:15:49,スバル,page,,SUBARU　特別仕様車「WRX S4 STI Sport♯」を発表,https://www.subaru.co.jp/news/2024_01_12_105245,○
2026-08-17T05:15:49,スバル,page,,PDF/429 KB,https://www.subaru.co.jp/pdf/news/20240112_01_2024-01-11-151058.pdf,
2026-08-17T05:15:49,スバル,page,,自動車メーカーを中心に12社で「自動車用先端SoC技術研究組合」を設立,https://www.subaru.co.jp/news/2023_12_28_152308,
2026-08-17T05:15:49,スバル,page,,SUBARU　新型「フォレスター」 を世界初公開,https://www.subaru.co.jp/news/2023_11_17_164127,○
2026-08-17T05:15:49,スバル,page,,PDF/762 KB,https://www.subaru.co.jp/pdf/news/2023_1117_1_2023-11-14-165439.pdf,
2026-08-17T05:15:49,スバル,page,,SUBARU「インプレッサ」と「クロストレック」がIIHS安全性評価で賞を獲得（米国仕様車が対象）,https://www.subaru.co.jp/news/2023_11_10_114909,
2026-08-17T05:15:49,スバル,page,,PDF/199 KB,https://www.subaru.co.jp/pdf/news/20231110_2023-11-10-093153.pdf,
2026-08-17T05:15:49,スバル,page,,SUBARU　新型SUV「レヴォーグ レイバック」を発表,https://www.subaru.co.jp/news/2023_10_25_154428,○
2026-08-17T05:15:49,スバル,page,,PDF/578 KB,https://www.subaru.co.jp/pdf/news/2023_1025_2__2023-10-19-172035.pdf,
2026-08-17T05:15:49,スバル,page,,SUBARU 「ソルテラ」改良モデルを発表,https://www.subaru.co.jp/news/2023_10_25_154547,○
2026-08-17T05:15:49,スバル,page,,PDF/490 KB,https://www.subaru.co.jp/pdf/news/2023_1025_3_2023-10-19-182751.pdf,
2026-08-17T05:15:49,スバル,page,,SUBARU　フォレスター 特別仕様車 「X-EDITION」を発表,https://www.subaru.co.jp/news/2023_10_25_153648,○
2026-08-17T05:15:49,スバル,page,,PDF/714 KB,https://www.subaru.co.jp/pdf/news/2023_1025_5_2023-10-20-142501.pdf,
2026-08-17T05:15:49,スバル,page,,SUBARU 「レヴォーグ」改良モデルを発表,https://www.subaru.co.jp/news/2023_10_25_154247,○
2026-08-17T05:15:49,スバル,page,,PDF/411 KB,https://www.subaru.co.jp/pdf/news/2023_1025_6_2023-10-19-142652.pdf,
2026-08-17T05:15:49,スバル,page,,SUBARU　「WRX S4」改良モデルを発表,https://www.subaru.co.jp/news/2023_10_25_154032,○
2026-08-17T05:15:49,スバル,page,,PDF/424 KB,https://www.subaru.co.jp/pdf/news/2023_1025_7_2023-10-19-133027.pdf,
2026-08-17T05:15:49,スバル,page,,「SUBARU BRZ」一部改良モデルを発表,https://www.subaru.co.jp/news/2023_09_22_135116,○
2026-08-17T05:15:49,スバル,page,,PDF/475 KB,https://www.subaru.co.jp/pdf/news/2023_0922_1_2023-09-21-140013.pdf,
2026-08-17T05:15:49,スバル,page,,SUBARU　「レガシィ アウトバック」の改良モデルを発表,https://www.subaru.co.jp/news/2023_09_07_145107,○
2026-08-17T05:15:49,スバル,page,,PDF/707 KB,https://www.subaru.co.jp/pdf/news/2023_0907_1_2023-09-06-154022.pdf,
2026-08-17T05:15:49,スバル,page,,SUBARU 「フォレスター」 一部改良モデルを発表,https://www.subaru.co.jp/news/2023_08_24_141135,○
2026-08-17T05:15:49,スバル,page,,PDF/1 MB,https://www.subaru.co.jp/pdf/news/2023_0824_1_2023-08-23-142406.pdf,
2026-08-17T05:15:49,スバル,page,,SUBARU 新型SUV「LEVORG LAYBACK」ティザー画像を公開,https://www.subaru.co.jp/news/2023_08_03_151403,○
2026-08-17T05:15:49,スバル,page,,PDF/259 KB,https://www.subaru.co.jp/pdf/news/2023_0803_1_2023-08-02-153056.pdf,
2026-08-17T05:15:49,スバル,page,,SUBARU 「レガシィ アウトバック」改良モデルの専用サイトを公開,https://www.subaru.co.jp/news/2023_07_20_102357,○
2026-08-17T05:15:49,スバル,page,,PDF/476 KB,https://www.subaru.co.jp/pdf/news/2023_0720_1_2023-07-19-151620.pdf,
2026-08-17T05:15:49,スバル,page,,SUBARU レヴォーグ特別仕様車「Smart Edition」を発表,https://www.subaru.co.jp/news/2023_07_03_120245,○
2026-08-17T05:15:49,スバル,page,,PDF/582 KB,https://www.subaru.co.jp/pdf/news/2023_0703_1_2023-06-30-120946.pdf,
2026-08-17T05:15:49,スバル,page,,SUBARU マニュアルトランスミッション車向け「アイサイト」を開発　今秋発表予定のSUBARU BRZ改良モデルに初採用,https://www.subaru.co.jp/news/2023_06_20_172015,○
2026-08-17T05:15:49,スバル,page,,PDF/411 KB,https://www.subaru.co.jp/pdf/news/2023_0620_1_2023-06-16-173220.pdf,
2026-08-17T05:15:49,スバル,page,,SUBARU　新型「インプレッサ」の価格を発表,https://www.subaru.co.jp/news/2023_04_20_132329,○
2026-08-17T05:15:49,スバル,page,,PDF/1 MB,https://www.subaru.co.jp/pdf/news/2023_0420_1_2023-04-19-132902.pdf,
2026-08-17T05:15:49,スバル,page,,SUBARU 「クロストレック　ウィルダネス」を米国で発表,https://www.subaru.co.jp/news/2023_04_06_122253,
2026-08-17T05:15:49,スバル,page,,PDF/414 KB,https://www.subaru.co.jp/pdf/news/2023_0406_1_2023-04-05-122917.pdf,
2026-08-17T05:15:49,スバル,page,,「次世代グリーンCO2燃料技術研究組合」へのマツダ参画について,https://www.subaru.co.jp/news/2023_03_29_171858,
2026-08-17T05:15:49,スバル,page,,PDF/254 KB,https://www.subaru.co.jp/pdf/news/2023_0329_1_2023-03-28-172816.pdf,
2026-08-17T05:15:49,スバル,page,,SUBARUの2023年モデルが新基準を採用したIIHS安全性評価で5つの賞を獲得（米国仕様車が対象）,https://www.subaru.co.jp/news/2023_03_08_150940,
2026-08-17T05:15:49,スバル,page,,PDF/411 KB,https://www.subaru.co.jp/pdf/news/2023_0308_1_2023-03-07-152505.pdf,
2026-08-17T05:15:49,スバル,page,,SUBARU　新型「インプレッサ」 専用サイトを公開,https://www.subaru.co.jp/news/2023_02_16_172136,○
2026-08-17T05:15:49,スバル,page,,PDF/380 KB,https://www.subaru.co.jp/pdf/news/2023_0216_1_2023-02-15-172806.pdf,
2026-08-17T05:15:49,スバル,page,,SUBARU　新型「インプレッサ」（日本仕様車・プロトタイプ）を初公開,https://www.subaru.co.jp/news/2023_01_13_170612,○
2026-08-17T05:15:49,スバル,page,,PDF/323 KB,https://www.subaru.co.jp/pdf/news/2023_0113_4_2023-01-12-180816.pdf,
2026-08-17T05:15:49,スバル,page,,SUBARU　特別仕様車「レヴォーグSTI Sport♯」を発表,https://www.subaru.co.jp/news/2023_01_13_170507,○
2026-08-17T05:15:49,スバル,page,,PDF/347 KB,https://www.subaru.co.jp/pdf/news/2023_0113_3_2023-01-12-190328.pdf,
2026-08-17T05:15:49,スバル,page,,SUBARU　電子制御ダンパー制御プログラムのアップデートサービス 「SUBARU Active Damper e-Tune」を発表,https://www.subaru.co.jp/news/2023_01_13_170047,
2026-08-17T05:15:49,スバル,page,,PDF/382 KB,https://www.subaru.co.jp/pdf/news/2023_0113_1_2023-01-12-152346.pdf,
2026-08-17T05:15:49,スバル,page,,SUBARU　フォレスター特別仕様車「XT-EDITION」を発表,https://www.subaru.co.jp/news/2022_12_22_114506,○
2026-08-17T05:15:49,スバル,page,,PDF/545 KB,https://www.subaru.co.jp/pdf/news/2022_1222_1_2022-12-21-115358.pdf,
2026-08-17T05:15:49,スバル,page,,SUBARU　新型「クロストレック」の価格を発表,https://www.subaru.co.jp/news/2022_12_01_135725,○
2026-08-17T05:15:49,スバル,page,,PDF/1 MB,https://www.subaru.co.jp/pdf/news/2022_1201_1_2022-11-30-144008.pdf,
2026-08-17T05:15:49,スバル,page,,SUBARU「ソルテラ」がユーロNCAPの2022年安全性能テストで最高評価「ファイブスター」獲得,https://www.subaru.co.jp/news/2022_11_30_115157,
2026-08-17T05:15:49,スバル,page,,PDF/432 KB,https://www.subaru.co.jp/pdf/news/2022_1130_1_2022-11-29-115436.pdf,
2026-08-17T05:15:49,スバル,page,,SUBARU　「レヴォーグ」一部改良モデルを発表,https://www.subaru.co.jp/news/2022_11_24_164639,○
2026-08-17T05:15:49,スバル,page,,PDF/298 KB,https://www.subaru.co.jp/pdf/news/2022_1124_2_2022-11-22-164946.pdf,
2026-08-17T05:15:49,スバル,page,,SUBARU　「WRX S4」一部改良モデルを発表,https://www.subaru.co.jp/news/2022_11_24_162559,○
2026-08-17T05:15:49,スバル,page,,PDF/289 KB,https://www.subaru.co.jp/pdf/news/2022_1124_1_2022-11-22-164322.pdf,
2026-08-17T05:15:49,スバル,page,,SUBARU　新型「インプレッサ」 を世界初公開,https://www.subaru.co.jp/news/2022_11_18_165728,○
2026-08-17T05:15:49,スバル,page,,PDF/499 KB,https://www.subaru.co.jp/pdf/news/2022_1118_1_2022-11-16-170430.pdf,
2026-08-17T05:15:49,スバル,page,,SUBARU　初の小型SUV「REX」を発表,https://www.subaru.co.jp/news/2022_11_11_152235,
2026-08-17T05:15:49,スバル,page,,PDF/423 KB,https://www.subaru.co.jp/pdf/news/2022_1111_1_2022-11-07-153234.pdf,
2026-08-17T05:15:49,スバル,page,,SUBARUの3車種が2022年IIHSトップセイフティピックプラスを獲得（米国仕様車が対象）,https://www.subaru.co.jp/news/2022_11_09_164415,
2026-08-17T05:15:49,スバル,page,,PDF/551 KB,https://www.subaru.co.jp/pdf/news/2022_1109_1_2022-11-08-164808.pdf,
2026-08-17T05:15:49,スバル,page,,SUBARU　「SOLTERRA」がJNCAP「自動車安全性能2022ファイブスター賞」を受賞,https://www.subaru.co.jp/news/2022_11_07_162151,
2026-08-17T05:15:49,スバル,page,,PDF/510 KB,https://www.subaru.co.jp/pdf/news/2022_1107_1_2022-11-04-162649.pdf,
2026-08-17T05:15:49,スバル,page,,大熊町及び次世代グリーンCO2燃料技術研究組合、企業立地に関する基本協定を締結,https://www.subaru.co.jp/news/2022_10_25_120442,
2026-08-17T05:15:49,スバル,page,,PDF/163 KB,https://www.subaru.co.jp/pdf/news/2022_1025_1_2022-10-24-120536.pdf,
2026-08-17T05:15:49,スバル,page,,SUBARU　「シフォン」一部改良モデルを発表,https://www.subaru.co.jp/news/2022_10_13_183834,○
2026-08-17T05:15:49,スバル,page,,PDF/617 KB,https://www.subaru.co.jp/pdf/news/2022_1013_2_2022-10-12-120108.pdf,
2026-08-17T05:15:49,スバル,page,,SUBARUのドライブアプリ「SUBAROAD」が2022年度グッドデザイン賞を受賞,https://www.subaru.co.jp/news/2022_10_07_150940,
2026-08-17T05:15:49,スバル,page,,PDF/682 KB,https://www.subaru.co.jp/pdf/news/2022_1007_2022-10-07-152204.pdf,
2026-08-17T05:15:49,スバル,page,,SUBARU　新型「CROSSTREK」 を世界初公開,https://www.subaru.co.jp/news/2022_09_15_150743,○
2026-08-17T05:15:49,スバル,page,,PDF/937 KB,https://www.subaru.co.jp/pdf/news/2022_0915_2_2022-09-14-162012.pdf,
2026-08-17T05:15:49,スバル,page,,SUBARU　AWD車誕生50周年を迎えて,https://www.subaru.co.jp/news/2022_09_15_103446,
2026-08-17T05:15:49,スバル,page,,PDF/238 KB,https://www.subaru.co.jp/pdf/news/2022_0905_1_2022-09-14-103739.pdf,
2026-08-17T05:15:49,スバル,page,,SUBARU　「レガシィ アウトバック」一部改良モデルを発表,https://www.subaru.co.jp/news/2022_09_08_111846,○
2026-08-17T05:15:49,スバル,page,,PDF/459 KB,https://www.subaru.co.jp/pdf/news/2022_0908_1_2022-09-07-113859.pdf,
2026-08-17T05:15:49,スバル,page,,SUBARU　運転支援システム「アイサイト」搭載車の世界累計販売台数500万台を達成,https://www.subaru.co.jp/news/2022_08_31_113150,
2026-08-17T05:15:49,スバル,page,,PDF/285 KB,https://www.subaru.co.jp/pdf/news/2022_0831_1_2022-08-30-114559.pdf,
2026-08-17T05:15:49,スバル,page,,SUBARU　フォレスター「STI Sport」を発表,https://www.subaru.co.jp/news/2022_08_25_142111,
2026-08-17T05:15:49,スバル,page,,PDF/969 KB,https://www.subaru.co.jp/pdf/news/2022_0825_2_2022-08-24-142507.pdf,
2026-08-17T05:15:49,スバル,page,,SUBARU　「アウトバック」がIIHSの新たな側面衝突試験において試験車両で唯一、最高評価を獲得（米国仕様車が対象）,https://www.subaru.co.jp/news/2022_08_25_151726,
2026-08-17T05:15:49,スバル,page,,PDF/211 KB,https://www.subaru.co.jp/pdf/news/2022_0825_1_2022-08-24-152840.pdf,
2026-08-17T05:15:49,スバル,page,,SUBARU BRZ特別仕様車「S “10th Anniversary Limited”」を発表,https://www.subaru.co.jp/news/2022_07_24_135715,○
2026-08-17T05:15:49,スバル,page,,PDF/479 KB,https://www.subaru.co.jp/pdf/news/2022_0724_1_2022-07-22-140033.pdf,
2026-08-17T05:15:49,スバル,page,,民間6社による「次世代グリーンCO2燃料技術研究組合」を設立,https://www.subaru.co.jp/news/2022_07_20_141610,
2026-08-17T05:15:49,スバル,page,,PDF/624 KB,https://www.subaru.co.jp/pdf/news/2022_0720_1_2022-07-19-141801.pdf,
2026-08-17T05:15:49,スバル,page,,SUBARU　フォレスター「STI Sport」を公開,https://www.subaru.co.jp/news/2022_06_27_151052,
2026-08-17T05:15:49,スバル,page,,PDF/302 KB,https://www.subaru.co.jp/pdf/news/2022_0627_1_2022-06-24-151455.pdf,
2026-08-17T05:15:49,スバル,page,,「SUBARU BRZ」一部改良モデルを発表,https://www.subaru.co.jp/news/2022_05_26_151055,○
2026-08-17T05:15:49,スバル,page,,PDF/392 KB,https://www.subaru.co.jp/pdf/news/2022_0526_1_2022-05-25-151242.pdf,
2026-08-17T05:15:49,スバル,page,,SUBARU　「レガシィ アウトバック」が、JNCAP「自動車安全性能2021 ファイブスター大賞」を受賞,https://www.subaru.co.jp/news/2022_05_25_141000,
2026-08-17T05:15:49,スバル,page,,PDF/286 KB,https://www.subaru.co.jp/pdf/news/2022_0525_1_2022-05-24-173137.pdf,
2026-08-17T05:15:49,スバル,page,,SUBARU BRZ（アイサイト装着車）とフォレスターがIIHS安全性評価でトップセイフティピックプラスを獲得（米国仕様車が対象）,https://www.subaru.co.jp/news/2022_05_18_171730,
2026-08-17T05:15:49,スバル,page,,PDF/383 KB,https://www.subaru.co.jp/pdf/news/2022_0518_1_2022-05-17-190811.pdf,
2026-08-17T05:15:49,スバル,page,,SUBARU 新型BEV「SOLTERRA」（日本仕様車）の価格を発表,https://www.subaru.co.jp/news/2022_04_14_093616,○
2026-08-17T05:15:49,スバル,page,,PDF/1 MB,https://www.subaru.co.jp/pdf/news/2022_0414_1_2024-06-17-164116.pdf,
2026-08-17T05:15:49,スバル,page,,SUBARU　北米向けアウトバックの予防安全機能を強化,https://www.subaru.co.jp/news/2022_04_13_162959,
2026-08-17T05:15:49,スバル,page,,PDF/210 KB,https://www.subaru.co.jp/pdf/news/2022_0413_1_2022-04-13-102711.pdf,
2026-08-17T05:15:49,スバル,page,,SUBARU　米国IIHSが新設したシートベルトリマインダー評価で最高評価を獲得（米国仕様車が対象）,https://www.subaru.co.jp/news/2022_04_06_175152,
2026-08-17T05:15:49,スバル,page,,PDF/316 KB,https://www.subaru.co.jp/pdf/news/2022_0406_1_2022-04-06-101749.pdf,
2026-08-17T05:15:49,スバル,page,,SUBARUの2022年モデルがIIHS安全性評価で6つの賞を獲得,https://www.subaru.co.jp/news/2022_03_07_131123,
2026-08-17T05:15:49,スバル,page,,PDF/350 KB,https://www.subaru.co.jp/pdf/news/2022_0307 1_2022-03-04-131323.pdf,
2026-08-17T05:15:49,スバル,page,,SUBARU BRZ「Cup Car Basic」を発表,https://www.subaru.co.jp/news/2022_02_08_185702,
2026-08-17T05:15:49,スバル,page,,PDF/545 KB,https://www.subaru.co.jp/pdf/news/2022_0208_1_2022-02-07-190019.pdf,
2026-08-17T05:15:49,スバル,page,,SUBARU　新型「サンバーバン」および「サンバートラック」大幅改良モデルを発表,https://www.subaru.co.jp/news/2022_01_13_124658,○
2026-08-17T05:15:49,スバル,page,,PDF/417 KB,https://www.subaru.co.jp/pdf/news/2022_0113_1_2022-01-11-124925.pdf,
2026-08-17T05:15:49,スバル,page,,「SUBARU XV」 一部改良モデルを発表,https://www.subaru.co.jp/news/2021_12_16_172030,○
2026-08-17T05:15:49,スバル,page,,PDF/574 KB,https://www.subaru.co.jp/pdf/news/2021_1216_2_2021-12-15-153436.pdf,
2026-08-17T05:15:49,スバル,page,,SUBARU 「インプレッサ」 一部改良モデルを発表,https://www.subaru.co.jp/news/2021_12_16_170623,○
2026-08-17T05:15:49,スバル,page,,PDF/664 KB,https://www.subaru.co.jp/pdf/news/2021_1216_1_2021-12-15-134329.pdf,
2026-08-17T05:15:49,スバル,page,,SUBARUオーナーのためのドライブアプリ「SUBAROAD」をリリース,https://www.subaru.co.jp/news/2021_12_07_134319,
2026-08-17T05:15:49,スバル,page,,PDF/354 KB,https://www.subaru.co.jp/pdf/news/20211207_2021-12-03-134807.pdf,
2026-08-17T05:15:49,スバル,page,,SUBARU　新型「WRX S4」を発表,https://www.subaru.co.jp/news/2021_11_25_133325,○
2026-08-17T05:15:49,スバル,page,,PDF/517 KB,https://www.subaru.co.jp/pdf/news/2021_1125_1_2021-11-24-211834.pdf,
2026-08-17T05:15:49,スバル,page,,SUBARU　「レヴォーグ」一部改良モデルを発表,https://www.subaru.co.jp/news/2021_11_25_133106,○
2026-08-17T05:15:49,スバル,page,,PDF/369 KB,https://www.subaru.co.jp/pdf/news/2021_1125_2_2021-11-24-201705.pdf,
2026-08-17T05:15:49,スバル,page,,川崎重工、SUBARU、トヨタ、マツダ、ヤマハ発動機、カーボンニュートラル実現に向け、燃料を「つくる」「はこぶ」「つかう」選択肢を広げる取り組みに挑戦,https://www.subaru.co.jp/news/2021_11_13_184044,
2026-08-17T05:15:49,スバル,page,,PDF/1 MB,https://www.subaru.co.jp/pdf/news/2021_1113_1_2021-11-12-184450.pdf,
2026-08-17T05:15:49,スバル,page,,SUBARUが初めてグローバルに展開するBEV、「SOLTERRA」を発表,https://www.subaru.co.jp/news/2021_11_11_171635,
2026-08-17T05:15:49,スバル,page,,PDF/615 KB,https://www.subaru.co.jp/pdf/news/2021_1111_1_2021-11-10-171846.pdf,
2026-08-17T05:15:49,スバル,page,,SUBARU　新型「レガシィ アウトバック」を発表,https://www.subaru.co.jp/press/news/2021_10_07_11214,○
2026-08-17T05:15:49,スバル,page,,PDF/598 KB,https://www.subaru.co.jp/pdf/news/2021_1007_1_PW-8ayz4_6_2021-10-11-133047.pdf,
2026-08-17T05:15:49,スバル,page,,SUBARU　「シフォン」一部改良モデルを発表,https://www.subaru.co.jp/news/2021_09_30_11088,○
2026-08-17T05:15:49,スバル,page,,PDF/362 KB,https://www.subaru.co.jp/pdf/news/2021_0930_1_u_NY-ju1Hx_2021-10-08-083701.pdf,
2026-08-17T05:15:49,スバル,page,,MBD（モデルベース開発）推進センターへの参画について,https://www.subaru.co.jp/press/news/2021_09_24_10998,
2026-08-17T05:15:49,スバル,page,,PDF/382 KB,https://www.subaru.co.jp/pdf/news/2021_0924_1_fdF_S-FB6K_2021-10-07-140519.pdf,
2026-08-17T05:15:49,スバル,page,,SUBARU 新型「アウトバック」がユーロNCAPの2021年安全性能テストで最高評価「ファイブスター」を獲得,https://www.subaru.co.jp/press/news/2021_09_21_10971,○
2026-08-17T05:15:49,スバル,page,,PDF/373 KB,https://www.subaru.co.jp/press/file/uploads/news/2021_0921_1_GfXu7c_-Y6.pdf,
2026-08-17T05:15:49,スバル,page,,SUBARU　新型「WRX」を世界初公開,https://www.subaru.co.jp/press/news/2021_09_10_10869,○
2026-08-17T05:15:49,スバル,page,,PDF/612 KB,https://www.subaru.co.jp/press/file/uploads/news/2021_0910_01_o-2YhK_Mjh.pdf,
2026-08-17T05:15:49,スバル,page,,SUBARU　「ステラ」一部改良モデルを発表,https://www.subaru.co.jp/press/news/2021_09_09_10842,○
2026-08-17T05:15:49,スバル,page,,PDF/366 KB,https://www.subaru.co.jp/press/file/uploads/news/2021_0909_1_Fc_G6dl-zE.pdf,
2026-08-17T05:15:49,スバル,page,,SUBARU 「フォレスター　ウィルダネス」を米国で発表,https://www.subaru.co.jp/press/news/2021_09_02_10722,
2026-08-17T05:15:49,スバル,page,,PDF/480 KB,https://www.subaru.co.jp/press/file/uploads/news/2021_0902_02_G_-i6ZkPXW.pdf,
2026-08-17T05:15:49,スバル,page,,SUBARU　新型「レガシィ アウトバック」を初公開,https://www.subaru.co.jp/press/news/2021_09_02_10761,○
2026-08-17T05:15:49,スバル,page,,PDF/623 KB,https://www.subaru.co.jp/press/file/uploads/news/2021_0902_1_R-nXNBkJ_3C.pdf,
2026-08-17T05:15:49,スバル,page,,SUBARU「フォレスター」大幅改良モデルを発表,https://www.subaru.co.jp/press/news/2021_08_19_10617,○
2026-08-17T05:15:49,スバル,page,,PDF/588 KB,https://www.subaru.co.jp/press/file/uploads/news/2021_0819_1_aPW-Ql_Yd3.pdf,
2026-08-17T05:15:49,スバル,page,,新型「SUBARU BRZ」を発表,https://www.subaru.co.jp/press/news/2021_07_29_10329,○
2026-08-17T05:15:49,スバル,page,,PDF/662 KB,https://www.subaru.co.jp/press/file/uploads/news/2021_0729_1_SL6N_R2Bn-Y.pdf,
2026-08-17T05:15:49,スバル,page,,"SUBARU　AWD車の累計生産台数 2,000万台を達成",https://www.subaru.co.jp/press/news/2021_07_08_10104,
2026-08-17T05:15:49,スバル,page,,PDF/175 KB,https://www.subaru.co.jp/press/file/uploads/news/2021_0708_2_Zx-dozRL_D0.pdf,
2026-08-17T05:15:49,スバル,page,,SUBARU XV特別仕様車「2.0e-L EyeSight Smart Edition」を発表,https://www.subaru.co.jp/press/news/2021_06_17_9937,○
2026-08-17T05:15:49,スバル,page,,PDF/498 KB,https://www.subaru.co.jp/press/file/uploads/news/2021_0617_01_S_NBw7j-bft.pdf,
2026-08-17T05:15:49,スバル,page,,SUBARU　「フォレスター」大幅改良モデルを初公開,https://www.subaru.co.jp/press/news/2021_06_14_9929,○
2026-08-17T05:15:49,スバル,page,,PDF/503 KB,https://www.subaru.co.jp/press/file/uploads/news/2021_0614_1_ny5-_9xccL.pdf,
2026-08-17T05:15:49,スバル,page,,SUBARU 「レヴォーグ」が、 JNCAP「自動車安全性能2020ファイブスター大賞」を受賞,https://www.subaru.co.jp/press/news/2021_05_25_9863,
2026-08-17T05:15:49,スバル,page,,PDF/577 KB,https://www.subaru.co.jp/press/file/uploads/news/2021_0525_1_M5-Av0HB_q.pdf,
2026-08-17T05:15:49,スバル,page,,SUBARU 2022年に発売する新型EVの名称を「SOLTERRA（ソルテラ）」に決定,https://www.subaru.co.jp/press/news/2021_05_11_9750,○
2026-08-17T05:15:49,スバル,page,,PDF/414 KB,https://www.subaru.co.jp/press/file/uploads/news/2021_0511_1-1_M8w_oB-ZOy.pdf,
2026-08-17T05:15:49,スバル,page,,SUBARU　「おうちで商談　なんでも相談　オンライン商談」を開始,https://www.subaru.co.jp/press/news/2021_05_10_9749,
2026-08-17T05:15:49,スバル,page,,PDF/586 KB,https://www.subaru.co.jp/press/file/uploads/news/2021_0510_1_pc_sYTg-9zy.pdf,
2026-08-17T05:15:49,スバル,page,,スズキ、SUBARU、ダイハツ、トヨタ、マツダ、次世代車載通信機の技術仕様の共同開発に合意,https://www.subaru.co.jp/press/news/2021_04_27_9759,
2026-08-17T05:15:49,スバル,page,,PDF/543 KB,https://www.subaru.co.jp/press/file/uploads/news/2021_0427_1M-_nLFCLH5.pdf,
2026-08-17T05:15:49,スバル,page,,新型「SUBARU BRZ」（日本仕様）を公開,https://www.subaru.co.jp/press/news/2021_04_05_9684,○
2026-08-17T05:15:49,スバル,page,,PDF/492 KB,https://www.subaru.co.jp/press/file/uploads/news/2021_0405_01_O_l-0cFzpp.pdf,
2026-08-17T05:15:49,スバル,page,,SUBARU 「Outback Wilderness（アウトバック　ウィルダネス）」を米国で発表,https://www.subaru.co.jp/press/news/2021_03_31_9656,
2026-08-17T05:15:49,スバル,page,,PDF/319 KB,https://www.subaru.co.jp/press/file/uploads/news/20210331_1_p_3pd-WLic.pdf,
2026-08-17T05:15:49,スバル,page,,SUBARU　運転支援システム「アイサイト」付きのクルマを月額定額制で利用できる 「SUBARU サブスクプラン」を中古車で開始,https://www.subaru.co.jp/press/news/2021_03_26_9642,
2026-08-17T05:15:49,スバル,page,,PDF/420 KB,https://www.subaru.co.jp/press/file/uploads/news/210326_1_n9YdL_AC-n.pdf,
2026-08-17T05:15:49,スバル,page,,TOYOTA GAZOO RacingとSUBARU、共同開発の新型車両を公開 「いっしょにいいクルマつくろう！トークセッション」 4月5日にオンラインにて合同開催,https://www.subaru.co.jp/press/news/2021_03_25_9636,○
2026-08-17T05:15:49,スバル,page,,PDF/334 KB,https://www.subaru.co.jp/press/file/uploads/news/2021_0325_1-01_Ikfq-wkV_U.pdf,
2026-08-17T05:15:49,スバル,page,,SUBARUの2021年モデルがIIHS安全性評価で9つの賞を獲得,https://www.subaru.co.jp/press/news/2021_03_11_9605,
2026-08-17T05:15:49,スバル,page,,PDF/388 KB,https://www.subaru.co.jp/press/file/uploads/news/2021_0311_1_t6BzZ_E3-W.pdf,
2026-08-17T05:15:49,スバル,page,,SUBARU　「シフォン」一部改良モデルを発表,https://www.subaru.co.jp/press/news/2020_12_08_9332,○
2026-08-17T05:15:49,スバル,page,,PDF/314 KB,https://www.subaru.co.jp/press/file/uploads/news/2020_1208_1_Nz-gRW_5KT.pdf,
2026-08-17T05:15:49,スバル,page,,SUBARU　新型「レヴォーグ」が「2020–2021日本カー・オブ・ザ・イヤー」を受賞,https://www.subaru.co.jp/press/news/2020_12_07_9322,○
2026-08-17T05:15:49,スバル,page,,PDF/451 KB,https://www.subaru.co.jp/press/file/uploads/news/2020_1207_1_DrN_Ib-5JZ.pdf,
2026-08-17T05:15:49,スバル,page,,SUBARU　「プレオ プラス」一部改良モデルを発表,https://www.subaru.co.jp/press/news/2020_12_01_9307,○
2026-08-17T05:15:49,スバル,page,,PDF/442 KB,https://www.subaru.co.jp/press/file/uploads/news/2020_1201_2_xFyM7_S-WK.pdf,
2026-08-17T05:15:49,スバル,page,,ソフトバンクとSUBARU、 自動運転車のユースケースに関する実証実験を実施,https://www.subaru.co.jp/press/news/2020_11_24_9274,
2026-08-17T05:15:49,スバル,page,,PDF/2 MB,https://www.subaru.co.jp/press/file/uploads/news/2020_1124_01_paPT_UFS5-.pdf,
2026-08-17T05:15:49,スバル,page,,新型「SUBARU BRZ」を世界初公開,https://www.subaru.co.jp/press/news/2020_11_18_9247,○
2026-08-17T05:15:49,スバル,page,,PDF/484 KB,https://www.subaru.co.jp/press/file/uploads/news/2020_1118_2_gUw2E-2_kRr.pdf,
2026-08-17T05:15:49,スバル,page,,SUBARU　「フォレスター」改良モデルを発表,https://www.subaru.co.jp/press/news/2020_10_22_9106,○
2026-08-17T05:15:49,スバル,page,,PDF/381 KB,https://www.subaru.co.jp/press/file/uploads/news/2020_1022_1_XqN_Ecu3C-.pdf,
2026-08-17T05:15:49,スバル,page,,SUBARU　新型「レヴォーグ」を発表,https://www.subaru.co.jp/press/news/2020_10_15_9094,○
2026-08-17T05:15:49,スバル,page,,PDF/513 KB,https://www.subaru.co.jp/press/file/uploads/news/2020_1015_02_tK_L-b9Npz.pdf,
2026-08-17T05:15:49,スバル,page,,SUBARU　新型「レヴォーグ」TVCMを放映開始,https://www.subaru.co.jp/press/news/2020_10_15_9084,○
2026-08-17T05:15:49,スバル,page,,PDF/368 KB,https://www.subaru.co.jp/press/file/uploads/news/2020_1015_1_z-9t7xz8nT.pdf,
2026-08-17T05:15:49,スバル,page,,SUBARU　「インプレッサ」一部改良モデルを発表,https://www.subaru.co.jp/press/news/2020_10_08_9060,○
2026-08-17T05:15:49,スバル,page,,PDF/424 KB,https://www.subaru.co.jp/press/file/uploads/news/20201008_1_Cst4h5-_u.pdf,
2026-08-17T05:15:49,スバル,page,,SUBARU　「ジャスティ」一部改良モデルを発売,https://www.subaru.co.jp/press/news/2020_09_24_9025,○
2026-08-17T05:15:49,スバル,page,,PDF/356 KB,https://www.subaru.co.jp/press/file/uploads/news/2020_0924_1_h-6DXL_fg2.pdf,
2026-08-17T05:15:49,スバル,page,,SUBARU　「インプレッサ」一部改良モデルの先行予約を開始,https://www.subaru.co.jp/press/news/2020_09_17_9015,○
2026-08-17T05:15:49,スバル,page,,PDF/252 KB,https://www.subaru.co.jp/press/file/uploads/news/2020_0917_1_A2gPPLRb_C-.pdf,
2026-08-17T05:15:49,スバル,page,,「SUBARU XV」大幅改良モデルを発表,https://www.subaru.co.jp/press/news/2020_09_04_9004,○
2026-08-17T05:15:49,スバル,page,,PDF/470 KB,https://www.subaru.co.jp/press/file/uploads/news/2020_0904_1_qN_q-Mny6q.pdf,
2026-08-17T05:15:49,スバル,page,,SUBARU　「サンバートラック」「サンバーバン」一部改良モデルを発売,https://www.subaru.co.jp/press/news/2020_09_03_8997,○
2026-08-17T05:15:49,スバル,page,,PDF/352 KB,https://www.subaru.co.jp/press/file/uploads/news/2020_0903_1_uBZ_p4LUF9o.pdf,
2026-08-17T05:15:49,スバル,page,,SUBARU　「ステラ」一部改良モデルを発売,https://www.subaru.co.jp/press/news/2020_08_27_8948,○
2026-08-17T05:15:49,スバル,page,,PDF/252 KB,https://www.subaru.co.jp/press/file/uploads/news/2020_0827_05_FT9zf_hC-K.pdf,
2026-08-17T05:15:49,スバル,page,,SUBARU　新型「レヴォーグ」先行予約を開始,https://www.subaru.co.jp/press/news/2020_08_20_8925,○
2026-08-17T05:15:49,スバル,page,,PDF/285 KB,https://www.subaru.co.jp/press/file/uploads/news/2020_0820_001_3_aXc-N2__a.pdf,
2026-08-17T05:15:49,スバル,page,,SUBARU 「レガシィ　アウトバック」を一部変更,https://www.subaru.co.jp/press/news/2020_08_06_8886,
2026-08-17T05:15:49,スバル,page,,PDF/310 KB,https://www.subaru.co.jp/press/file/uploads/news/2020_0806_1_87miCPM-Ax.pdf,
2026-08-17T05:15:49,スバル,page,,SUBARU 「WRX S4」を一部変更,https://www.subaru.co.jp/press/news/2020_07_06_8793,
2026-08-17T05:15:49,スバル,page,,PDF/405 KB,https://www.subaru.co.jp/press/file/uploads/news/2020_0706_1_ruLz-L_Ny_.pdf,
2026-08-17T05:15:49,スバル,page,,SUBARUの2020年モデルがIIHS安全性評価で9つの賞を獲得,https://www.subaru.co.jp/press/news/2020_02_20_8371,
2026-08-17T05:15:49,スバル,page,,PDF/359 KB,https://www.subaru.co.jp/press/file/uploads/news/2020_0220_1.pdf,
2026-08-17T05:15:49,スバル,page,,SUBARU フォレスターがユーロNCAPの2019年ベスト・イン・クラス賞を受賞,https://www.subaru.co.jp/press/news/2020_01_09_8162,
2026-08-17T05:15:49,スバル,page,,PDF/392 KB,https://www.subaru.co.jp/press/file/uploads/news/2020_0109_01.pdf,
2026-08-17T05:15:49,スバル,page,,SUBARU フォレスターがユーロNCAPの2019年安全性能テストで 最高評価「ファイブスター」を獲得,https://www.subaru.co.jp/press/news/2019_12_06_8100,
2026-08-17T05:15:49,スバル,page,,PDF/364 KB,https://www.subaru.co.jp/press/file/uploads/news/2019_1206_1.pdf,
2026-08-17T05:15:49,スバル,page,,SUBARU フォレスター特別仕様車「X-Edition」を発表,https://www.subaru.co.jp/press/news/2019_11_26_8061,○
2026-08-17T05:15:49,スバル,page,,PDF/504 KB,https://www.subaru.co.jp/press/file/uploads/news/2019_1126_001.pdf,
2026-08-17T05:15:49,スバル,page,,SUBARU レヴォーグ 特別仕様車「2.0GT EyeSight V-SPORT」を発表,https://www.subaru.co.jp/press/news/2019_11_07_7993,○
2026-08-17T05:15:49,スバル,page,,PDF/310 KB,https://www.subaru.co.jp/press/file/uploads/2019_1107_002.pdf,
2026-08-17T05:15:49,スバル,page,,SUBARU　「サンバーバン」「ディアスワゴン」一部改良モデルを発売,https://www.subaru.co.jp/press/news/2019_11_07_7954,○
2026-08-17T05:15:49,スバル,page,,PDF/318 KB,https://www.subaru.co.jp/press/file/uploads/news/2019_1107_1.pdf,
2026-08-17T05:15:49,スバル,page,,WRX STI 特別仕様車「EJ20 Final Edition」プロトタイプを公開,https://www.subaru.co.jp/press/news/2019_10_23_7915,○
2026-08-17T05:15:49,スバル,page,,PDF/484 KB,https://www.subaru.co.jp/press/file/uploads/news/2019_1023_2.pdf,
2026-08-17T05:15:49,スバル,page,,SUBARU　「サンバートラック」一部改良モデルを発売,https://www.subaru.co.jp/press/news/2019_10_17_7903,○
2026-08-17T05:15:49,スバル,page,,PDF/287 KB,https://www.subaru.co.jp/press/file/uploads/news/2019_1017_1.pdf,
2026-08-17T05:15:49,スバル,page,,スバルテクニカインターナショナル（STI） 「S209」仕様について,https://www.subaru.co.jp/press/news/2019_10_11_7823,
2026-08-17T05:15:49,スバル,page,,PDF/172 KB,https://www.subaru.co.jp/press/file/uploads/news/2019_1011_1.pdf,
2026-08-17T05:15:49,スバル,page,,SUBARU　「インプレッサ」大幅改良モデルを発表,https://www.subaru.co.jp/press/news/2019_10_10_7806,○
2026-08-17T05:15:49,スバル,page,,PDF/510 KB,https://www.subaru.co.jp/press/file/uploads/news/2019_1010_2.pdf,
2026-08-17T05:15:49,スバル,page,,「SUBARU XV」改良モデルを発表,https://www.subaru.co.jp/press/news/2019_10_10_7797,○
2026-08-17T05:15:49,スバル,page,,PDF/468 KB,https://www.subaru.co.jp/press/file/uploads/news/2019_1010_1.pdf,
2026-08-17T05:15:49,スバル,page,,SUBARU STI ギャラリーをリニューアルオープン,https://www.subaru.co.jp/press/news/2019_09_20_7685,
2026-08-17T05:15:49,スバル,page,,PDF/470 KB,https://www.subaru.co.jp/press/file/uploads/news/2019_0920.pdf,
2026-08-17T05:15:49,スバル,page,,SUBARU　「レガシィ　アウトバック／B4」一部改良モデルを発表,https://www.subaru.co.jp/press/news/2019_09_03_7643,○
2026-08-17T05:15:49,スバル,page,,PDF/425 KB,https://www.subaru.co.jp/press/file/uploads/news/2019_0903_1.pdf,
2026-08-17T05:15:49,スバル,page,,SUBARU 「インプレッサ」大幅改良モデル　専用サイトで事前情報を公開,https://www.subaru.co.jp/press/news/2019_08_27_7620,○
2026-08-17T05:15:49,スバル,page,,PDF/350 KB,https://www.subaru.co.jp/press/file/uploads/news/2019_0827_1.pdf,
2026-08-17T05:15:49,スバル,page,,SUBARU 新型「レガシィ」・「アウトバック」の米国生産を開始,https://www.subaru.co.jp/press/news/2019_07_30_7538,○
2026-08-17T05:15:49,スバル,page,,PDF/608 KB,https://www.subaru.co.jp/press/file/uploads/news/2019_0730_1.pdf,
2026-08-17T05:15:49,スバル,page,,SUBARU　新型「シフォン」を発表,https://www.subaru.co.jp/press/news/2019_07_16_7510,○
2026-08-17T05:15:49,スバル,page,,PDF/273 KB,https://www.subaru.co.jp/press/file/uploads/news/2019_0716_4.pdf,
2026-08-17T05:15:49,スバル,page,,SUBARU　「フォレスター」一部改良モデルを発表,https://www.subaru.co.jp/press/news/2019_06_10_7347,○
2026-08-17T05:15:49,スバル,page,,PDF/513 KB,https://www.subaru.co.jp/press/file/uploads/news/2019_0610_1.pdf,
2026-08-17T05:15:49,スバル,page,,SUBARU 「フォレスター」が、 2018年度JNCAP衝突安全性能評価で最高得点を獲得、「大賞」を受賞,https://www.subaru.co.jp/press/news/2019_05_30_7303,
2026-08-17T05:15:49,スバル,page,,PDF/817 KB,https://www.subaru.co.jp/press/file/uploads/news/2019_0530_3.pdf,
2026-08-17T05:15:49,スバル,page,,SUBARU 「インプレッサ」「SUBARU XV」が、 2018年度JNCAP予防安全性能評価で最高ランクのASV+++を獲得,https://www.subaru.co.jp/press/news/2019_05_30_7290,
2026-08-17T05:15:49,スバル,page,,PDF/491 KB,https://www.subaru.co.jp/press/file/uploads/news/2019_0530_2.pdf,
2026-08-17T05:15:49,スバル,page,,SUBARU 「WRX S4/STI」改良モデルを発表,https://www.subaru.co.jp/press/news/2019_05_14_7217,○
2026-08-17T05:15:49,スバル,page,,PDF/217 KB,https://www.subaru.co.jp/press/file/uploads/news/2019_0514_4.pdf,
2026-08-17T05:15:49,スバル,page,,SUBARU「レヴォーグ」改良モデルを発表,https://www.subaru.co.jp/press/news/2019_05_07_7176,○
2026-08-17T05:15:49,スバル,page,,PDF/757 KB,https://www.subaru.co.jp/press/file/uploads/news/2019_0507_00001.pdf,
2026-08-17T05:15:49,スバル,page,,SUBARU 新型「アウトバック」を世界初公開,https://www.subaru.co.jp/press/news/2019_04_18_7137,○
2026-08-17T05:15:49,スバル,page,,PDF/1 MB,https://www.subaru.co.jp/press/file/uploads/news/2019_0418_1.pdf,
2026-08-17T05:15:49,スバル,page,,「SUBARU BRZ」改良モデルを発表,https://www.subaru.co.jp/press/news/2019_04_09_7079,○
2026-08-17T05:15:49,スバル,page,,PDF/272 KB,https://www.subaru.co.jp/press/file/uploads/news/2019_0409_1.pdf,
2026-08-17T05:15:49,スバル,page,,救急自動通報システム「D-Call Net®」、新たにSUBARU、日産、 マツダにも搭載。D-Call Net®への対応は9団体に拡大,https://www.subaru.co.jp/press/news/2019_03_28_7014,
2026-08-17T05:15:49,スバル,page,,PDF/4 MB,https://www.subaru.co.jp/press/file/uploads/news/2019_0328_01.pdf,
2026-08-17T05:15:49,スバル,page,,スバルテクニカインターナショナル（STI） Sシリーズ初の米国市場向けモデル「S209」を発表,https://www.subaru.co.jp/press/news/2019_01_15_6736,
2026-08-17T05:15:49,スバル,page,,PDF/468 KB,https://www.subaru.co.jp/press/file/uploads/news/2019_0115_1011.pdf,
2026-08-17T05:15:49,スバル,page,,スバルテクニカインターナショナル 「S209」を2019年北米国際自動車ショーに出展,https://www.subaru.co.jp/press/news/2018_12_27_6718,
2026-08-17T05:15:49,スバル,page,,PDF/309 KB,https://www.subaru.co.jp/press/file/uploads/news/2018_1227_2.pdf,
2026-08-17T05:15:49,スバル,page,,SUBARU STIギャラリーをリニューアル,https://www.subaru.co.jp/press/news/2018_12_27_6707,
2026-08-17T05:15:49,スバル,page,,PDF/382 KB,https://www.subaru.co.jp/press/file/uploads/news/2018_1227_01.pdf,
2026-08-17T05:15:49,スバル,page,,SUBARU 東京オートサロン2019 出展概要,https://www.subaru.co.jp/press/news/2018_12_25_6683,
2026-08-17T05:15:49,スバル,page,,PDF/405 KB,https://www.subaru.co.jp/press/file/uploads/news/2018_1225_001.pdf,
2026-08-17T05:15:49,スバル,page,,SUBARU 米国仕様車7車種がIIHSの2019年安全評価で 「トップセイフティピックプラス（TSP+）」を獲得,https://www.subaru.co.jp/press/news/2018_12_20_6673,
2026-08-17T05:15:49,スバル,page,,PDF/662 KB,https://www.subaru.co.jp/press/file/uploads/news/2018_1220_1.pdf,
2026-08-17T05:15:49,スバル,page,,SUBARU 「サンバーバン」を一部改良し発売,https://www.subaru.co.jp/press/news/2018_12_17_6660,○
2026-08-17T05:15:49,スバル,page,,PDF/356 KB,https://www.subaru.co.jp/press/file/uploads/news/2018_1217_01.pdf,
2026-08-17T05:15:49,スバル,page,,SUBARU シフォン特別仕様車「G Special Sport スマートアシスト」を発売,https://www.subaru.co.jp/press/news/2018_12_10_6623,○
2026-08-17T05:15:49,スバル,page,,PDF/420 KB,https://www.subaru.co.jp/press/file/uploads/news/2018_1210_01.pdf,
2026-08-17T05:15:49,スバル,page,,SUBARU　新型フォレスターがJNCAP予防安全性能アセスメントで 最高ランク（ASV+++）を獲得,https://www.subaru.co.jp/press/news/2018_11_29_6581,○
2026-08-17T05:15:49,スバル,page,,PDF/266 KB,https://www.subaru.co.jp/press/file/uploads/news/2018_1129_02.pdf,
2026-08-17T05:15:49,スバル,page,,SUBARU　レヴォーグ特別仕様車「1.6GT EyeSight V-SPORT」を発表,https://www.subaru.co.jp/press/news/2018_11_27_6561,○
2026-08-17T05:15:49,スバル,page,,PDF/463 KB,https://www.subaru.co.jp/press/file/uploads/news/2018_1127_02.pdf,
2026-08-17T05:15:49,スバル,page,,SUBARU　「CROSSTREK HYBRID（クロストレック ハイブリッド）」を米国で発表,https://www.subaru.co.jp/press/news/2018_11_20_6532,
2026-08-17T05:15:49,スバル,page,,PDF/596 KB,https://www.subaru.co.jp/press/file/uploads/news/2018_1120_1.pdf,
2026-08-17T05:15:49,スバル,page,,SUBARU 「ジャスティ」「ジャスティカスタム」改良モデルを発売,https://www.subaru.co.jp/press/news/2018_11_08_6515,○
2026-08-17T05:15:49,スバル,page,,PDF/409 KB,https://www.subaru.co.jp/press/file/uploads/news/2018_1108_01.pdf,
2026-08-17T05:15:49,スバル,page,,SUBARU 新型「フォレスター」が2018年度グッドデザイン賞を受賞,https://www.subaru.co.jp/press/news/2018_10_15_6401,○
2026-08-17T05:15:49,スバル,page,,PDF/355 KB,https://www.subaru.co.jp/press/file/uploads/news/2018_1015_1.pdf,
2026-08-17T05:15:49,スバル,page,,「SUBARU XV」改良モデルを発表,https://www.subaru.co.jp/press/news/2018_10_11_6378,○
2026-08-17T05:15:49,スバル,page,,PDF/492 KB,https://www.subaru.co.jp/press/file/uploads/news/2018_1011_02.pdf,
2026-08-17T05:15:49,スバル,page,,「インプレッサ」改良モデルを発表,https://www.subaru.co.jp/press/news/2018_10_11_6377,○
2026-08-17T05:15:49,スバル,page,,PDF/668 KB,https://www.subaru.co.jp/press/file/uploads/news/2018_1011_01.pdf,
2026-08-17T05:15:49,スバル,page,,SUBARU 「第31回国際電気自動車シンポジウム・展示会」に出展,https://www.subaru.co.jp/press/news/2018_09_21_6287,
2026-08-17T05:15:49,スバル,page,,PDF/360 KB,https://www.subaru.co.jp/press/file/uploads/news/2018_0921_002.pdf,
2026-08-17T05:15:49,スバル,page,,新型「フォレスター」の受注が好調,https://www.subaru.co.jp/press/news/2018_09_14_6250,○
2026-08-17T05:15:49,スバル,page,,PDF/454 KB,https://www.subaru.co.jp/press/file/uploads/news/2018_0914_01.pdf,
2026-08-17T05:15:49,スバル,page,,「SUBARU XV」 e-BOXER搭載モデルを公開,https://www.subaru.co.jp/press/news/2018_09_11_6225,
2026-08-17T05:15:49,スバル,page,,PDF/416 KB,https://www.subaru.co.jp/press/file/uploads/news/2018_0911_2.pdf,
2026-08-17T05:15:49,スバル,page,,「SUBARU BRZ」改良モデルを発表,https://www.subaru.co.jp/press/news/2018_09_11_6224,○
2026-08-17T05:15:49,スバル,page,,PDF/846 KB,https://www.subaru.co.jp/press/file/uploads/news/2018_0911_01.pdf,
2026-08-17T05:15:49,スバル,page,,SUBARU　「レガシィ　アウトバック／B4」改良モデルを発表,https://www.subaru.co.jp/press/news/2018_09_10_6216,○
2026-08-17T05:15:49,スバル,page,,PDF/920 KB,https://www.subaru.co.jp/press/file/uploads/news/2018_0910_1.pdf,
2026-08-17T05:15:49,スバル,page,,SUBARU 「WRX S4 STI Sport」を発表,https://www.subaru.co.jp/press/news/2018_09_03_6205,
2026-08-17T05:15:49,スバル,page,,PDF/791 KB,https://www.subaru.co.jp/press/file/uploads/news/2018_0903_01.pdf,
2026-08-17T05:15:49,スバル,page,,SUBARU　WRX STI 特別仕様車 「TYPE RA-R」を500台限定発売,https://www.subaru.co.jp/press/news/2018_07_19_6099,○
2026-08-17T05:15:49,スバル,page,,PDF/531 KB,https://www.subaru.co.jp/press/file/uploads/news/2018_0719_2.pdf,
2026-08-17T05:15:49,スバル,page,,新型「フォレスター」を発表,https://www.subaru.co.jp/press/news/2018_06_20_5987,○
2026-08-17T05:15:49,スバル,page,,PDF/413 KB,https://www.subaru.co.jp/press/file/uploads/news/2018_0620_2.pdf,
2026-08-17T05:15:49,スバル,page,,新型「フォレスター」 TVCM放送開始,https://www.subaru.co.jp/press/news/2018_06_20_5981,○
2026-08-17T05:15:49,スバル,page,,PDF/635 KB,https://www.subaru.co.jp/press/file/uploads/news/2018_0620_1.pdf,
2026-08-17T05:15:49,スバル,page,,歩行者保護エアバッグシステムが第68回自動車技術会賞「技術開発賞」を受賞,https://www.subaru.co.jp/press/news/2018_05_30_5886,
2026-08-17T05:15:49,スバル,page,,PDF/183 KB,https://www.subaru.co.jp/press/file/uploads/news/2018_0530_3.pdf,
2026-08-17T05:15:49,スバル,page,,新型「フォレスター」 先行予約を開始,https://www.subaru.co.jp/press/news/2018_05_18_5842,○
2026-08-17T05:15:49,スバル,page,,PDF/309 KB,https://www.subaru.co.jp/press/file/uploads/news/2018_0518_0002.pdf,
2026-08-17T05:15:49,スバル,page,,新型フォレスターを恵比寿ショールームで先行展示,https://www.subaru.co.jp/press/news/2018_05_18_5851,○
2026-08-17T05:15:49,スバル,page,,PDF/293 KB,https://www.subaru.co.jp/press/file/uploads/news/2018_0518_01.pdf,
2026-08-17T05:15:49,スバル,page,,「サンバートラック」改良モデルを発売,https://www.subaru.co.jp/press/news/2018_05_14_5824,○
2026-08-17T05:15:49,スバル,page,,PDF/238 KB,https://www.subaru.co.jp/press/file/uploads/news/2018_0514_01.pdf,
2026-08-17T05:15:49,スバル,page,,SUBARU 新型3列SUV「ASCENT（アセント）」の米国生産を開始,https://www.subaru.co.jp/press/news/2018_05_08_5758,○
2026-08-17T05:15:49,スバル,page,,PDF/882 KB,https://www.subaru.co.jp/press/file/uploads/news/2018_0508_1.pdf,
2026-08-17T05:15:49,スバル,page,,「レヴォーグ」改良モデルを発表,https://www.subaru.co.jp/press/news/2018_04_27_5691,○
2026-08-17T05:15:49,スバル,page,,PDF/224 KB,https://www.subaru.co.jp/press/file/uploads/news/2018_0427_99.pdf,
2026-08-17T05:15:49,スバル,page,,「WRX STI/S4」改良モデルを発表,https://www.subaru.co.jp/press/news/2018_04_27_5690,○
2026-08-17T05:15:49,スバル,page,,PDF/433 KB,https://www.subaru.co.jp/press/file/uploads/news/2018_0427_1.pdf,
2026-08-17T05:15:49,スバル,page,,インプレッサSPORT/G4 特別仕様車「1.6i-L EyeSight S-style」発表,https://www.subaru.co.jp/press/news/2018_02_26_5415,○
2026-08-17T05:15:49,スバル,page,,PDF/295 KB,https://www.subaru.co.jp/press/file/uploads/news/2018_0209_001.pdf,
2026-08-17T05:15:49,スバル,page,,第6回技術経営・イノベーション賞において、 「運転支援システム　アイサイト」が科学技術と経済の会会長賞を受賞,https://www.subaru.co.jp/press/news/2018_02_13_5455,
2026-08-17T05:15:49,スバル,page,,PDF/153 KB,https://www.subaru.co.jp/press/file/uploads/news/2018_0213_1.pdf,
2026-08-17T05:15:49,スバル,page,,SUBARU XV、インプレッサが2017年ユーロNCAPにおいて ベスト・イン・クラス・セーフティ賞を受賞,https://www.subaru.co.jp/press/news/2018_01_12_5306,
2026-08-17T05:15:49,スバル,page,,PDF/139 KB,https://www.subaru.co.jp/press/file/uploads/news/2018_0112_01.pdf,
2026-08-17T05:15:49,スバル,page,,東京オートサロン2018　出展概要,https://www.subaru.co.jp/press/news/2018_01_10_5288,
2026-08-17T05:15:49,スバル,page,,PDF/256 KB,https://www.subaru.co.jp/press/file/uploads/news/2018_0110_0001.pdf,
2026-08-17T05:15:49,スバル,page,,「シフォン」「シフォンカスタム」改良モデルを発売,https://www.subaru.co.jp/press/news/2017_12_18_5218,○
2026-08-17T05:15:49,スバル,page,,PDF/299 KB,https://www.subaru.co.jp/press/file/uploads/news/2017_1218_001.pdf,
2026-08-17T05:15:49,スバル,page,,SUBARU 6車種が米国IIHSの2018年安全評価で 「トップセイフティピック（TSP）」を獲得,https://www.subaru.co.jp/press/news/2017_12_08_5147,
2026-08-17T05:15:49,スバル,page,,PDF/112 KB,https://www.subaru.co.jp/press/file/uploads/news/2017_1208_1.pdf,
2026-08-17T05:15:49,スバル,page,,「インプレッサ」「SUBARU XV」が欧州の2017年安全性能総合評価で 最高評価「ファイブスター」を獲得,https://www.subaru.co.jp/press/news/2017_11_29_5115,
2026-08-17T05:15:49,スバル,page,,PDF/144 KB,https://www.subaru.co.jp/press/file/uploads/news/2017_1129_03.pdf,
2026-08-17T05:15:49,スバル,page,,SUBARU 北米市場専用新型3列SUV「ASCENT（アセント）」を世界初公開,https://www.subaru.co.jp/press/news/2017_11_29_5102,○
2026-08-17T05:15:49,スバル,page,,PDF/362 KB,https://www.subaru.co.jp/press/file/uploads/news/2017_1129_2.pdf,
2026-08-17T05:15:49,スバル,page,,「サンバーバン」「ディアスワゴン」改良モデルを発売,https://www.subaru.co.jp/press/news/2017_11_13_5062,○
2026-08-17T05:15:49,スバル,page,,PDF/348 KB,https://www.subaru.co.jp/press/file/uploads/news/2017_1113_001.pdf,
2026-08-17T05:15:49,スバル,page,,WRX STI 特別仕様車 「S208」を450台限定発売,https://www.subaru.co.jp/press/news/2017_10_25_4932,○
2026-08-17T05:15:49,スバル,page,,PDF/658 KB,https://www.subaru.co.jp/press/file/uploads/news/2017_1025_2.pdf,
2026-08-17T05:15:49,スバル,page,,SUBARU BRZに最上級グレード「STI Sport」を設定,https://www.subaru.co.jp/press/news/2017_10_25_4915,
2026-08-17T05:15:49,スバル,page,,PDF/716 KB,https://www.subaru.co.jp/press/file/uploads/news/2017_1025_1.pdf,
2026-08-17T05:15:49,スバル,page,,北海道・美深試験場の「高度運転支援技術テストコース」完成,https://www.subaru.co.jp/press/news/2017_10_23_4888,
2026-08-17T05:15:49,スバル,page,,PDF/298 KB,https://www.subaru.co.jp/press/file/uploads/news/2017_1023_2-3.pdf,
2026-08-17T05:15:49,スバル,page,,2018年型 SUBARU XV、WRXが米国IIHSの2017年安全評価で 最高評価「トップセイフティピック（TSP）＋」を獲得 ～　アイサイトを装着したSUBARU全車がTSP+を獲得　～,https://www.subaru.co.jp/press/news/2017_10_06_4827,
2026-08-17T05:15:49,スバル,page,,PDF/131 KB,https://www.subaru.co.jp/press/file/uploads/news/2017_1006_1.pdf,
2026-08-17T05:15:49,スバル,page,,「インプレッサ」改良モデルを発表,https://www.subaru.co.jp/press/news/2017_09_11_4711,○
2026-08-17T05:15:49,スバル,page,,PDF/325 KB,https://www.subaru.co.jp/press/file/uploads/news/2017_0911_2.pdf,
2026-08-17T05:15:49,スバル,page,,「SUBARU BRZ」改良モデルを発表,https://www.subaru.co.jp/press/news/2017_09_11_4703,○
2026-08-17T05:15:49,スバル,page,,PDF/338 KB,https://www.subaru.co.jp/press/file/uploads/news/2017_0911_01.pdf,
2026-08-17T05:15:49,スバル,page,,「レガシィ　アウトバック／B4」大幅改良モデルを発表,https://www.subaru.co.jp/press/news/2017_09_04_4680,○
2026-08-17T05:15:49,スバル,page,,PDF/314 KB,https://www.subaru.co.jp/press/file/uploads/news/2017_0904_01.pdf,
2026-08-17T05:15:49,スバル,page,,新型「レヴォーグ」・「WRX S4」の受注状況について,https://www.subaru.co.jp/press/news/2017_08_07_4588,○
2026-08-17T05:15:49,スバル,page,,PDF/226 KB,https://www.subaru.co.jp/press/file/uploads/news/2017_0807_1.pdf,
2026-08-17T05:15:49,スバル,page,,「ステラ」「ステラカスタム」大幅改良モデルを発売,https://www.subaru.co.jp/press/news/2017_08_01_4543,○
2026-08-17T05:15:49,スバル,page,,PDF/361 KB,https://www.subaru.co.jp/press/file/uploads/news/2017_0801_01.pdf,
2026-08-17T05:15:49,スバル,page,,特別仕様車　フォレスター「Smart Edition」を発表,https://www.subaru.co.jp/press/news/2017_07_25_4517,○
2026-08-17T05:15:49,スバル,page,,PDF/354 KB,https://www.subaru.co.jp/press/file/uploads/news/2017_0725_1.pdf,
2026-08-17T05:15:49,スバル,page,,「レヴォーグ」大幅改良モデルを発表,https://www.subaru.co.jp/press/news/2017_07_03_4414,○
2026-08-17T05:15:49,スバル,page,,PDF/348 KB,https://www.subaru.co.jp/press/file/uploads/news/2017_0703_02.pdf,
2026-08-17T05:15:49,スバル,page,,「WRX S4」大幅改良モデルを発表,https://www.subaru.co.jp/press/news/2017_07_03_4413,○
2026-08-17T05:15:49,スバル,page,,PDF/338 KB,https://www.subaru.co.jp/press/file/uploads/news/2017_0703_1.pdf,
2026-08-17T05:15:49,スバル,page,,新型「SUBARU XV」の受注状況について,https://www.subaru.co.jp/press/news/2017_06_29_4403,○
2026-08-17T05:15:49,スバル,page,,PDF/121 KB,https://www.subaru.co.jp/press/file/uploads/news/2017_0629_j.pdf,
2026-08-17T05:15:49,スバル,page,,SUBARU 「アイサイト」を大幅進化、新機能「ツーリングアシスト」を搭載,https://www.subaru.co.jp/press/news/2017_06_19_4301,
2026-08-17T05:15:49,スバル,page,,PDF/340 KB,https://www.subaru.co.jp/press/file/uploads/news/2017_0619_5.pdf.pdf,
2026-08-17T05:15:49,スバル,page,,SUBARU 北海道・美深試験場に高度運転支援技術テストコースを新設,https://www.subaru.co.jp/press/news/2017_06_19_4288,
2026-08-17T05:15:49,スバル,page,,PDF/161 KB,https://www.subaru.co.jp/press/file/uploads/news/2017_0619_1.pdf,
2026-08-17T05:15:49,スバル,page,,SUBARU 米国市場向けSTIハイパフォーマンスカー二車種を発表,https://www.subaru.co.jp/press/news/2017_06_09_4261,
2026-08-17T05:15:49,スバル,page,,PDF/131 KB,https://www.subaru.co.jp/press/file/uploads/news/2017_0609_001.pdf,
2026-08-17T05:15:49,スバル,page,,新型「レヴォーグ」「WRX S4」を本年夏に発表  ～進化したアイサイトを搭載し運転負荷を大幅に軽減～,https://www.subaru.co.jp/press/news/2017_06_05_4245,○
2026-08-17T05:15:49,スバル,page,,PDF/235 KB,https://www.subaru.co.jp/press/file/uploads/news/2017_0605_01.pdf,
2026-08-17T05:15:49,スバル,page,,「WRX STI」大幅改良モデルを発表,https://www.subaru.co.jp/press/news/2017_05_24_4173,○
2026-08-17T05:15:49,スバル,page,,PDF/245 KB,https://www.subaru.co.jp/press/file/uploads/2017_0524_2.pdf,
2026-08-17T05:15:49,スバル,page,,SUBARU　新型「プレオ プラス」を発売,https://www.subaru.co.jp/press/news/2017_05_09_4065,○
2026-08-17T05:15:49,スバル,page,,PDF/341 KB,https://www.subaru.co.jp/press/file/uploads/news/2017_0509_1.pdf,
2026-08-17T05:15:49,スバル,page,,SUBARU インプレッサが米国Wards社の「10ベストインテリア」賞を受賞,https://www.subaru.co.jp/press/news/2017_04_19_4007,
2026-08-17T05:15:49,スバル,page,,PDF/107 KB,https://www.subaru.co.jp/press/file/uploads/news/2017_0419_1.pdf,
2026-08-17T05:15:49,スバル,page,,新型「SUBARU XV」を発表 ～2016年度自動車アセスメント「衝突安全性能評価大賞」を受賞～,https://www.subaru.co.jp/press/news/2017_04_06_3925,○
2026-08-17T05:15:49,スバル,page,,PDF/201 KB,https://www.subaru.co.jp/press/file/uploads/news/2017_0406_2.pdf,
2026-08-17T05:15:49,スバル,page,,「インプレッサSPORT/G4」・「SUBARU XV」が 2016年度自動車アセスメント「衝突安全性能評価大賞」を受賞 ～衝突安全性能評価で過去最高の得点を獲得～,https://www.subaru.co.jp/press/news/2017_04_06_3920,
2026-08-17T05:15:49,スバル,page,,PDF/170 KB,https://www.subaru.co.jp/press/file/uploads/news/2017_0406_1.pdf,
2026-08-17T05:15:49,スバル,page,,スバル　運転支援システム「アイサイト」搭載モデルが 国内累計販売台数50万台を達成,https://www.subaru.co.jp/press/news/2017_03_16_3798,
2026-08-17T05:15:49,スバル,page,,PDF/184 KB,https://www.subaru.co.jp/press/file/uploads/news/2017_0316_1.pdf,
2026-08-17T05:15:49,スバル,page,,スバル　フォレスター　改良モデルを発表,https://www.subaru.co.jp/press/news/2017_03_13_3786,○
2026-08-17T05:15:49,スバル,page,,PDF/199 KB,https://www.subaru.co.jp/press/file/uploads/news/2017_0313_2.pdf,
2026-08-17T05:15:49,スバル,page,,スバル　CROSSOVER7　改良モデルを発表,https://www.subaru.co.jp/press/news/2017_03_13_3778,○
2026-08-17T05:15:49,スバル,page,,PDF/169 KB,https://www.subaru.co.jp/press/file/uploads/2017_0313_3.pdf,
2026-08-17T05:15:49,スバル,page,,スバル 新型「SUBARU XV」 先行予約を開始,https://www.subaru.co.jp/press/news/2017_03_08_3771,○
2026-08-17T05:15:49,スバル,page,,PDF/199 KB,https://www.subaru.co.jp/press/file/uploads/news/2017_0308_01.pdf,
2026-08-17T05:15:49,スバル,page,,スバル 2017年型インプレッサが米国IIHSの2017年安全評価で 最高評価「トップセイフティピック（TSP）＋」を獲得,https://www.subaru.co.jp/press/news/2017_02_22_3692,
2026-08-17T05:15:49,スバル,page,,PDF/109 KB,https://www.subaru.co.jp/press/file/uploads/news/2017_0222_1.pdf,
2026-08-17T05:15:49,スバル,page,,富士重工業 タイでのCKD生産開始に向けた合弁会社設立へ,https://www.subaru.co.jp/press/news/2017_01_17_3524,
2026-08-17T05:15:49,スバル,page,,PDF/123 KB,https://www.subaru.co.jp/press/file/uploads/news/2017_0117_1.pdf,
2026-08-17T05:15:49,スバル,page,,スバル 2018年型「WRX / WRX STI」を北米国際自動車ショーに出展,https://www.subaru.co.jp/press/news/2017_01_06_3494,
2026-08-17T05:15:49,スバル,page,,PDF/158 KB,https://www.subaru.co.jp/press/file/uploads/news/2017_0106_1.pdf,
2026-08-17T05:15:49,スバル,page,,スバル　東京オートサロン2017　出展概要,https://www.subaru.co.jp/press/news/2016_12_26_3427,
2026-08-17T05:15:49,スバル,page,,PDF/460 KB,https://www.subaru.co.jp/press/file/uploads/news/2016_1226_1.pdf,
2026-08-17T05:15:49,スバル,page,,スバル　先進運転支援システム「アイサイト」搭載モデルが 世界累計販売台数100万台を達成,https://www.subaru.co.jp/press/news/2016_12_14_3386,
2026-08-17T05:15:49,スバル,page,,PDF/267 KB,https://www.subaru.co.jp/press/file/uploads/news/20161214_2.pdf,
2026-08-17T05:15:49,スバル,page,,スバル 基準が強化された米国IIHSの2017年安全評価で 「トップセイフティピック（TSP）＋」を獲得,https://www.subaru.co.jp/press/news/2016_12_14_3385,
2026-08-17T05:15:49,スバル,page,,PDF/174 KB,https://www.subaru.co.jp/press/file/uploads/news/20161214_1.pdf,
2026-08-17T05:15:49,スバル,page,,スバル 新型「シフォン」を発売 ～衝突回避支援システム「スマートアシストⅢ」を全車標準装備～,https://www.subaru.co.jp/press/news/2016_12_13_3372,○
2026-08-17T05:15:49,スバル,page,,PDF/374 KB,https://www.subaru.co.jp/press/file/uploads/news/2016_1213_1.pdf,
2026-08-17T05:15:49,スバル,page,,スバル 新型インプレッサSPORT/G4が「2016–2017日本カー・オブ・ザ・イヤー」を受賞 ～ 2003年 レガシィ以来 13年ぶり2度目の受賞 ～,https://www.subaru.co.jp/press/news/2016_12_09_3359,○
2026-08-17T05:15:49,スバル,page,,PDF/416 KB,https://www.subaru.co.jp/press/file/uploads/news/2016_1209_1.pdf,
2026-08-17T05:15:49,スバル,page,,スバル「アイサイト」を搭載する新型インプレッサ、レガシィ、フォレスター、レヴォーグ/WRX S4が 2016年度予防安全性能アセスメントで最高ランクを獲得,https://www.subaru.co.jp/press/news/2016_12_01_3315,○
2026-08-17T05:15:49,スバル,page,,PDF/319 KB,https://www.subaru.co.jp/press/file/uploads/news/2016_1201_2.pdf,
2026-08-17T05:15:49,スバル,page,,スバル　新型「インプレッサ」 1.6Lエンジン搭載グレードを発売 ～11月28日よりTVCM「愛で選ぶクルマ」クリスマス特別篇を放送開始～,https://www.subaru.co.jp/press/news/2016_11_28_3297,○
2026-08-17T05:15:49,スバル,page,,PDF/441 KB,https://www.subaru.co.jp/press/file/uploads/news/2016_1128_2.pdf,
2026-08-17T05:15:49,スバル,page,,スバル　新型「インプレッサ」の受注状況について,https://www.subaru.co.jp/press/news/2016_11_15_3206,○
2026-08-17T05:15:49,スバル,page,,PDF/163 KB,https://www.subaru.co.jp/press/file/uploads/news/2016_1115_1.pdf,
2026-08-17T05:15:49,スバル,page,,スバル 運転支援システム アイサイトを中国市場へ初展開,https://www.subaru.co.jp/press/news/2016_11_11_3183,
2026-08-17T05:15:49,スバル,page,,PDF/110 KB,https://www.subaru.co.jp/press/file/uploads/news/2016_1111_1.pdf,
2026-08-17T05:15:49,スバル,page,,スバル 新型「ジャスティ」を発表 ～衝突回避支援システム「スマートアシストⅡ」を全車標準装備～,https://www.subaru.co.jp/press/news/2016_11_09_3171,○
2026-08-17T05:15:49,スバル,page,,PDF/427 KB,https://www.subaru.co.jp/press/file/uploads/news/2016_1109_02.pdf,
2026-08-17T05:15:49,スバル,page,,スバル 米国でのインプレッサ生産を開始,https://www.subaru.co.jp/press/news/2016_11_02_3111,
2026-08-17T05:15:49,スバル,page,,PDF/252 KB,https://www.subaru.co.jp/press/file/uploads/news/2016_1102_4.pdf,
2026-08-17T05:15:49,スバル,page,,SUBARU BRZに「GT」を追加 ～走りのポテンシャルを高めた最上級グレード～,https://www.subaru.co.jp/press/news/2016_10_18_3061,
2026-08-17T05:15:49,スバル,page,,PDF/359 KB,https://www.subaru.co.jp/press/file/uploads/news/2016_1018_2.pdf,
2026-08-17T05:15:49,スバル,page,,"スバル 新型「インプレッサ」を発表 ～先行予約期間に約6,000台のご予約～",https://www.subaru.co.jp/press/news/2016_10_13_3045,○
2026-08-17T05:15:49,スバル,page,,PDF/139 KB,https://www.subaru.co.jp/press/file/uploads/news/2016_1013_3.pdf,
2026-08-17T05:15:49,スバル,page,,スバル　本社ショールーム『SUBARU STAR SQUARE』で福祉車両を初展示,https://www.subaru.co.jp/press/news/2016_10_11_3037,
2026-08-17T05:15:49,スバル,page,,PDF/463 KB,https://www.subaru.co.jp/press/file/uploads/news/2016_1011_111.pdf,
2026-08-17T05:15:49,スバル,page,,スバル　特別仕様車「WRX S4 tS」を期間限定発売,https://www.subaru.co.jp/press/news/2016_10_04_2981,○
2026-08-17T05:15:49,スバル,page,,PDF/370 KB,https://www.subaru.co.jp/press/file/uploads/news/2016_1004_11.pdf,
2026-08-17T05:15:49,スバル,page,,スバル　特別仕様車　フォレスター 「Style Modern」を発売 ～BOXERエンジン50周年特別記念車の第六弾～,https://www.subaru.co.jp/press/news/2016_10_03_2972,○
2026-08-17T05:15:49,スバル,page,,PDF/395 KB,https://www.subaru.co.jp/press/file/uploads/news/2016_1003_11.pdf,
2026-08-17T05:15:49,スバル,page,,スバル　特別仕様車　CROSSOVER 7 「Active Style」を発売 ～BOXERエンジン50周年特別記念車の第五弾～,https://www.subaru.co.jp/press/news/2016_10_03_2971,○
2026-08-17T05:15:49,スバル,page,,PDF/427 KB,https://www.subaru.co.jp/press/file/uploads/news/2016_1003_21.pdf,
2026-08-17T05:15:49,スバル,page,,スバル　特別仕様車　レヴォーグ 「1.6GT EyeSight Smart Edition」を発表 ～BOXERエンジン50周年特別記念車の第四弾～,https://www.subaru.co.jp/press/news/2016_10_03_2964,○
2026-08-17T05:15:49,スバル,page,,PDF/152 KB,https://www.subaru.co.jp/press/file/uploads/news/2016_1003_3lvg.pdf,
2026-08-17T05:15:49,スバル,page,,スバル 新型「インプレッサ」 TVCM放送開始 ～TVCM楽曲にDREAMS COME TRUEの「LOVE LOVE LOVE」を採用～,https://www.subaru.co.jp/press/news/2016_09_21_2902,○
2026-08-17T05:15:49,スバル,page,,PDF/288 KB,https://www.subaru.co.jp/press/file/uploads/news/2016_0921_11.pdf,
2026-08-17T05:15:49,スバル,page,,スバル　特別仕様車「SUBARU XV HYBRID tS」を発表 ～SUBARUトレイルジャム in Mt.FUJIにて特別展示～,https://www.subaru.co.jp/press/news/2016_09_20_2889,○
2026-08-17T05:15:49,スバル,page,,PDF/467 KB,https://www.subaru.co.jp/press/file/uploads/news/2016_0920_1.pdf,
2026-08-17T05:15:49,スバル,page,,スバル　レガシィ　アウトバック/B4 を改良,https://www.subaru.co.jp/press/news/2016_09_08_2845,○
2026-08-17T05:15:49,スバル,page,,PDF/857 KB,https://www.subaru.co.jp/press/file/uploads/news/2016_0907_031.pdf,
2026-08-17T05:15:49,スバル,page,,スバル　特別仕様車「LEGACY B4 SporVita」を300台限定発売 ～イタリアの老舗革製品サプライヤーMARIO LEVI社とのコラボレーション第二弾～,https://www.subaru.co.jp/press/news/2016_09_08_2853,○
2026-08-17T05:15:49,スバル,page,,PDF/812 KB,https://www.subaru.co.jp/press/file/uploads/news/2016_0907_02.pdf,
2026-08-17T05:15:49,スバル,page,,スバル　特別仕様車　「LEGACY OUTBACK X-ADVANCE」を発表 ～BOXERエンジン50周年特別記念車の第三弾～,https://www.subaru.co.jp/press/news/2016_09_08_2849,○
2026-08-17T05:15:49,スバル,page,,PDF/641 KB,https://www.subaru.co.jp/press/file/uploads/news/2016_0907_01.pdf,
2026-08-17T05:15:49,スバル,page,,スバル 新型「インプレッサ」 先行予約を開始 ～国産初の歩行者保護エアバッグと7つの乗員保護エアバッグを全車標準装備～,https://www.subaru.co.jp/press/news/2016_09_01_2835,○
2026-08-17T05:15:49,スバル,page,,PDF/501 KB,https://www.subaru.co.jp/press/file/uploads/news/2016_0901_3.pdf,
2026-08-17T05:15:49,スバル,page,,スバル　レヴォーグが欧州の2016年安全性能総合評価で 最高評価「ファイブスター」を獲得,https://www.subaru.co.jp/press/news/2016_08_31_2825,
2026-08-17T05:15:49,スバル,page,,PDF/136 KB,https://www.subaru.co.jp/press/file/uploads/news/2016_0831_1.pdf,
2026-08-17T05:15:49,スバル,page,,"スバル　レヴォーグ「STI Sport」の受注状況について ～ 発売1ヶ月で3,000台超え、レヴォーグ全体の4割を占める受注、好調なスタート ～",https://www.subaru.co.jp/press/news/2016_08_23_2800,○
2026-08-17T05:15:49,スバル,page,,PDF/254 KB,https://www.subaru.co.jp/press/file/uploads/news/2016_0823_2.pdf,
2026-08-17T05:15:49,スバル,page,,富士重工業 「スバル360-K111型」が日本機械学会2016年度「機械遺産」に認定,https://www.subaru.co.jp/press/news/2016_08_08_2748,
2026-08-17T05:15:49,スバル,page,,PDF/535 KB,https://www.subaru.co.jp/press/file/uploads/news/2016_0808_1.pdf,
2026-08-17T05:15:49,スバル,page,,スバル 米国生産累計台数300万台を達成,https://www.subaru.co.jp/press/news/2016_08_01_2686,
2026-08-17T05:15:49,スバル,page,,PDF/198 KB,https://www.subaru.co.jp/press/file/uploads/news/2016_0801_1.pdf,
2026-08-17T05:15:49,スバル,page,,スバル　特別仕様車「SUBARU XV HYBRID tS」先行予約を開始,https://www.subaru.co.jp/press/news/2016_07_28_2643,○
2026-08-17T05:15:49,スバル,page,,PDF/513 KB,https://www.subaru.co.jp/press/file/uploads/news/2016_0728_4.pdf,
2026-08-17T05:15:49,スバル,page,,スバル 新型「インプレッサ」（国内仕様車）を公開  ～　スバル初の歩行者保護エアバッグと、アイサイト(ver.3)を全車に標準装備 ～,https://www.subaru.co.jp/press/news/2016_07_26_2626,○
2026-08-17T05:15:49,スバル,page,,PDF/589 KB,https://www.subaru.co.jp/press/file/uploads/news/2016_0726_1.pdf,
2026-08-17T05:15:49,スバル,page,,スバル　特別仕様車　「フォレスター Brown Leather Selection」を発表,https://www.subaru.co.jp/press/news/2016_07_11_2595,○
2026-08-17T05:15:49,スバル,page,,PDF/215 KB,https://www.subaru.co.jp/press/file/uploads/news/2016_0711_11.pdf,
2026-08-17T05:15:49,スバル,page,,スバル 「SUBARU BRZ」の大幅改良モデルを発表 ～2016年秋に走りのポテンシャルを高めた最上級グレードを追加予定～,https://www.subaru.co.jp/press/news/2016_07_05_2584,○
2026-08-17T05:15:49,スバル,page,,PDF/495 KB,https://www.subaru.co.jp/press/file/uploads/news/2016_0705_01.pdf,
2026-08-17T05:15:49,スバル,page,,スバル　「レヴォーグ STI Sport」を発表 ～代官山T-SITEにて特別展示イベントを実施～,https://www.subaru.co.jp/press/news/2016_06_27_2525,
2026-08-17T05:15:49,スバル,page,,PDF/161 KB,https://www.subaru.co.jp/press/file/uploads/news/2016_0627_12.pdf,
2026-08-17T05:15:49,スバル,page,,スバル ステラを改良　～ステラカスタムに新グレード追加～,https://www.subaru.co.jp/press/news/2016_06_21_2513,○
2026-08-17T05:15:49,スバル,page,,PDF/130 KB,https://www.subaru.co.jp/press/file/uploads/news/2016_0621_01.pdf,
2026-08-17T05:15:49,スバル,page,,スバル　レヴォーグ 「STI Sport」の先行予約を開始,https://www.subaru.co.jp/press/news/2016_05_27_2442,
2026-08-17T05:15:49,スバル,page,,PDF/196 KB,https://www.subaru.co.jp/press/file/uploads/news/2016_0527_1.pdf,
2026-08-17T05:15:49,スバル,page,,スバル　特別仕様車　「SUBARU XV 2.0i EyeSight Proud Edition」を発表 ～BOXERエンジン50周年特別記念車の第一弾～,https://www.subaru.co.jp/press/news/2016_05_10_2271,○
2026-08-17T05:15:49,スバル,page,,PDF/253 KB,https://www.subaru.co.jp/press/file/uploads/news/2016_0510_02.pdf,
2026-08-17T05:15:49,スバル,page,,スバル　WRX S4／STIを改良,https://www.subaru.co.jp/press/news/2016_04_11_2174,○
2026-08-17T05:15:49,スバル,page,,PDF/191 KB,https://www.subaru.co.jp/press/file/uploads/news/2016_0411_02.pdf,
2026-08-17T05:15:49,スバル,page,,スバル　レヴォーグを改良 ～2016年夏にSTIブランドの新グレード追加予定～,https://www.subaru.co.jp/press/news/2016_04_11_2166,○
2026-08-17T05:15:49,スバル,page,,PDF/328 KB,https://www.subaru.co.jp/press/file/uploads/news/2016_0411_01_.pdf,
2026-08-17T05:15:49,スバル,page,,富士重工業　次世代プラットフォーム 「SUBARU GLOBAL PLATFORM（スバルグローバルプラットフォーム）」を初公開 ～スバル史上最高レベルの総合性能進化を実現～,https://www.subaru.co.jp/press/news/2016_03_07_2022,
2026-08-17T05:15:49,スバル,page,,PDF/323 KB,https://www.subaru.co.jp/press/file/uploads/news/2016_0307_011.pdf,
2026-08-17T05:15:49,スバル,page,,"富士重工業　AWD車の累計生産台数 1,500万台を達成 ～生産開始から44年目での達成～",https://www.subaru.co.jp/press/news/2016_03_02_1971,
2026-08-17T05:15:49,スバル,page,,PDF/98 KB,https://www.subaru.co.jp/press/file/uploads/news/2016_0302_02.pdf,
2026-08-17T05:15:49,スバル,page,,富士重工業 マレーシアでフォレスターのKD生産を開始,https://www.subaru.co.jp/press/news/2016_02_26_1931,
2026-08-17T05:15:49,スバル,page,,PDF/234 KB,https://www.subaru.co.jp/press/file/uploads/news/2016_0226_02.pdf,
2026-08-17T05:15:49,スバル,page,,スバル　アイサイト搭載車の事故件数調査結果について ～搭載車は非搭載車比、約6割減～,https://www.subaru.co.jp/press/news/2016_01_26_1794,
2026-08-17T05:15:49,スバル,page,,PDF/123 KB,https://www.subaru.co.jp/press/file/uploads/news/2016_0126_01_6.pdf,
2026-08-17T05:15:49,スバル,page,,スバル　アイサイトを搭載するフォレスターが 2015年度予防安全性能アセスメントで最高ランクのJNCAP「先進安全車プラス（ASV+）」を獲得,https://www.subaru.co.jp/press/news/2016_01_25_1783,
2026-08-17T05:15:49,スバル,page,,PDF/152 KB,https://www.subaru.co.jp/press/file/uploads/news/2016_0125_01.pdf,
2026-08-17T05:15:49,スバル,page,,富士重工業 2016年暦年 生産・販売計画について ～ 生産・販売とも初めての100万台超えを計画 ～,https://www.subaru.co.jp/press/news/2016_01_18_1734,
2026-08-17T05:15:49,スバル,page,,PDF/111 KB,https://www.subaru.co.jp/press/file/uploads/news/2016_0118_1.pdf,
2026-08-17T05:15:49,スバル,page,,スバルの米国、カナダ、豪州の2015年暦年販売が過去最高を達成 ～ 米国販売が7年連続で過去最高を更新 ～,https://www.subaru.co.jp/press/news/2016_01_12_1706,
2026-08-17T05:15:49,スバル,page,,PDF/111 KB,https://www.subaru.co.jp/press/file/uploads/news/2016_0112_1.pdf,
2026-08-17T05:15:49,スバル,page,,スバル　東京オートサロン2016　出展概要 ～日本初公開となる「STI Performance Concept」や「LEVORG STI CONCEPT」を出展～,https://www.subaru.co.jp/press/news/2015_12_24_1635,
2026-08-17T05:15:49,スバル,page,,PDF/209 KB,https://www.subaru.co.jp/press/file/uploads/news/2015_1224_03.pdf,
2026-08-17T05:15:49,スバル,page,,スバル　「アイサイト」を搭載するインプレッサ／SUBARU XVが 2015年度予防安全性能アセスメントで最高ランクのJNCAP「先進安全車プラス（ASV+）」を獲得,https://www.subaru.co.jp/press/news/2015_12_17_1614,
2026-08-17T05:15:49,スバル,page,,PDF/113 KB,https://www.subaru.co.jp/press/file/uploads/news/1217-Subaru-ASV-.pdf,
2026-08-17T05:15:49,スバル,page,,スバル　WRX搭載水平対向直噴ターボ“DIT”エンジンが 米国ワーズ社の「10ベストエンジン」賞を2年連続受賞,https://www.subaru.co.jp/press/news/2015_12_14_1598,
2026-08-17T05:15:49,スバル,page,,PDF/107 KB,https://www.subaru.co.jp/press/file/uploads/news/1214-Wards-10-best-engine-2.0DIT-jp.pdf,
2026-08-17T05:15:49,スバル,page,,スバル　米国IIHSの2016年安全評価で 「トップセイフティピック（TSP）＋」を6車種が獲得,https://www.subaru.co.jp/press/news/2015_12_10_1578,
2026-08-17T05:15:49,スバル,page,,PDF/103 KB,https://www.subaru.co.jp/press/file/uploads/news/2015_1210_04.pdf,
2026-08-17T05:15:49,スバル,page,,スバル　特別仕様車　「CROSSOVER 7　Modern Style」を発表 ～お洒落なインテリアにダークブラウン色の新たな仕様を追加～,https://www.subaru.co.jp/press/news/2015_12_10_1559,○
2026-08-17T05:15:49,スバル,page,,PDF/136 KB,https://www.subaru.co.jp/press/file/uploads/news/2015_1210_4.pdf,
2026-08-17T05:15:49,スバル,page,,スバル　特別仕様車　「レガシィ　アウトバック　Limited　Smart Edition」を発表,https://www.subaru.co.jp/press/news/2015_12_10_1567,○
2026-08-17T05:15:49,スバル,page,,PDF/136 KB,https://www.subaru.co.jp/press/file/uploads/news/2015_1210_5.pdf,
2026-08-17T05:15:49,スバル,page,,スバル　特別仕様車　「レヴォーグ　1.6GT EyeSight S-style」を発売,https://www.subaru.co.jp/press/news/2015_12_10_1566,○
2026-08-17T05:15:49,スバル,page,,PDF/150 KB,https://www.subaru.co.jp/press/file/uploads/news/2015_1210_6.pdf,
2026-08-17T05:15:49,スバル,page,,スバル フォレスター 大幅改良モデルを発売,https://www.subaru.co.jp/press/news/2015_10_28_1311,○
2026-08-17T05:15:49,スバル,page,,PDF/149 KB,https://www.subaru.co.jp/press/file/uploads/news/2015_1028-01.pdf,
2026-08-17T05:15:49,スバル,page,,スバルWRX STI 特別仕様車「 S207」を400台限定発売,https://www.subaru.co.jp/press/news/2015_10_28_1327,○
2026-08-17T05:15:49,スバル,page,,PDF/173 KB,https://www.subaru.co.jp/press/file/uploads/news/2015_1028-03.pdf,
2026-08-17T05:15:49,スバル,page,,スバル 特別仕様車 WRX S4 SporVitaを500台限定発売 ～イタリアの老舗皮革製品サプライヤー MARIO LEVI社とのコラボレーションモデル～,https://www.subaru.co.jp/press/news/2015_10_28_1364,○
2026-08-17T05:15:49,スバル,page,,PDF/145 KB,https://www.subaru.co.jp/press/file/uploads/news/2015_1028-04.pdf,
2026-08-17T05:15:49,スバル,page,,SUBARU XV／SUBARU XV HYBRID 大幅改良モデルを発売,https://www.subaru.co.jp/press/news/2015_10_28_1319,○
2026-08-17T05:15:49,スバル,page,,PDF/168 KB,https://www.subaru.co.jp/press/file/uploads/news/2015_1028-02.pdf,
2026-08-17T05:15:49,スバル,page,,スバル　フォレスター　大幅改良モデルを公開 ～アイサイト（ver.3）や新開発ヘッドランプ機能など、先進安全装備を採用～,https://www.subaru.co.jp/press/news/2015_10_06_1165,○
2026-08-17T05:15:49,スバル,page,,PDF/223 KB,https://www.subaru.co.jp/press/file/uploads/news/2015_1006_01.pdf,
2026-08-17T05:15:49,スバル,page,,SUBARU XV / SUBARU XV HYBRID　大幅改良モデルを公開 ～先進安全装備「アドバンスドセイフティパッケージ」を採用～,https://www.subaru.co.jp/press/news/2015_10_06_1172,○
2026-08-17T05:15:49,スバル,page,,PDF/202 KB,https://www.subaru.co.jp/press/file/uploads/news/2015_1006_021.pdf,
2026-08-17T05:15:49,スバル,page,,スバル　インプレッサ　SPORT／G4を改良 ～1.6Lモデルにアイサイト（ver.3）を設定～,https://www.subaru.co.jp/press/news/2015_10_06_1176,○
2026-08-17T05:15:49,スバル,page,,PDF/176 KB,https://www.subaru.co.jp/press/file/uploads/news/2015_1006_03.pdf,
2026-08-17T05:15:49,スバル,page,,スバル　2016年型WRXが米国IIHSの2015年安全評価で 最高評価「トップセイフティピック（TSP）＋」を獲得,https://www.subaru.co.jp/press/news/2015_09_14_1061,
2026-08-17T05:15:49,スバル,page,,PDF/333 KB,https://www.subaru.co.jp/press/file/uploads/news/2015_0914_02.pdf,
2026-08-17T05:15:49,スバル,page,,スバル　レガシィ　アウトバック／B4を改良 ～アドバンスドセイフティパッケージを標準装備～,https://www.subaru.co.jp/press/news/2015_09_10_1014,○
2026-08-17T05:15:49,スバル,page,,PDF/582 KB,https://www.subaru.co.jp/press/file/uploads/news/2015_0910_01.pdf,
2026-08-17T05:15:49,スバル,page,,スバル「アイサイト」を搭載するレヴォーグ／WRX S4／レガシィが 2015年度予防安全性能アセスメントで 最高ランクのJNCAP「先進安全車プラス（ASV+）」を獲得,https://www.subaru.co.jp/press/news/2015_07_15_178,
2026-08-17T05:15:49,スバル,page,,PDF/122 KB,https://www.subaru.co.jp/press/file/uploads/news/pdf_116422.pdf,
2026-08-17T05:15:49,スバル,page,,「SUBARU BRZ tS」を300台限定発売,https://www.subaru.co.jp/press/news/2015_06_30_11,○
2026-08-17T05:15:49,スバル,page,,PDF/151 KB,https://www.subaru.co.jp/press/file/uploads/news/pdf_116342.pdf,
2026-08-17T05:15:49,スバル,page,,スバル WRX S4／STIを改良,https://www.subaru.co.jp/press/news/2015_06_30_50,○
2026-08-17T05:15:49,スバル,page,,PDF/191 KB,https://www.subaru.co.jp/press/file/uploads/news/0630-WRX.pdf,
2026-08-17T05:15:49,スバル,page,,スバル インプレッサ SPORT HYBRID を発表,https://www.subaru.co.jp/press/news/2015_06_19_58,
2026-08-17T05:15:49,スバル,page,,PDF/199 KB,https://www.subaru.co.jp/press/file/uploads/news/pdf_116187.pdf,
2026-08-17T05:15:49,スバル,page,,スバル　「アイサイト」を搭載するCROSSOVER 7が予防安全性能アセスメントにおいて最高ランクのJNCAP「先進安全車プラス（ASV+）」を獲得,https://www.subaru.co.jp/press/news/2015_06_01_61,
2026-08-17T05:15:49,スバル,page,,PDF/104 KB,https://www.subaru.co.jp/press/file/uploads/news/pdf_115987.pdf,
2026-08-17T05:15:49,スバル,page,,スバル　特別仕様車 「Proud Edition」シリーズをレヴォーグに設定し発売,https://www.subaru.co.jp/press/news/2015_06_01_65,○
2026-08-17T05:15:49,スバル,page,,PDF/121 KB,https://www.subaru.co.jp/press/file/uploads/news/pdf_115988.pdf,
2026-08-17T05:15:49,スバル,page,,スバル ステラを改良,https://www.subaru.co.jp/press/news/2015_05_20_72,○
2026-08-17T05:15:49,スバル,page,,PDF/187 KB,https://www.subaru.co.jp/press/file/uploads/news/pdf_115796.pdf,
2026-08-17T05:15:49,スバル,page,,スバル　インプレッサ　SPORT　HYBRIDの先行予約を開始,https://www.subaru.co.jp/press/news/2015_05_19_77,
2026-08-17T05:15:49,スバル,page,,PDF/112 KB,https://www.subaru.co.jp/press/file/uploads/news/pdf_115726.pdf,
2026-08-17T05:15:49,スバル,page,,スバル　レヴォーグ、WRX、レガシィ、フォレスターが2014 年度「新・安全性能総合評価 ファイブスター賞」を受賞,https://www.subaru.co.jp/press/news/2015_05_08_95,
2026-08-17T05:15:49,スバル,page,,PDF/114 KB,https://www.subaru.co.jp/press/file/uploads/news/pdf_115404.pdf,
2026-08-17T05:15:49,スバル,page,,特別仕様車 スバル プレオ プラス「Black Edition」を発売,https://www.subaru.co.jp/press/news/2015_04_22_113,○
2026-08-17T05:15:49,スバル,page,,PDF/121 KB,https://www.subaru.co.jp/press/file/uploads/news/pdf_115264.pdf,
2026-08-17T05:15:49,スバル,page,,スバル　先進運転支援システム「アイサイト」搭載モデルが国内累計販売台数30万台を達成,https://www.subaru.co.jp/press/news/2015_04_20_116,
2026-08-17T05:15:49,スバル,page,,PDF/131 KB,https://www.subaru.co.jp/press/file/uploads/pdf_115277.pdf,
2026-08-17T05:15:49,スバル,page,,スバル　新型　「CROSSOVER 7（クロスオーバーセブン）」を発売,https://www.subaru.co.jp/press/news/2015_04_16_120,○
2026-08-17T05:15:49,スバル,page,,PDF/190 KB,https://www.subaru.co.jp/press/file/uploads/news/pdf_115235.pdf,
2026-08-17T05:15:49,スバル,page,,スバル　レヴォーグを改良,https://www.subaru.co.jp/press/news/2015_04_16_125,○
2026-08-17T05:15:49,スバル,page,,PDF/161 KB,https://www.subaru.co.jp/press/file/uploads/news/pdf_115236.pdf,
2026-08-17T05:15:49,スバル,page,,スバル　特別仕様車「Proud Edition」シリーズを発表～アイサイト搭載車の予防安全性能アセスメント最高ランク獲得を記念～,https://www.subaru.co.jp/press/news/2015_04_14_129,○
2026-08-17T05:15:49,スバル,page,,PDF/142 KB,https://www.subaru.co.jp/press/file/uploads/news/pdf_115234.pdf,
2026-08-17T05:15:49,スバル,page,,スバル プレオ プラスを改良,https://www.subaru.co.jp/press/news/2015_04_08_135,○
2026-08-17T05:15:49,スバル,page,,PDF/128 KB,https://www.subaru.co.jp/press/file/uploads/news/pdf_115208.pdf,
2026-08-17T05:15:49,スバル,page,,スバル 「サンバーバン」および「ディアスワゴン」を改良,https://www.subaru.co.jp/press/news/2015_04_03_139,○
2026-08-17T05:15:49,スバル,page,,PDF/163 KB,https://www.subaru.co.jp/press/file/uploads/news/pdf_115191.pdf,
2026-08-17T05:15:49,スバル,page,,"富士重工業 水平対向エンジン生産累計1,500万台を達成",https://www.subaru.co.jp/press/news/2015_02_17_155,
2026-08-17T05:15:49,スバル,page,,PDF/129 KB,https://www.subaru.co.jp/press/file/uploads/news/pdf_111893.pdf,
2026-08-17T05:15:49,スバル,page,,SUBARU BRZを改良,https://www.subaru.co.jp/press/news/2015_02_10_161,○
2026-08-17T05:15:49,スバル,page,,PDF/115 KB,https://www.subaru.co.jp/press/file/uploads/news/pdf_111767.pdf,
2026-08-17T05:15:49,スバル,page,,スバル　「アイサイト」を搭載するインプレッサ/SUBARU XVが予防安全性能アセスメントにおいて最高評価のJNCAP「先進安全車プラス（ASV+）」に選定,https://www.subaru.co.jp/press/news/2015_01_26_181,
2026-08-17T05:15:49,スバル,page,,PDF/97 KB,https://www.subaru.co.jp/press/file/uploads/news/pdf_111107.pdf,
2026-08-17T05:15:49,スバル,page,,過去の「クルマ」の記事はこちら,https://www.subaru.co.jp/news/car_old2014.html,
2026-08-17T05:15:49,スバル,page,,YouTube SUBARU On-Tube,https://www.youtube.com/user/SUBARUOnTube,
2026-08-17T05:15:49,スバル,page,,YouTube SUBARU GLOBAL TV,https://www.youtube.com/user/SubaruGlobalTV,
2026-08-17T05:15:49,スバル,page,,Facebook SUBARU,https://www.facebook.com/SUBARU.jp,
2026-08-17T05:15:49,スバル,page,,Instagram SUBARU,https://www.instagram.com/subaru.jp/,
2026-08-17T05:15:49,スバル,page,,X @SUBARU_CORP,https://twitter.com/SUBARU_CORP,
2026-08-17T05:15:49,スバル,page,,株主・投資家の皆様へ,https://www.subaru.co.jp/ir/,
2026-08-17T05:15:49,スバル,page,,サステナビリティ,https://www.subaru.co.jp/csr/,
2026-08-17T05:15:49,スバル,page,,SUBARUらしさ,https://www.subaru.co.jp/difference/,
2026-08-17T05:15:49,スバル,page,,商品に関する重要なお知らせトップ,https://www.subaru.co.jp/products/,
2026-08-17T05:15:49,スバル,page,,SUBARU ハイブリッド車 レスキュー時の取扱い,https://www.subaru.co.jp/products/rescue-hybrid.html,
2026-08-17T05:15:49,スバル,page,,自動車リサイクル,https://www.subaru.co.jp/products/recycle.html,
2026-08-17T05:15:49,スバル,page,,助手席エアバッグに関する重要なお知らせ,https://www.subaru.co.jp/recall/airbag.html,
2026-08-17T05:15:49,スバル,page,,SUBARUのロゴ・標章を不正使用した模倣品にご注意ください,https://www.subaru.jp/afterservice/parts/anti-counterfeit/,
2026-08-17T05:15:49,スバル,page,,FUJI/FA-200 エアロスバルサービス情報,https://www.subaru.co.jp/fa200/,
2026-08-17T05:15:49,スバル,page,,サイトのご使用にあたって,https://www.subaru.co.jp/assist/assistance.html,
2026-08-17T05:15:49,スバル,page,,個人情報の取扱いについて,https://www.subaru.co.jp/privacy.html,
2026-08-17T05:15:49,スバル,page,,特定個人情報の取扱いについて,https://www.subaru.co.jp/mynumber.html,
2026-08-17T05:15:49,スバル,page,,ソーシャルメディアポリシー,https://www.subaru.jp/socialmedia-policy/,
2026-08-17T05:15:49,スバル,page,,お問い合わせ ／ よくあるご質問,https://www.subaru.co.jp/faq/,
2026-08-17T05:15:49,スバル,page,,クッキーポリシー,https://www.subaru.co.jp/assist/cookiepolicy/,
2026-08-17T05:15:52,スズキ,rss,2026年8月7日,,https://www.suzuki.co.jp/release/d/2026/0807/,
2026-08-17T05:15:52,スズキ,rss,2026年8月6日,,https://www.suzuki.co.jp/release/d/2026/0806/,
2026-08-17T05:15:52,スズキ,rss,2026年8月5日,,https://www.suzuki.co.jp/ir/library/financialaffairs/index.html#2027,
2026-08-17T05:15:52,スズキ,rss,2026年8月5日,,https://www.suzuki.co.jp/ir/news/pdf/20260805news.pdf,
2026-08-17T05:15:52,スズキ,rss,2026年8月3日,,https://www.suzuki.co.jp/release/d/2026/0803/,
2026-08-17T05:15:52,スズキ,rss,2026年7月31日,,https://www.suzuki.co.jp/release/d/2026/0731b/,
2026-08-17T05:15:52,スズキ,rss,2026年7月31日,,https://www.suzuki.co.jp/release/d/2026/0731a/,
2026-08-17T05:15:52,スズキ,rss,2026年7月31日,,https://www.suzuki.co.jp/release/d/2026/0731/,
2026-08-17T05:15:52,スズキ,rss,2026年7月30日,,https://www.suzuki.co.jp/release/d/2026/0730b/,
2026-08-17T05:15:52,スズキ,rss,2026年7月30日,,https://www.suzuki.co.jp/release/d/2026/0730a/,
2026-08-17T05:15:52,スズキ,rss,2026年7月30日,,https://www.suzuki.co.jp/release/d/2026/0730/,
2026-08-17T05:15:52,スズキ,rss,2026年7月29日,,https://www.suzuki.co.jp/release/d/2026/0729/,
2026-08-17T05:15:52,スズキ,rss,2026年7月25日,,https://www.suzuki.co.jp/release/d/2026/0725/,
2026-08-17T05:15:52,スズキ,rss,2026年7月24日,,https://www.suzuki.co.jp/release/d/2026/0724/,
2026-08-17T05:15:52,スズキ,rss,2026年7月22日,,https://www.suzuki.co.jp/release/d/2026/0722a/,
2026-08-17T05:15:52,スズキ,rss,2026年7月22日,,https://www.suzuki.co.jp/release/d/2026/0722/,
2026-08-17T05:15:52,スズキ,rss,2026年7月21日,,https://www.suzuki.co.jp/release/d/2026/0721/,
2026-08-17T05:15:52,スズキ,rss,2026年7月17日,,https://www.suzuki.co.jp/release/d/2026/0717/,
2026-08-17T05:15:52,スズキ,rss,2026年7月10日,,https://www.suzuki.co.jp/release/d/2026/0710a/,
2026-08-17T05:15:52,スズキ,rss,2026年7月10日,,https://www.suzuki.co.jp/release/d/2026/0710/,
2026-08-17T05:15:52,スズキ,rss,2026年7月8日,,https://www.suzuki.co.jp/release/d/2026/0708/,
2026-08-17T05:15:52,スズキ,rss,2026年7月8日,,https://www.suzuki.co.jp/release/a/2026/0708/,
2026-08-17T05:15:52,スズキ,rss,2026年7月6日,,https://www.suzuki.co.jp/release/b/2026/0706/,
2026-08-17T05:15:52,スズキ,rss,2026年7月2日,,https://www.suzuki.co.jp/release/d/2026/0702a/,
2026-08-17T05:15:52,スズキ,rss,2026年7月2日,,https://www.suzuki.co.jp/release/d/2026/0702/,
2026-08-17T05:15:52,スズキ,rss,2026年7月2日,,https://www.suzuki.co.jp/release/b/2026/0702/,
2026-08-17T05:15:52,スズキ,rss,2026年7月1日,,https://www.suzuki.co.jp/release/d/2026/0701a/,
2026-08-17T05:15:52,スズキ,rss,2026年7月1日,,https://www.suzuki.co.jp/release/d/2026/0701/,
2026-08-17T05:15:52,スズキ,rss,2026年6月30日,,https://www.suzuki.co.jp/release/d/2026/0630/,
2026-08-17T05:15:52,スズキ,rss,2026年6月29日,,https://www.suzuki.co.jp/release/d/2026/0629/,
2026-08-17T05:15:52,スズキ,rss,2026年6月25日,,https://www.suzuki.co.jp/release/d/2026/0625/,
2026-08-17T05:15:52,スズキ,rss,2026年6月24日,,https://www.suzuki.co.jp/release/a/2026/0624/,
2026-08-17T05:15:52,スズキ,rss,2026年6月24日,,https://www.suzuki.co.jp/release/d/2026/0624/,
2026-08-17T05:15:52,スズキ,rss,2026年6月23日,,https://www.suzuki.co.jp/release/d/2026/0623/,
2026-08-17T05:15:52,スズキ,rss,2026年6月19日,,https://www.suzuki.co.jp/release/d/2026/0619/,
2026-08-17T05:15:52,スズキ,rss,2026年6月15日,,https://www.suzuki.co.jp/release/d/2026/0615a/,
2026-08-17T05:15:52,スズキ,rss,2026年6月15日,,https://www.suzuki.co.jp/release/d/2026/0615/,
2026-08-17T05:15:52,スズキ,rss,2026年6月10日,,https://www.suzuki.co.jp/release/d/2026/0610/,
2026-08-17T05:15:52,スズキ,rss,2026年6月5日,,https://www.suzuki.co.jp/release/d/2026/0605a/,
2026-08-17T05:15:52,スズキ,rss,2026年6月5日,,https://www.suzuki.co.jp/release/d/2026/0605/,
2026-08-17T05:15:52,スズキ,rss,2026年6月1日,,https://www.suzuki.co.jp/release/a/2026/0601/,
2026-08-17T05:15:52,スズキ,rss,2026年5月29日,,https://www.suzuki.co.jp/release/d/2026/0529/,
2026-08-17T05:15:52,スズキ,rss,2026年5月28日,,https://www.suzuki.co.jp/release/d/2026/0528b/,
2026-08-17T05:15:52,スズキ,rss,2026年5月28日,,https://www.suzuki.co.jp/release/d/2026/0528a/,
2026-08-17T05:15:52,スズキ,rss,2026年5月28日,,https://www.suzuki.co.jp/release/d/2026/0528/,
2026-08-17T05:15:52,スズキ,rss,2026年5月27日,,https://www.suzuki.co.jp/release/d/2026/0527a/,
2026-08-17T05:15:52,スズキ,rss,2026年5月27日,,https://www.suzuki.co.jp/release/d/2026/0527/,
2026-08-17T05:15:52,スズキ,rss,2026年5月27日,,https://www.suzuki.co.jp/release/a/2026/0527/,
2026-08-17T05:15:52,スズキ,rss,2026年5月27日,,https://www.suzuki.co.jp/release/c/2026/0527/,
2026-08-17T05:15:52,スズキ,rss,2026年5月19日,,https://www.suzuki.co.jp/release/d/2026/0519/,
2026-08-17T05:15:52,スズキ,rss,2026年5月18日,,https://www.suzuki.co.jp/release/d/2026/0518/,
2026-08-17T05:15:52,スズキ,rss,2026年5月15日,,https://www.suzuki.co.jp/release/d/2026/0515b/,
2026-08-17T05:15:52,スズキ,rss,2026年5月15日,,https://www.suzuki.co.jp/release/d/2026/0515a/,
2026-08-17T05:15:52,スズキ,rss,2026年5月15日,,https://www.suzuki.co.jp/release/d/2026/0515/,
2026-08-17T05:15:52,スズキ,rss,2026年5月14日,,https://www.suzuki.co.jp/ir/library/financialaffairs/,
2026-08-17T05:15:52,スズキ,rss,2026年5月11日,,https://www.suzuki.co.jp/release/b/2026/0511/,
2026-08-17T05:15:52,スズキ,rss,2026年5月11日,,https://www.suzuki.co.jp/release/d/2026/0511/,
2026-08-17T05:15:52,スズキ,rss,2026年5月8日,,https://www.suzuki.co.jp/release/d/2026/0508/,
2026-08-17T05:15:52,スズキ,rss,2026年5月8日,,https://www.suzuki.co.jp/release/a/2026/0508/,
2026-08-17T05:15:52,スズキ,rss,2026年5月7日,,https://www.suzuki.co.jp/release/d/2026/0507/,
2026-08-17T05:15:52,スズキ,rss,2026年4月28日,,https://www.suzuki.co.jp/release/d/2026/0428a/,
2026-08-17T05:15:52,スズキ,rss,2026年4月28日,,https://www.suzuki.co.jp/release/b/2026/0428/,
2026-08-17T05:15:52,スズキ,rss,2026年4月28日,,https://www.suzuki.co.jp/release/d/2026/0428/,
2026-08-17T05:15:52,スズキ,rss,2026年4月27日,,https://www.suzuki.co.jp/release/d/2026/0427/,
2026-08-17T05:15:52,スズキ,rss,2026年4月27日,,https://www.suzuki.co.jp/release/d/2026/0427a/,
2026-08-17T05:15:52,スズキ,rss,2026年4月24日,,https://www.suzuki.co.jp/release/d/2026/0424/,
2026-08-17T05:15:52,スズキ,rss,2026年4月23日,,https://www.suzuki.co.jp/release/d/2026/0423/,
2026-08-17T05:15:52,スズキ,rss,2026年4月17日,,https://www.suzuki.co.jp/release/d/2026/0417/,
2026-08-17T05:15:52,スズキ,rss,2026年4月15日,,https://www.suzuki.co.jp/release/d/2026/0415a/,
2026-08-17T05:15:52,スズキ,rss,2026年4月15日,,https://www.suzuki.co.jp/release/d/2026/0415/,
2026-08-17T05:15:52,スズキ,rss,2026年4月13日,,https://www.suzuki.co.jp/release/a/2026/0413/,
2026-08-17T05:15:52,スズキ,rss,2026年4月10日,,https://www.suzuki.co.jp/release/d/2026/0410a/,
2026-08-17T05:15:52,スズキ,rss,2026年4月10日,,https://www.suzuki.co.jp/release/d/2026/0410/,
2026-08-17T05:15:52,スズキ,rss,2026年4月10日,,https://www.suzuki.co.jp/release/a/2026/0410/,
2026-08-17T05:15:52,スズキ,rss,2026年4月3日,,https://www.suzuki.co.jp/release/d/2026/0403a/,
2026-08-17T05:15:52,スズキ,rss,2026年4月3日,,https://www.suzuki.co.jp/release/d/2026/0403/,
2026-08-17T05:15:52,スズキ,rss,2026年4月3日,,https://www.suzuki.co.jp/release/b/2026/0403/,
2026-08-17T05:15:52,スズキ,rss,2026年3月30日,,https://www.suzuki.co.jp/release/d/2026/0330/,
2026-08-17T05:15:52,スズキ,rss,2026年3月27日,,https://www.suzuki.co.jp/release/d/2026/0327d/,
2026-08-17T05:15:52,スズキ,rss,2026年3月27日,,https://www.suzuki.co.jp/release/d/2026/0327c/,
2026-08-17T05:15:52,スズキ,rss,2026年3月27日,,https://www.suzuki.co.jp/release/d/2026/0327b/,
2026-08-17T05:15:52,スズキ,rss,2026年3月27日,,https://www.suzuki.co.jp/release/d/2026/0327a/,
2026-08-17T05:15:52,スズキ,rss,2026年3月27日,,https://www.suzuki.co.jp/release/d/2026/0327/,
2026-08-17T05:15:52,スズキ,rss,2026年3月27日,,https://www.suzuki.co.jp/release/b/2026/0327/,
2026-08-17T05:15:52,スズキ,rss,2026年3月26日,,https://www.suzuki.co.jp/release/d/2026/0326a/,
2026-08-17T05:15:52,スズキ,rss,2026年3月26日,,https://www.suzuki.co.jp/release/d/2026/0326/,
2026-08-17T05:15:52,スズキ,rss,2026年3月25日,,https://www.suzuki.co.jp/release/d/2026/0325/,
2026-08-17T05:15:52,スズキ,rss,2026年3月24日,,https://www.suzuki.co.jp/release/d/2026/0324/,
2026-08-17T05:15:52,スズキ,rss,2026年3月20日,,https://www.suzuki.co.jp/release/c/2026/0320/,
2026-08-17T05:15:52,スズキ,rss,2026年3月19日,,https://www.suzuki.co.jp/release/d/2026/0319/,
2026-08-17T05:15:52,スズキ,rss,2026年3月18日,,https://www.suzuki.co.jp/release/d/2026/0318/,
2026-08-17T05:15:52,スズキ,rss,2026年3月18日,,https://www.suzuki.co.jp/release/b/2026/0318/,
2026-08-17T05:15:52,スズキ,rss,2026年3月17日,,https://www.suzuki.co.jp/release/d/2026/0317a/,
2026-08-17T05:15:52,スズキ,rss,2026年3月17日,,https://www.suzuki.co.jp/release/d/2026/0317/,
2026-08-17T05:15:52,スズキ,rss,2026年3月16日,,https://www.suzuki.co.jp/release/d/2026/0316a/,
2026-08-17T05:15:52,スズキ,rss,2026年3月16日,,https://www.suzuki.co.jp/release/d/2026/0316/,
2026-08-17T05:15:52,スズキ,rss,2026年3月10日,,https://www.suzuki.co.jp/release/d/2026/0310a/,
2026-08-17T05:15:52,スズキ,rss,2026年3月10日,,https://www.suzuki.co.jp/release/d/2026/0310/,
2026-08-17T05:15:52,スズキ,rss,2026年3月9日,,https://www.suzuki.co.jp/release/d/2026/0309/,
2026-08-17T05:15:52,スズキ,rss,2026年3月9日,,https://www.suzuki.co.jp/release/a/2026/0309/,
2026-08-17T05:15:52,スズキ,rss,2026年3月6日,,https://www.suzuki.co.jp/release/a/2026/0306/,
2026-08-17T05:15:52,スズキ,rss,2026年3月4日,,https://www.suzuki.co.jp/release/d/2026/0304/,
2026-08-17T05:15:52,スズキ,rss,2026年3月3日,,https://www.suzuki.co.jp/release/d/2026/0303/,
2026-08-17T05:15:52,スズキ,rss,2026年3月2日,,https://www.suzuki.co.jp/release/c/2026/0302/,
2026-08-17T05:15:52,スズキ,rss,2026年2月27日,,https://www.suzuki.co.jp/release/d/2026/0227/,
2026-08-17T05:15:52,スズキ,rss,2026年2月26日,,https://www.suzuki.co.jp/release/d/2026/0226/,
2026-08-17T05:15:52,スズキ,rss,2026年2月25日,,https://www.suzuki.co.jp/release/d/2026/0225a/,
2026-08-17T05:15:52,スズキ,rss,2026年2月25日,,https://www.suzuki.co.jp/release/d/2026/0225/,
2026-08-17T05:15:52,スズキ,rss,2026年2月20日,,https://www.suzuki.co.jp/release/d/2026/0220b/,
2026-08-17T05:15:52,スズキ,rss,2026年2月20日,,https://www.suzuki.co.jp/release/d/2026/0220a/,
2026-08-17T05:15:52,スズキ,rss,2026年2月20日,,https://www.suzuki.co.jp/release/d/2026/0220/,
2026-08-17T05:15:52,スズキ,rss,2026年2月18日,,https://www.suzuki.co.jp/release/d/2026/0218a/,
2026-08-17T05:15:52,スズキ,rss,2026年2月18日,,https://www.suzuki.co.jp/release/d/2026/0218/,
2026-08-17T05:15:52,スズキ,rss,2026年2月17日,,https://www.suzuki.co.jp/release/d/2026/0217a/,
2026-08-17T05:15:52,スズキ,rss,2026年2月17日,,https://www.suzuki.co.jp/release/d/2026/0217/,
2026-08-17T05:15:52,スズキ,rss,2026年2月13日,,https://www.suzuki.co.jp/release/d/2026/0213/,
2026-08-17T05:15:52,スズキ,rss,2026年2月11日,,https://www.suzuki.co.jp/release/d/2026/0211/,
2026-08-17T05:15:52,スズキ,rss,2026年2月10日,,https://www.suzuki.co.jp/release/a/2026/0210/,
2026-08-17T05:15:52,スズキ,rss,2026年2月9日,,https://www.suzuki.co.jp/release/d/2026/0209/,
2026-08-17T05:15:52,スズキ,rss,2026年2月5日,,https://www.suzuki.co.jp/release/d/2026/0205b/,
2026-08-17T05:15:52,スズキ,rss,2026年2月5日,,https://www.suzuki.co.jp/release/d/2026/0205a/,
2026-08-17T05:15:52,スズキ,rss,2026年2月5日,,https://www.suzuki.co.jp/ir/library/financialaffairs/,
2026-08-17T05:15:52,スズキ,rss,2026年2月5日,,https://www.suzuki.co.jp/release/d/2026/0205/,
2026-08-17T05:15:52,スズキ,rss,2026年2月3日,,https://www.suzuki.co.jp/release/d/2026/0203/,
2026-08-17T05:15:52,スズキ,rss,2026年2月3日,,https://www.suzuki.co.jp/release/b/2026/0203/,
2026-08-17T05:15:52,スズキ,rss,2026年2月2日,,https://www.suzuki.co.jp/release/a/2026/0202/,
2026-08-17T05:15:52,スズキ,rss,2026年1月30日,,https://www.suzuki.co.jp/release/a/2026/0130/,
2026-08-17T05:15:52,スズキ,rss,2026年1月29日,,https://www.suzuki.co.jp/release/d/2026/0129/,
2026-08-17T05:15:52,スズキ,rss,2026年1月23日,,https://www.suzuki.co.jp/release/a/2026/0123,
2026-08-17T05:15:52,スズキ,rss,2026年1月22日,,https://www.suzuki.co.jp/release/d/2026/0122/,
2026-08-17T05:15:52,スズキ,rss,2026年1月22日,,https://www.suzuki.co.jp/release/b/2026/0122/,
2026-08-17T05:15:52,スズキ,rss,2026年1月19日,,https://www.suzuki.co.jp/release/d/2026/0119a/,
2026-08-17T05:15:52,スズキ,rss,2026年1月19日,,https://www.suzuki.co.jp/release/d/2026/0119/,
2026-08-17T05:15:52,スズキ,rss,2026年1月15日,,https://www.suzuki.co.jp/release/a/2026/0115/,
2026-08-17T05:15:52,スズキ,rss,2026年1月14日,,https://www.suzuki.co.jp/release/d/2026/0114/,
2026-08-17T05:15:52,スズキ,rss,2026年1月13日,,https://www.suzuki.co.jp/release/d/2026/0113/,
2026-08-17T05:15:52,スズキ,rss,2026年1月12日,,https://www.suzuki.co.jp/release/d/2026/0112/,
2026-08-17T05:15:52,スズキ,rss,2026年1月8日,,https://www.suzuki.co.jp/release/d/2026/0108/,
2026-08-17T05:15:52,スズキ,rss,2026年1月6日,,https://www.suzuki.co.jp/release/d/2026/0106/,
2026-08-17T05:15:52,スズキ,rss,2025年12月25日,,https://www.suzuki.co.jp/release/d/2025/1225/,
2026-08-17T05:15:52,スズキ,rss,2025年12月24日,,https://www.suzuki.co.jp/release/d/2025/1224e/,
2026-08-17T05:15:52,スズキ,rss,2025年12月24日,,https://www.suzuki.co.jp/release/d/2025/1224d/,
2026-08-17T05:15:52,スズキ,rss,2025年12月24日,,https://www.suzuki.co.jp/release/d/2025/1224c/,
2026-08-17T05:15:52,スズキ,rss,2025年12月24日,,https://www.suzuki.co.jp/release/d/2025/1224b/,
2026-08-17T05:15:52,スズキ,rss,2025年12月24日,,https://www.suzuki.co.jp/release/d/2025/1224a/,
2026-08-17T05:15:52,スズキ,rss,2025年12月24日,,https://www.suzuki.co.jp/release/d/2025/1224/,
2026-08-17T05:15:52,スズキ,rss,2025年12月22日,,https://www.suzuki.co.jp/release/d/2025/1222b/,
2026-08-17T05:15:52,スズキ,rss,2025年12月22日,,https://www.suzuki.co.jp/release/d/2025/1222a/,
2026-08-17T05:15:52,スズキ,rss,2025年12月22日,,https://www.suzuki.co.jp/release/d/2025/1222/,
2026-08-17T05:15:52,スズキ,rss,2025年12月22日,,https://www.suzuki.co.jp/release/a/2025/1222/,
2026-08-17T05:15:52,スズキ,rss,2025年12月19日,,https://www.suzuki.co.jp/release/d/2025/1219a/,
2026-08-17T05:15:52,スズキ,rss,2025年12月19日,,https://www.suzuki.co.jp/release/d/2025/1219/,
2026-08-17T05:15:52,スズキ,rss,2025年12月19日,,https://www.suzuki.co.jp/release/a/2025/1219/,
2026-08-17T05:15:52,スズキ,rss,2025年12月18日,,https://www.suzuki.co.jp/release/d/2025/1218/,
2026-08-17T05:15:52,スズキ,rss,2025年12月17日,,https://www.suzuki.co.jp/release/d/2025/1217a/,
2026-08-17T05:15:52,スズキ,rss,2025年12月17日,,https://www.suzuki.co.jp/release/d/2025/1217/,
2026-08-17T05:15:52,スズキ,rss,2025年12月16日,,https://www.suzuki.co.jp/release/d/2025/1216/,
2026-08-17T05:15:52,スズキ,rss,2025年12月15日,,https://www.suzuki.co.jp/release/d/2025/1215a/,
2026-08-17T05:15:52,スズキ,rss,2025年12月15日,,https://www.suzuki.co.jp/release/d/2025/1215/,
2026-08-17T05:15:52,スズキ,rss,2025年12月15日,,https://www.suzuki.co.jp/release/a/2025/1215/,
2026-08-17T05:15:52,スズキ,rss,2025年12月9日,,https://www.suzuki.co.jp/release/d/2025/1209a/,
2026-08-17T05:15:52,スズキ,rss,2025年12月9日,,https://www.suzuki.co.jp/release/d/2025/1209/,
2026-08-17T05:15:52,スズキ,rss,2025年12月5日,,https://www.suzuki.co.jp/release/d/2025/1205/,
2026-08-17T05:15:52,スズキ,rss,2025年12月1日,,https://www.suzuki.co.jp/release/d/2025/1201/,
2026-08-17T05:15:52,スズキ,rss,2025年11月27日,,https://www.suzuki.co.jp/release/d/2025/1127a/,
2026-08-17T05:15:52,スズキ,rss,2025年11月27日,,https://www.suzuki.co.jp/release/d/2025/1127/,
2026-08-17T05:15:52,スズキ,rss,2025年11月26日,,https://www.suzuki.co.jp/release/d/2025/1126/,
2026-08-17T05:15:52,スズキ,rss,2025年11月25日,,https://www.suzuki.co.jp/release/d/2025/1125/,
2026-08-17T05:15:52,スズキ,rss,2025年11月21日,,https://www.suzuki.co.jp/release/d/2025/1121/,
2026-08-17T05:15:52,スズキ,rss,2025年11月20日,,https://www.suzuki.co.jp/release/d/2025/1120a/,
2026-08-17T05:15:52,スズキ,rss,2025年11月20日,,https://www.suzuki.co.jp/release/d/2025/1120/,
2026-08-17T05:15:52,スズキ,rss,2025年11月19日,,https://www.suzuki.co.jp/release/d/2025/1119/,
2026-08-17T05:15:52,スズキ,rss,2025年11月18日,,https://www.suzuki.co.jp/release/d/2025/1118/,
2026-08-17T05:15:52,スズキ,rss,2025年11月17日,,https://www.suzuki.co.jp/release/d/2025/1117/,
2026-08-17T05:15:52,スズキ,rss,2025年11月12日,,https://www.suzuki.co.jp/release/d/2025/1112/,
2026-08-17T05:15:52,スズキ,rss,2025年11月11日,,https://www.suzuki.co.jp/release/d/2025/1111/,
2026-08-17T05:15:52,スズキ,rss,2025年11月10日,,https://www.suzuki.co.jp/release/d/2025/1110/,
2026-08-17T05:15:52,スズキ,rss,2025年11月10日,,https://www.suzuki.co.jp/release/a/2025/1110/,
2026-08-17T05:15:52,スズキ,rss,2025年11月7日,,https://www.suzuki.co.jp/release/d/2025/1107/,
2026-08-17T05:15:52,スズキ,rss,2025年11月6日,,https://www.suzuki.co.jp/ir/library/financialaffairs/,
2026-08-17T05:15:52,スズキ,rss,2025年11月5日,,https://www.suzuki.co.jp/release/d/2025/1105a/,
2026-08-17T05:15:52,スズキ,rss,2025年11月5日,,https://www.suzuki.co.jp/release/b/2025/1105/,
2026-08-17T05:15:52,スズキ,rss,2025年11月5日,,https://www.suzuki.co.jp/release/d/2025/1105/,
2026-08-17T05:15:52,スズキ,rss,2025年11月4日,,https://www.suzuki.co.jp/release/c/2025/1104/,
2026-08-17T05:15:52,スズキ,rss,2025年10月31日,,https://www.suzuki.co.jp/release/a/2025/1031/,
2026-08-17T05:15:52,スズキ,rss,2025年10月31日,,https://www.suzuki.co.jp/release/d/2025/1031a/,
2026-08-17T05:15:52,スズキ,rss,2025年10月31日,,https://www.suzuki.co.jp/release/d/2025/1031/,
2026-08-17T05:15:52,スズキ,rss,2025年10月30日,,https://www.suzuki.co.jp/release/a/2025/1030/,
2026-08-17T05:15:52,スズキ,rss,2025年10月27日,,https://www.suzuki.co.jp/release/d/2025/1027/,
2026-08-17T05:15:52,スズキ,rss,2025年10月27日,,https://www.suzuki.co.jp/release/a/2025/1027/,
2026-08-17T05:15:52,スズキ,rss,2025年10月23日,,https://www.suzuki.co.jp/release/d/2025/1023a/,
2026-08-17T05:15:52,スズキ,rss,2025年10月23日,,https://www.suzuki.co.jp/release/d/2025/1023/,
2026-08-17T05:15:52,スズキ,rss,2025年10月21日,,https://www.suzuki.co.jp/release/a/2025/1021/,
2026-08-17T05:15:52,スズキ,rss,2025年10月20日,,https://www.suzuki.co.jp/release/d/2025/1020/,
2026-08-17T05:15:52,スズキ,rss,2025年10月17日,,https://www.suzuki.co.jp/release/d/2025/1017a/,
2026-08-17T05:15:52,スズキ,rss,2025年10月17日,,https://www.suzuki.co.jp/release/d/2025/1017/,
2026-08-17T05:15:52,スズキ,rss,2025年10月16日,,https://www.suzuki.co.jp/release/d/2025/1016/,
2026-08-17T05:15:52,スズキ,rss,2025年10月15日,,https://www.suzuki.co.jp/release/d/2025/1015/,
2026-08-17T05:15:52,スズキ,rss,2025年10月15日,,https://www.suzuki.co.jp/release/a/2025/1015/,
2026-08-17T05:15:52,スズキ,rss,2025年10月10日,,https://www.suzuki.co.jp/release/d/2025/1010a/,
2026-08-17T05:15:52,スズキ,rss,2025年10月10日,,https://www.suzuki.co.jp/release/d/2025/1010/,
2026-08-17T05:15:52,スズキ,rss,2025年10月8日,,https://www.suzuki.co.jp/release/d/2025/1008/,
2026-08-17T05:15:52,スズキ,rss,2025年10月7日,,https://www.suzuki.co.jp/release/d/2025/1007a/,
2026-08-17T05:15:52,スズキ,rss,2025年10月7日,,https://www.suzuki.co.jp/release/d/2025/1007/,
2026-08-17T05:15:52,スズキ,rss,2025年10月6日,,https://www.suzuki.co.jp/release/d/2025/1006/,
2026-08-17T05:15:52,スズキ,rss,2025年10月3日,,https://www.suzuki.co.jp/release/a/2025/1003/,
2026-08-17T05:15:52,スズキ,rss,2025年10月2日,,https://www.suzuki.co.jp/release/a/2025/1002/,
2026-08-17T05:15:52,スズキ,rss,2025年10月1日,,https://www.suzuki.co.jp/release/d/2025/1001a/,
2026-08-17T05:15:52,スズキ,rss,2025年10月1日,,https://www.suzuki.co.jp/release/d/2025/1001/,
2026-08-17T05:15:52,スズキ,rss,2025年10月1日,,https://www.suzuki.co.jp/release/b/2025/1001/,
2026-08-17T05:15:52,スズキ,rss,2025年9月30日,,https://www.suzuki.co.jp/release/d/2025/0930/,
2026-08-17T05:15:52,スズキ,rss,2025年9月30日,,https://www.suzuki.co.jp/release/d/2025/0930a/,
2026-08-17T05:15:52,スズキ,rss,2025年9月29日,,https://www.suzuki.co.jp/release/d/2025/0929a/,
2026-08-17T05:15:52,スズキ,rss,2025年9月29日,,https://www.suzuki.co.jp/release/d/2025/0929/,
2026-08-17T05:15:52,スズキ,rss,2025年9月24日,,https://www.suzuki.co.jp/release/d/2025/0924/,
2026-08-17T05:15:52,スズキ,rss,2025年9月22日,,https://www.suzuki.co.jp/release/d/2025/0922/,
2026-08-17T05:15:52,スズキ,rss,2025年9月19日,,https://www.suzuki.co.jp/release/d/2025/0919/,
2026-08-17T05:15:52,スズキ,rss,2025年9月18日,,https://www.suzuki.co.jp/release/d/2025/0918/,
2026-08-17T05:15:52,スズキ,rss,2025年9月17日,,https://www.suzuki.co.jp/release/d/2025/0917/,
2026-08-17T05:15:52,スズキ,rss,2025年9月16日,,https://www.suzuki.co.jp/release/a/2025/0916/,
2026-08-17T05:15:52,スズキ,rss,2025年9月12日,,https://www.suzuki.co.jp/release/b/2025/0912/,
2026-08-17T05:15:52,スズキ,rss,2025年9月10日,,https://www.suzuki.co.jp/release/d/2025/0910/,
2026-08-17T05:15:52,スズキ,rss,2025年9月9日,,https://www.suzuki.co.jp/release/d/2025/0909/,
2026-08-17T05:15:52,スズキ,rss,2025年9月9日,,https://www.suzuki.co.jp/release/d/2025/0909a/,
2026-08-17T05:15:52,スズキ,rss,2025年9月5日,,https://www.suzuki.co.jp/release/d/2025/0905b/,
2026-08-17T05:15:52,スズキ,rss,2025年9月5日,,https://www.suzuki.co.jp/release/d/2025/0905a/,
2026-08-17T05:15:52,スズキ,rss,2025年9月5日,,https://www.suzuki.co.jp/release/d/2025/0905/,
2026-08-17T05:15:52,スズキ,rss,2025年9月4日,,https://www.suzuki.co.jp/release/d/2025/0904/,
2026-08-17T05:15:52,スズキ,rss,2025年9月3日,,https://www.suzuki.co.jp/release/d/2025/0903/,
2026-08-17T05:15:52,スズキ,rss,2025年9月3日,,https://www.suzuki.co.jp/release/b/2025/0903/,
2026-08-17T05:15:52,スズキ,rss,2025年9月2日,,https://www.suzuki.co.jp/release/b/2025/0902/,
2026-08-17T05:15:52,スズキ,rss,2025年9月1日,,https://www.suzuki.co.jp/release/a/2025/0901/,
2026-08-17T05:15:52,スズキ,rss,2025年8月29日,,https://www.suzuki.co.jp/release/d/2025/0829/,
2026-08-17T05:15:52,スズキ,rss,2025年8月28日,,https://www.suzuki.co.jp/release/d/2025/0828/,
2026-08-17T05:15:52,スズキ,rss,2025年8月27日,,https://www.suzuki.co.jp/release/d/2025/0827/,
2026-08-17T05:15:52,スズキ,rss,2025年8月26日,,https://www.suzuki.co.jp/release/d/2025/0826/,
2026-08-17T05:15:52,スズキ,rss,2025年8月21日,,https://www.suzuki.co.jp/release/d/2025/0821a/,
2026-08-17T05:15:52,スズキ,rss,2025年8月21日,,https://www.suzuki.co.jp/release/d/2025/0821/,
2026-08-17T05:15:52,スズキ,rss,2025年8月20日,,https://www.suzuki.co.jp/release/a/2025/0820/,
2026-08-17T05:15:52,スズキ,rss,2025年8月8日,,https://www.suzuki.co.jp/release/d/2025/0808/,
2026-08-17T05:15:52,スズキ,rss,2025年8月7日,,https://www.suzuki.co.jp/release/d/2025/0807/,
2026-08-17T05:15:52,スズキ,rss,2025年8月6日,,https://www.suzuki.co.jp/release/d/2025/0806a/,
2026-08-17T05:15:52,スズキ,rss,2025年8月6日,,https://www.suzuki.co.jp/release/d/2025/0806/,
2026-08-17T05:15:52,スズキ,rss,2025年8月5日,,https://www.suzuki.co.jp/ir/library/financialaffairs/#2026,
2026-08-17T05:15:52,スズキ,rss,2025年8月4日,,https://www.suzuki.co.jp/release/d/2025/0804/,
2026-08-17T05:15:52,スズキ,rss,2025年8月4日,,https://www.suzuki.co.jp/release/b/2025/0804/,
2026-08-17T05:15:52,スズキ,rss,2025年7月31日,,https://www.suzuki.co.jp/release/b/2025/0731/,
2026-08-17T05:15:52,スズキ,rss,2025年7月31日,,https://www.suzuki.co.jp/release/d/2025/0731a/,
2026-08-17T05:15:52,スズキ,rss,2025年7月31日,,https://www.suzuki.co.jp/release/d/2025/0731/,
2026-08-17T05:15:52,スズキ,rss,2025年7月30日,,https://www.suzuki.co.jp/release/d/2025/0730a/,
2026-08-17T05:15:52,スズキ,rss,2025年7月30日,,https://www.suzuki.co.jp/release/d/2025/0730/,
2026-08-17T05:15:52,スズキ,rss,2025年7月25日,,https://www.suzuki.co.jp/release/b/2025/0725/,
2026-08-17T05:15:52,スズキ,rss,2025年7月25日,,https://www.suzuki.co.jp/release/d/2025/0725/,
2026-08-17T05:15:52,スズキ,rss,2025年7月24日,,https://www.suzuki.co.jp/release/a/2025/0724/,
2026-08-17T05:15:52,スズキ,rss,2025年7月17日,,https://www.suzuki.co.jp/release/d/2025/0717/,
2026-08-17T05:15:52,スズキ,rss,2025年7月16日,,https://www.suzuki.co.jp/release/d/2025/0716/,
2026-08-17T05:15:52,スズキ,rss,2025年7月15日,,https://www.suzuki.co.jp/release/d/2025/0715/,
2026-08-17T05:15:52,スズキ,rss,2025年7月14日,,https://www.suzuki.co.jp/release/d/2025/0714/,
2026-08-17T05:15:52,スズキ,rss,2025年7月10日,,https://www.suzuki.co.jp/release/a/2025/0710a/,
2026-08-17T05:15:52,スズキ,rss,2025年7月10日,,https://www.suzuki.co.jp/release/a/2025/0710/,
2026-08-17T05:15:52,スズキ,rss,2025年7月4日,,https://www.suzuki.co.jp/release/b/2025/0704/,
2026-08-17T05:15:52,スズキ,rss,2025年7月4日,,https://www.suzuki.co.jp/release/d/2025/0704/,
2026-08-17T05:15:52,スズキ,rss,2025年6月30日,,https://www.suzuki.co.jp/release/d/2025/0630/,
2026-08-17T05:15:52,スズキ,rss,2025年6月27日,,https://www.suzuki.co.jp/release/d/2025/0627a/,
2026-08-17T05:15:52,スズキ,rss,2025年6月27日,,https://www.suzuki.co.jp/release/d/2025/0627/,
2026-08-17T05:15:52,スズキ,rss,2025年6月25日,,https://www.suzuki.co.jp/release/d/2025/0625/,
2026-08-17T05:15:52,スズキ,rss,2025年6月24日,,https://www.suzuki.co.jp/release/d/2025/0624/,
2026-08-17T05:15:52,スズキ,rss,2025年6月23日,,https://www.suzuki.co.jp/release/a/2025/0623/,
2026-08-17T05:15:52,スズキ,rss,2025年6月18日,,https://www.suzuki.co.jp/release/d/2025/0618/,
2026-08-17T05:15:52,スズキ,rss,2025年6月17日,,https://www.suzuki.co.jp/release/d/2025/0617/,
2026-08-17T05:15:52,スズキ,rss,2025年6月13日,,https://www.suzuki.co.jp/release/d/2025/0613/,
2026-08-17T05:15:52,スズキ,rss,2025年6月10日,,https://www.suzuki.co.jp/release/d/2025/0610/,
2026-08-17T05:15:52,スズキ,rss,2025年6月9日,,https://www.suzuki.co.jp/release/d/2025/0609/,
2026-08-17T05:15:52,スズキ,rss,2025年6月6日,,https://www.suzuki.co.jp/release/b/2025/0606/,
2026-08-17T05:15:52,スズキ,rss,2025年6月5日,,https://www.suzuki.co.jp/release/d/2025/0605/,
2026-08-17T05:15:52,スズキ,rss,2025年6月2日,,https://www.suzuki.co.jp/release/d/2025/0602/,
2026-08-17T05:15:52,スズキ,rss,2025年6月2日,,https://www.suzuki.co.jp/release/c/2025/0602/,
2026-08-17T05:15:52,スズキ,rss,2025年5月30日,,https://www.suzuki.co.jp/release/d/2025/0530/,
2026-08-17T05:15:52,スズキ,rss,2025年5月30日,,https://www.suzuki.co.jp/release/a/2025/0530/,
2026-08-17T05:15:52,スズキ,rss,2025年5月29日,,https://www.suzuki.co.jp/release/d/2025/0529b/,
2026-08-17T05:15:52,スズキ,rss,2025年5月29日,,https://www.suzuki.co.jp/release/d/2025/0529a/,
2026-08-17T05:15:52,スズキ,rss,2025年5月29日,,https://www.suzuki.co.jp/release/d/2025/0529/,
2026-08-17T05:15:52,スズキ,rss,2025年5月28日,,https://www.suzuki.co.jp/release/d/2025/0528/,
2026-08-17T05:15:52,スズキ,rss,2025年5月23日,,https://www.suzuki.co.jp/release/d/2025/0523/,
2026-08-17T05:15:52,スズキ,rss,2025年5月20日,,https://www.suzuki.co.jp/release/d/2025/0520a/,
2026-08-17T05:15:52,スズキ,rss,2025年5月20日,,https://www.suzuki.co.jp/release/d/2025/0520/,
2026-08-17T05:15:52,スズキ,rss,2025年5月19日,,https://www.suzuki.co.jp/release/d/2025/0519/,
2026-08-17T05:15:52,スズキ,rss,2025年5月15日,,https://www.suzuki.co.jp/release/d/2025/0515/,
2026-08-17T05:15:52,スズキ,rss,2025年5月14日,,https://www.suzuki.co.jp/release/d/2025/0514/,
2026-08-17T05:15:52,スズキ,rss,2025年5月12日,,https://www.suzuki.co.jp/ir/library/financialaffairs/#2025,
2026-08-17T05:15:52,スズキ,rss,2025年5月8日,,https://www.suzuki.co.jp/release/d/2025/0508/,
2026-08-17T05:15:52,スズキ,rss,2025年5月7日,,https://www.suzuki.co.jp/release/a/2025/0507/,
2026-08-17T05:15:52,スズキ,rss,2025年4月29日,,https://www.suzuki.co.jp/release/d/2025/0429/,
2026-08-17T05:15:52,スズキ,rss,2025年4月25日,,https://www.suzuki.co.jp/release/d/2025/0425/,
2026-08-17T05:15:52,スズキ,rss,2025年4月24日,,https://www.suzuki.co.jp/release/d/2025/0424a/,
2026-08-17T05:15:52,スズキ,rss,2025年4月24日,,https://www.suzuki.co.jp/release/d/2025/0424/,
2026-08-17T05:15:52,スズキ,rss,2025年4月16日,,https://www.suzuki.co.jp/release/d/2025/0416/,
2026-08-17T05:15:52,スズキ,rss,2025年4月14日,,https://www.suzuki.co.jp/ir/news/pdf/20250414news01.pdf,
2026-08-17T05:15:52,スズキ,rss,2025年4月11日,,https://www.suzuki.co.jp/release/d/2025/0411/,
2026-08-17T05:15:52,スズキ,rss,2025年4月10日,,https://www.suzuki.co.jp/release/d/2025/0410/,
2026-08-17T05:15:52,スズキ,rss,2025年4月7日,,https://www.suzuki.co.jp/ir/news/pdf/20250407news01.pdf,
2026-08-17T05:15:52,スズキ,rss,2025年4月3日,,https://www.suzuki.co.jp/release/d/2025/0403a/,
2026-08-17T05:15:52,スズキ,rss,2025年4月3日,,https://www.suzuki.co.jp/release/d/2025/0403/,
2026-08-17T05:15:52,スズキ,rss,2025年3月31日,,https://www.suzuki.co.jp/release/d/2025/0331/,
2026-08-17T05:15:52,スズキ,rss,2025年3月28日,,https://www.suzuki.co.jp/release/d/2025/0328a/,
2026-08-17T05:15:52,スズキ,rss,2025年3月28日,,https://www.suzuki.co.jp/release/b/2025/0328/,
2026-08-17T05:15:52,スズキ,rss,2025年3月28日,,https://www.suzuki.co.jp/release/d/2025/0328/,
2026-08-17T05:15:52,スズキ,rss,2025年3月27日,,https://www.suzuki.co.jp/release/d/2025/0327/,
2026-08-17T05:15:52,スズキ,rss,2025年3月24日,,https://www.suzuki.co.jp/release/d/2025/0324a/,
2026-08-17T05:15:52,スズキ,rss,2025年3月24日,,https://www.suzuki.co.jp/release/d/2025/0324/,
2026-08-17T05:15:52,スズキ,rss,2025年3月21日,,https://www.suzuki.co.jp/release/d/2025/0321/,
2026-08-17T05:15:52,スズキ,rss,2025年3月18日,,https://www.suzuki.co.jp/release/d/2025/0318a/,
2026-08-17T05:15:52,スズキ,rss,2025年3月18日,,https://www.suzuki.co.jp/release/d/2025/0318/,
2026-08-17T05:15:52,スズキ,rss,2025年3月13日,,https://www.suzuki.co.jp/release/d/2025/0313/,
2026-08-17T05:15:52,スズキ,rss,2025年3月10日,,https://www.suzuki.co.jp/release/d/2025/0310a/,
2026-08-17T05:15:52,スズキ,rss,2025年3月10日,,https://www.suzuki.co.jp/release/d/2025/0310/,
2026-08-17T05:15:52,スズキ,rss,2025年3月5日,,https://www.suzuki.co.jp/release/c/2025/0305/,
2026-08-17T05:15:52,スズキ,rss,2025年3月4日,,https://www.suzuki.co.jp/release/d/2025/0304/,
2026-08-17T05:15:52,スズキ,rss,2025年3月3日,,https://www.suzuki.co.jp/release/d/2025/0303/,
2026-08-17T05:15:52,スズキ,rss,2025年2月27日,,https://www.suzuki.co.jp/release/d/2025/0227/,
2026-08-17T05:15:52,スズキ,rss,2025年2月26日,,https://www.suzuki.co.jp/release/d/2025/0226a/,
2026-08-17T05:15:52,スズキ,rss,2025年2月26日,,https://www.suzuki.co.jp/release/d/2025/0226/,
2026-08-17T05:15:52,スズキ,rss,2025年2月26日,,https://www.suzuki.co.jp/release/c/2025/0226/,
2026-08-17T05:15:52,スズキ,rss,2025年2月25日,,https://www.suzuki.co.jp/release/d/2025/0225/,
2026-08-17T05:15:52,スズキ,rss,2025年2月21日,,https://www.suzuki.co.jp/release/d/2025/0221a/,
2026-08-17T05:15:52,スズキ,rss,2025年2月21日,,https://www.suzuki.co.jp/release/d/2025/0221b/,
2026-08-17T05:15:52,スズキ,rss,2025年2月20日,,https://www.suzuki.co.jp/ir/library/forinvestor/,
2026-08-17T05:15:52,スズキ,rss,2025年2月19日,,https://www.suzuki.co.jp/release/d/2025/0219/,
2026-08-17T05:15:52,スズキ,rss,2025年2月12日,,https://www.suzuki.co.jp/release/d/2025/0212/,
2026-08-17T05:15:52,スズキ,rss,2025年2月10日,,https://www.suzuki.co.jp/release/d/2025/0210/,
2026-08-17T05:15:52,スズキ,rss,2025年2月6日,,https://www.suzuki.co.jp/release/d/2025/0206b/,
2026-08-17T05:15:52,スズキ,rss,2025年2月6日,,https://www.suzuki.co.jp/release/d/2025/0206a/,
2026-08-17T05:15:52,スズキ,rss,2025年2月6日,,https://www.suzuki.co.jp/ir/library/financialaffairs/#2025,
2026-08-17T05:15:52,スズキ,rss,2025年2月5日,,https://www.suzuki.co.jp/release/d/2025/0205/,
2026-08-17T05:15:52,スズキ,rss,2025年2月4日,,https://www.suzuki.co.jp/release/b/2025/0204/,
2026-08-17T05:15:52,スズキ,rss,2025年2月3日,,https://www.suzuki.co.jp/release/a/2025/0203/,
2026-08-17T05:15:52,スズキ,rss,2025年1月31日,,https://www.suzuki.co.jp/release/d/2025/0131a/,
2026-08-17T05:15:52,スズキ,rss,2025年1月31日,,https://www.suzuki.co.jp/release/d/2025/0131/,
2026-08-17T05:15:52,スズキ,rss,2025年1月30日,,https://www.suzuki.co.jp/release/d/2025/0130/,
2026-08-17T05:15:52,スズキ,rss,2025年1月30日,,https://www.suzuki.co.jp/release/a/2025/0130/,
2026-08-17T05:15:52,スズキ,rss,2025年1月29日,,https://www.suzuki.co.jp/release/d/2025/0129/,
2026-08-17T05:15:52,スズキ,rss,2025年1月27日,,https://www.suzuki.co.jp/release/d/2025/0127/,
2026-08-17T05:15:52,スズキ,rss,2025年1月21日,,https://www.suzuki.co.jp/release/d/2025/0121/,
2026-08-17T05:15:52,スズキ,rss,2025年1月17日,,https://www.suzuki.co.jp/release/b/2025/0117/,
2026-08-17T05:15:52,スズキ,rss,2025年1月17日,,https://www.suzuki.co.jp/release/d/2025/0117/,
2026-08-17T05:15:52,スズキ,rss,2025年1月16日,,https://www.suzuki.co.jp/release/a/2025/0116/,
2026-08-17T05:15:52,スズキ,rss,2025年1月15日,,https://www.suzuki.co.jp/release/d/2025/0115a/,
2026-08-17T05:15:52,スズキ,rss,2025年1月15日,,https://www.suzuki.co.jp/release/d/2025/0115/,
2026-08-17T05:15:52,スズキ,rss,2025年1月14日,,https://www.suzuki.co.jp/release/d/2025/0114/,
2026-08-17T05:15:52,スズキ,rss,2025年1月9日,,https://www.suzuki.co.jp/release/d/2025/0109/,
2026-08-17T05:15:52,スズキ,rss,2024年12月27日,,https://www.suzuki.co.jp/release/d/2024/1227/,
2026-08-17T05:15:52,スズキ,rss,2024年12月26日,,https://www.suzuki.co.jp/release/d/2024/1226/,
2026-08-17T05:15:52,スズキ,rss,2024年12月25日,,https://www.suzuki.co.jp/release/d/2024/1225b/,
2026-08-17T05:15:52,スズキ,rss,2024年12月25日,,https://www.suzuki.co.jp/release/d/2024/1225a/,
2026-08-17T05:15:52,スズキ,rss,2024年12月25日,,https://www.suzuki.co.jp/release/d/2024/1225/,
2026-08-17T05:15:52,スズキ,rss,2024年12月24日,,https://www.suzuki.co.jp/release/d/2024/1224/,
2026-08-17T05:15:52,スズキ,rss,2024年12月24日,,https://www.suzuki.co.jp/release/d/2024/1224a/,
2026-08-17T05:15:52,スズキ,rss,2024年12月23日,,https://www.suzuki.co.jp/release/d/2024/1223/,
2026-08-17T05:15:52,スズキ,rss,2024年12月20日,,https://www.suzuki.co.jp/release/d/2024/1220b/,
2026-08-17T05:15:52,スズキ,rss,2024年12月20日,,https://www.suzuki.co.jp/release/d/2024/1220a/,
2026-08-17T05:15:52,スズキ,rss,2024年12月20日,,https://www.suzuki.co.jp/release/d/2024/1220/,
2026-08-17T05:15:52,スズキ,rss,2024年12月17日,,https://www.suzuki.co.jp/release/d/2024/1217a/,
2026-08-17T05:15:52,スズキ,rss,2024年12月17日,,https://www.suzuki.co.jp/release/d/2024/1217/,
2026-08-17T05:15:52,スズキ,rss,2024年12月17日,,https://www.suzuki.co.jp/release/a/2024/1217/,
2026-08-17T05:15:52,スズキ,rss,2024年12月16日,,https://www.suzuki.co.jp/release/d/2024/1216/,
2026-08-17T05:15:52,スズキ,rss,2024年12月12日,,https://www.suzuki.co.jp/release/d/2024/1212/,
2026-08-17T05:15:52,スズキ,rss,2024年12月11日,,https://www.suzuki.co.jp/release/d/2024/1211/,
2026-08-17T05:15:52,スズキ,rss,2024年12月10日,,https://www.suzuki.co.jp/release/d/2024/1210/,
2026-08-17T05:15:52,スズキ,rss,2024年12月10日,,https://www.suzuki.co.jp/release/a/2024/1210/,
2026-08-17T05:15:52,スズキ,rss,2024年11月29日,,https://www.suzuki.co.jp/release/d/2024/1129/,
2026-08-17T05:15:52,スズキ,rss,2024年11月28日,,https://www.suzuki.co.jp/release/d/2024/1128/,
2026-08-17T05:15:52,スズキ,rss,2024年11月27日,,https://www.suzuki.co.jp/release/d/2024/1127a/,
2026-08-17T05:15:52,スズキ,rss,2024年11月27日,,https://www.suzuki.co.jp/release/d/2024/1127/,
2026-08-17T05:15:52,スズキ,rss,2024年11月25日,,https://www.suzuki.co.jp/release/d/2024/1125/,
2026-08-17T05:15:52,スズキ,rss,2024年11月21日,,https://www.suzuki.co.jp/release/d/2024/1121/,
2026-08-17T05:15:52,スズキ,rss,2024年11月18日,,https://www.suzuki.co.jp/release/d/2024/1118a/,
2026-08-17T05:15:52,スズキ,rss,2024年11月18日,,https://www.suzuki.co.jp/release/d/2024/1118/,
2026-08-17T05:15:52,スズキ,rss,2024年11月13日,,https://www.suzuki.co.jp/release/d/2024/1113/,
2026-08-17T05:15:52,スズキ,rss,2024年11月12日,,https://www.suzuki.co.jp/release/d/2024/1112a/,
2026-08-17T05:15:52,スズキ,rss,2024年11月12日,,https://www.suzuki.co.jp/release/d/2024/1112/,
2026-08-17T05:15:52,スズキ,rss,2024年11月11日,,https://www.suzuki.co.jp/release/d/2024/1111a/,
2026-08-17T05:15:52,スズキ,rss,2024年11月11日,,https://www.suzuki.co.jp/release/d/2024/1111/,
2026-08-17T05:15:52,スズキ,rss,2024年11月8日,,https://www.suzuki.co.jp/ir/library/financialaffairs/#2025,
2026-08-17T05:15:52,スズキ,rss,2024年11月6日,,https://www.suzuki.co.jp/release/a/2024/1106a/,
2026-08-17T05:15:52,スズキ,rss,2024年11月6日,,https://www.suzuki.co.jp/release/a/2024/1106/,
2026-08-17T05:15:52,スズキ,rss,2024年11月5日,,https://www.suzuki.co.jp/release/b/2024/1105/,
2026-08-17T05:15:52,スズキ,rss,2024年11月5日,,https://www.suzuki.co.jp/release/d/2024/1105/,
2026-08-17T05:15:52,スズキ,rss,2024年11月4日,,https://www.suzuki.co.jp/release/d/2024/1104/,
2026-08-17T05:15:52,スズキ,rss,2024年10月31日,,https://www.suzuki.co.jp/release/d/2024/1031/,
2026-08-17T05:15:52,スズキ,rss,2024年10月30日,,https://www.suzuki.co.jp/release/d/2024/1030a/,
2026-08-17T05:15:52,スズキ,rss,2024年10月30日,,https://www.suzuki.co.jp/release/d/2024/1030/,
2026-08-17T05:15:52,スズキ,rss,2024年10月29日,,https://www.suzuki.co.jp/release/d/2024/1029/,
2026-08-17T05:15:52,スズキ,rss,2024年10月23日,,https://www.suzuki.co.jp/release/d/2024/1023/,
2026-08-17T05:15:52,スズキ,rss,2024年10月21日,,https://www.suzuki.co.jp/release/d/2024/1021/,
2026-08-17T05:15:52,スズキ,rss,2024年10月16日,,https://www.suzuki.co.jp/release/d/2024/1016/,
2026-08-17T05:15:52,スズキ,rss,2024年10月16日,,https://www.suzuki.co.jp/release/a/2024/1016/,
2026-08-17T05:15:52,スズキ,rss,2024年10月14日,,https://www.suzuki.co.jp/release/d/2024/1014/,
2026-08-17T05:15:52,スズキ,rss,2024年10月11日,,https://www.suzuki.co.jp/release/d/2024/1011/,
2026-08-17T05:15:52,スズキ,rss,2024年10月8日,,https://www.suzuki.co.jp/release/d/2024/1008/,
2026-08-17T05:15:52,スズキ,rss,2024年10月3日,,https://www.suzuki.co.jp/release/d/2024/1003a/,
2026-08-17T05:15:52,スズキ,rss,2024年10月3日,,https://www.suzuki.co.jp/release/d/2024/1003/,
2026-08-17T05:15:52,スズキ,rss,2024年10月1日,,https://www.suzuki.co.jp/release/d/2024/1001/,
2026-08-17T05:15:52,スズキ,rss,2024年10月1日,,https://www.suzuki.co.jp/release/d/2024/1001a/,
2026-08-17T05:15:52,スズキ,rss,2024年9月27日,,https://www.suzuki.co.jp/release/d/2024/0927/,
2026-08-17T05:15:52,スズキ,rss,2024年9月26日,,https://www.suzuki.co.jp/release/d/2024/0926a/,
2026-08-17T05:15:52,スズキ,rss,2024年9月26日,,https://www.suzuki.co.jp/release/d/2024/0926/,
2026-08-17T05:15:52,スズキ,rss,2024年9月23日,,https://www.suzuki.co.jp/release/d/2024/0923/,
2026-08-17T05:15:52,スズキ,rss,2024年9月20日,,https://www.suzuki.co.jp/release/d/2024/0920a/,
2026-08-17T05:15:52,スズキ,rss,2024年9月20日,,https://www.suzuki.co.jp/release/a/2024/0920/,
2026-08-17T05:15:52,スズキ,rss,2024年9月20日,,https://www.suzuki.co.jp/release/d/2024/0920/,
2026-08-17T05:15:52,スズキ,rss,2024年9月17日,,https://www.suzuki.co.jp/release/d/2024/0917/,
2026-08-17T05:15:52,スズキ,rss,2024年9月12日,,https://www.suzuki.co.jp/release/d/2024/0912/,
2026-08-17T05:15:52,スズキ,rss,2024年9月11日,,https://www.suzuki.co.jp/release/d/2024/0911/,
2026-08-17T05:15:52,スズキ,rss,2024年9月9日,,https://www.suzuki.co.jp/release/d/2024/0909/,
2026-08-17T05:15:52,スズキ,rss,2024年9月7日,,https://www.suzuki.co.jp/release/d/2024/0907/,
2026-08-17T05:15:52,スズキ,rss,2024年9月6日,,https://www.suzuki.co.jp/release/d/2024/0906/,
2026-08-17T05:15:52,スズキ,rss,2024年9月3日,,https://www.suzuki.co.jp/release/d/2024/0903/,
2026-08-17T05:15:52,スズキ,rss,2024年9月2日,,https://www.suzuki.co.jp/release/d/2024/0902/,
2026-08-17T05:15:52,スズキ,rss,2024年8月29日,,https://www.suzuki.co.jp/release/d/2024/0829/,
2026-08-17T05:15:52,スズキ,rss,2024年8月27日,,https://www.suzuki.co.jp/release/d/2024/0827/,
2026-08-17T05:15:52,スズキ,rss,2024年8月23日,,https://www.suzuki.co.jp/release/a/2024/0823/,
2026-08-17T05:15:52,スズキ,rss,2024年8月9日,,https://www.suzuki.co.jp/release/d/2024/0809/,
2026-08-17T05:15:52,スズキ,rss,2024年8月6日,,https://www.suzuki.co.jp/ir/library/financialaffairs/#2025,
2026-08-17T05:15:52,スズキ,rss,2024年7月30日,,https://www.suzuki.co.jp/release/d/2024/0730/,
2026-08-17T05:15:52,スズキ,rss,2024年7月26日,,https://www.suzuki.co.jp/release/d/2024/0726/,
2026-08-17T05:15:52,スズキ,rss,2024年7月25日,,https://www.suzuki.co.jp/release/a/2024/0725/,
2026-08-17T05:15:52,スズキ,rss,2024年7月23日,,https://www.suzuki.co.jp/release/d/2024/0723/,
2026-08-17T05:15:52,スズキ,rss,2024年7月17日,,https://www.suzuki.co.jp/release/d/2024/0717/,
2026-08-17T05:15:52,スズキ,rss,2024年7月13日,,https://www.suzuki.co.jp/release/d/2024/0713/,
2026-08-17T05:15:52,スズキ,rss,2024年7月10日,,https://www.suzuki.co.jp/release/d/2024/0710/,
2026-08-17T05:15:52,スズキ,rss,2024年7月4日,,https://www.suzuki.co.jp/release/d/2024/0704a/,
2026-08-17T05:15:52,スズキ,rss,2024年7月4日,,https://www.suzuki.co.jp/release/d/2024/0704/,
2026-08-17T05:15:52,スズキ,rss,2024年7月1日,,https://www.suzuki.co.jp/release/d/2024/0701/,
2026-08-17T05:15:52,スズキ,rss,2024年7月1日,,https://www.suzuki.co.jp/release/a/2024/0701/,
2026-08-17T05:15:52,スズキ,rss,2024年6月28日,,https://www.suzuki.co.jp/release/b/2024/0628/,
2026-08-17T05:15:52,スズキ,rss,2024年6月27日,,https://www.suzuki.co.jp/release/d/2024/0627a/,
2026-08-17T05:15:52,スズキ,rss,2024年6月27日,,https://www.suzuki.co.jp/release/d/2024/0627/,
2026-08-17T05:15:52,スズキ,rss,2024年6月25日,,https://www.suzuki.co.jp/release/d/2024/0625/,
2026-08-17T05:15:52,スズキ,rss,2024年6月21日,,https://www.suzuki.co.jp/release/d/2024/0621/,
2026-08-17T05:15:52,スズキ,rss,2024年6月20日,,https://www.suzuki.co.jp/release/d/2024/0620a/,
2026-08-17T05:15:52,スズキ,rss,2024年6月20日,,https://www.suzuki.co.jp/release/d/2024/0620/,
2026-08-17T05:15:52,スズキ,rss,2024年6月18日,,https://www.suzuki.co.jp/release/d/2024/0618/,
2026-08-17T05:15:52,スズキ,rss,2024年6月17日,,https://www.suzuki.co.jp/release/d/2024/0617a/,
2026-08-17T05:15:52,スズキ,rss,2024年6月17日,,https://www.suzuki.co.jp/release/d/2024/0617/,
2026-08-17T05:15:52,スズキ,rss,2024年6月7日,,https://www.suzuki.co.jp/release/d/2024/0607/,
2026-08-17T05:15:52,スズキ,rss,2024年6月6日,,https://www.suzuki.co.jp/release/d/2024/0606/,
2026-08-17T05:15:52,スズキ,rss,2024年6月3日,,https://www.suzuki.co.jp/release/d/2024/0603/,
2026-08-17T05:15:52,スズキ,rss,2024年5月31日,,https://www.suzuki.co.jp/release/b/2024/0531/,
2026-08-17T05:15:52,スズキ,rss,2024年5月30日,,https://www.suzuki.co.jp/release/d/2024/0530/,
2026-08-17T05:15:52,スズキ,rss,2024年5月29日,,https://www.suzuki.co.jp/release/b/2024/0529/,
2026-08-17T05:15:52,スズキ,rss,2024年5月24日,,https://www.suzuki.co.jp/release/a/2024/0524/,
2026-08-17T05:15:52,スズキ,rss,2024年5月20日,,https://www.suzuki.co.jp/release/d/2024/0520/,
2026-08-17T05:15:52,スズキ,rss,2024年5月15日,,https://www.suzuki.co.jp/release/d/2024/0515b/,
2026-08-17T05:15:52,スズキ,rss,2024年5月15日,,https://www.suzuki.co.jp/release/d/2024/0515a/,
2026-08-17T05:15:52,スズキ,rss,2024年5月15日,,https://www.suzuki.co.jp/release/d/2024/0515/,
2026-08-17T05:15:52,スズキ,rss,2024年5月13日,,https://www.suzuki.co.jp/ir/library/financialaffairs/#2024,
2026-08-17T05:15:52,スズキ,rss,2024年5月9日,,https://www.suzuki.co.jp/release/d/2024/0509/,
2026-08-17T05:15:52,スズキ,rss,2024年4月25日,,https://www.suzuki.co.jp/release/d/2024/0425/,
2026-08-17T05:15:52,スズキ,rss,2024年4月23日,,https://www.suzuki.co.jp/release/d/2024/0423/,
2026-08-17T05:15:52,スズキ,rss,2024年4月19日,,https://www.suzuki.co.jp/release/d/2024/0419/,
2026-08-17T05:15:52,スズキ,rss,2024年4月19日,,https://www.suzuki.co.jp/release/a/2024/0419/,
2026-08-17T05:15:52,スズキ,rss,2024年4月16日,,https://www.suzuki.co.jp/release/d/2024/0416/,
2026-08-17T05:15:52,スズキ,rss,2024年4月15日,,https://www.suzuki.co.jp/release/d/2024/0415/,
2026-08-17T05:15:52,スズキ,rss,2024年4月11日,,https://www.suzuki.co.jp/release/d/2024/0411/,
2026-08-17T05:15:52,スズキ,rss,2024年4月8日,,https://www.suzuki.co.jp/release/d/2024/0408/,
2026-08-17T05:15:52,スズキ,rss,2024年4月4日,,https://www.suzuki.co.jp/release/d/2024/0404/,
2026-08-17T05:15:52,スズキ,rss,2024年4月3日,,https://www.suzuki.co.jp/release/d/2024/0403/,
2026-08-17T05:15:52,スズキ,rss,2024年3月29日,,https://www.suzuki.co.jp/release/d/2024/0329/pdf/0329.pdf,
2026-08-17T05:15:52,スズキ,rss,2024年3月28日,,https://www.suzuki.co.jp/release/d/2024/0328/,
2026-08-17T05:15:52,スズキ,rss,2024年3月26日,,https://www.suzuki.co.jp/release/d/2024/0326/,
2026-08-17T05:15:52,スズキ,rss,2024年3月22日,,https://www.suzuki.co.jp/release/b/2024/0322/,
2026-08-17T05:15:52,スズキ,rss,2024年3月21日,,https://www.suzuki.co.jp/release/d/2024/0321/,
2026-08-17T05:15:52,スズキ,rss,2024年3月18日,,https://www.suzuki.co.jp/release/d/2024/0318/,
2026-08-17T05:15:52,スズキ,rss,2024年3月8日,,https://www.suzuki.co.jp/release/d/2024/0308/,
2026-08-17T05:15:52,スズキ,rss,2024年3月8日,,https://www.suzuki.co.jp/release/b/2024/0308/,
2026-08-17T05:15:52,スズキ,rss,2024年3月8日,,https://www.suzuki.co.jp/release/c/2024/0308/,
2026-08-17T05:15:52,スズキ,rss,2024年3月7日,,https://www.suzuki.co.jp/release/d/2024/0307/,
2026-08-17T05:15:52,スズキ,rss,2024年2月29日,,https://www.suzuki.co.jp/release/d/2024/0229/,
2026-08-17T05:15:52,スズキ,rss,2024年2月28日,,https://www.suzuki.co.jp/release/d/2024/0228/,
2026-08-17T05:15:52,スズキ,rss,2024年2月27日,,https://www.suzuki.co.jp/release/a/2024/0227/,
2026-08-17T05:15:52,スズキ,rss,2024年2月20日,,https://www.suzuki.co.jp/release/d/2024/0220/,
2026-08-17T05:15:52,スズキ,rss,2024年2月19日,,https://www.suzuki.co.jp/release/a/2024/0219/,
2026-08-17T05:15:52,スズキ,rss,2024年2月16日,,https://www.suzuki.co.jp/release/d/2024/0216a/,
2026-08-17T05:15:52,スズキ,rss,2024年2月16日,,https://www.suzuki.co.jp/release/d/2024/0216b/,
2026-08-17T05:15:52,スズキ,rss,2024年2月7日,,https://www.suzuki.co.jp/ir/library/financialaffairs/#2024,
2026-08-17T05:15:52,スズキ,rss,2024年2月7日,,https://www.suzuki.co.jp/release/d/2024/0207/,
2026-08-17T05:15:52,スズキ,rss,2024年2月6日,,https://www.suzuki.co.jp/release/d/2024/0206/,
2026-08-17T05:15:52,スズキ,rss,2024年2月1日,,https://www.suzuki.co.jp/release/d/2024/0201/,
2026-08-17T05:15:52,スズキ,rss,2024年1月30日,,https://www.suzuki.co.jp/release/d/2024/0130/,
2026-08-17T05:15:52,スズキ,rss,2024年1月26日,,https://www.suzuki.co.jp/release/d/2024/0126/,
2026-08-17T05:15:52,スズキ,rss,2024年1月18日,,https://www.suzuki.co.jp/release/b/2024/0118/,
2026-08-17T05:15:52,スズキ,rss,2024年1月10日,,https://www.suzuki.co.jp/release/d/2024/0110b/,
2026-08-17T05:15:52,スズキ,rss,2024年1月10日,,https://www.suzuki.co.jp/release/d/2024/0110a/,
2026-08-17T05:15:52,スズキ,rss,2024年1月10日,,https://www.suzuki.co.jp/release/d/2024/0110/,
2026-08-17T05:15:52,スズキ,rss,2023年12月28日,,https://www.suzuki.co.jp/release/d/2023/1228/,
2026-08-17T05:15:52,スズキ,rss,2023年12月27日,,https://www.suzuki.co.jp/release/d/2023/1227/,
2026-08-17T05:15:52,スズキ,rss,2023年12月26日,,https://www.suzuki.co.jp/release/d/2023/1226/,
2026-08-17T05:15:52,スズキ,rss,2023年12月22日,,https://www.suzuki.co.jp/release/c/2023/1222/,
2026-08-17T05:15:52,スズキ,rss,2023年12月15日,,https://www.suzuki.co.jp/release/d/2023/1215a/,
2026-08-17T05:15:52,スズキ,rss,2023年12月15日,,https://www.suzuki.co.jp/release/d/2023/1215b/,
2026-08-17T05:15:52,スズキ,rss,2023年12月13日,,https://www.suzuki.co.jp/release/d/2023/1213/,
2026-08-17T05:15:52,スズキ,rss,2023年12月13日,,https://www.suzuki.co.jp/release/a/2023/1213/,
2026-08-17T05:15:52,スズキ,rss,2023年12月8日,,https://www.suzuki.co.jp/release/a/2023/1208/,
2026-08-17T05:15:52,スズキ,rss,2023年12月7日,,https://www.suzuki.co.jp/release/a/2023/1207/,
2026-08-17T05:15:52,スズキ,rss,2023年12月6日,,https://www.suzuki.co.jp/release/d/2023/1206/,
2026-08-17T05:15:52,スズキ,rss,2023年12月6日,,https://www.suzuki.co.jp/release/a/2023/1206/,
2026-08-17T05:15:52,スズキ,rss,2023年11月29日,,https://www.suzuki.co.jp/release/d/2023/1129/,
2026-08-17T05:15:52,スズキ,rss,2023年11月28日,,https://www.suzuki.co.jp/release/d/2023/1128/,
2026-08-17T05:15:52,スズキ,rss,2023年11月24日,,https://www.suzuki.co.jp/release/d/2023/1124/,
2026-08-17T05:15:52,スズキ,rss,2023年11月22日,,https://www.suzuki.co.jp/release/d/2023/1122/,
2026-08-17T05:15:52,スズキ,rss,2023年11月20日,,https://www.suzuki.co.jp/release/a/2023/1120/,
2026-08-17T05:15:52,スズキ,rss,2023年11月14日,,https://www.suzuki.co.jp/release/d/2023/1114/,
2026-08-17T05:15:52,スズキ,rss,2023年11月13日,,https://www.suzuki.co.jp/release/a/2023/1113/,
2026-08-17T05:15:52,スズキ,rss,2023年11月10日,,https://www.suzuki.co.jp/release/d/2023/1110/,
2026-08-17T05:15:52,スズキ,rss,2023年11月9日,,https://www.suzuki.co.jp/release/a/2023/1109/,
2026-08-17T05:15:52,スズキ,rss,2023年11月7日,,https://www.suzuki.co.jp/release/b/2023/1107/,
2026-08-17T05:15:52,スズキ,rss,2023年11月7日,,https://www.suzuki.co.jp/ir/library/financialaffairs/#2024,
2026-08-17T05:15:52,スズキ,rss,2023年11月7日,,https://www.suzuki.co.jp/release/d/2023/1107/,
2026-08-17T05:15:52,スズキ,rss,2023年10月30日,,https://www.suzuki.co.jp/release/d/2023/1030/,
2026-08-17T05:15:52,スズキ,rss,2023年10月20日,,https://www.suzuki.co.jp/release/d/2023/1020/,
2026-08-17T05:15:52,スズキ,rss,2023年10月20日,,https://www.suzuki.co.jp/release/b/2023/1020/,
2026-08-17T05:15:52,スズキ,rss,2023年10月18日,,https://www.suzuki.co.jp/release/d/2023/1018/,
2026-08-17T05:15:52,スズキ,rss,2023年10月17日,,https://www.suzuki.co.jp/release/d/2023/1017a/,
2026-08-17T05:15:52,スズキ,rss,2023年10月17日,,https://www.suzuki.co.jp/release/d/2023/1017/,
2026-08-17T05:15:52,スズキ,rss,2023年10月10日,,https://www.suzuki.co.jp/release/d/2023/1010a/,
2026-08-17T05:15:52,スズキ,rss,2023年10月10日,,https://www.suzuki.co.jp/release/d/2023/1010/,
2026-08-17T05:15:52,スズキ,rss,2023年10月6日,,https://www.suzuki.co.jp/release/b/2023/1006/,
2026-08-17T05:15:52,スズキ,rss,2023年10月3日,,https://www.suzuki.co.jp/release/d/2023/1003/,
2026-08-17T05:15:52,スズキ,rss,2023年10月2日,,https://www.suzuki.co.jp/release/a/2023/1002/,
2026-08-17T05:15:52,スズキ,rss,2023年9月29日,,https://www.suzuki.co.jp/release/d/2023/0929/,
2026-08-17T05:15:52,スズキ,rss,2023年9月28日,,https://www.suzuki.co.jp/release/d/2023/0928/,
2026-08-17T05:15:52,スズキ,rss,2023年9月21日,,https://www.suzuki.co.jp/release/d/2023/0921/,
2026-08-17T05:15:52,スズキ,rss,2023年9月18日,,https://www.suzuki.co.jp/release/d/2023/0918/,
2026-08-17T05:15:52,スズキ,rss,2023年9月15日,,https://www.suzuki.co.jp/release/d/2023/0915/,
2026-08-17T05:15:52,スズキ,rss,2023年9月11日,,https://www.suzuki.co.jp/release/d/2023/0911a/,
2026-08-17T05:15:52,スズキ,rss,2023年9月11日,,https://www.suzuki.co.jp/release/d/2023/0911/,
2026-08-17T05:15:52,スズキ,rss,2023年9月8日,,https://www.suzuki.co.jp/release/d/2023/0908/,
2026-08-17T05:15:52,スズキ,rss,2023年9月6日,,https://www.suzuki.co.jp/release/d/2023/0906/,
2026-08-17T05:15:52,スズキ,rss,2023年8月30日,,https://www.suzuki.co.jp/release/d/2023/0830/,
2026-08-17T05:15:52,スズキ,rss,2023年8月10日,,https://www.suzuki.co.jp/release/d/2023/0810/,
2026-08-17T05:15:52,スズキ,rss,2023年8月8日,,https://www.suzuki.co.jp/release/d/2023/0808/,
2026-08-17T05:15:52,スズキ,rss,2023年8月8日,,https://www.suzuki.co.jp/release/b/2023/0808/,
2026-08-17T05:15:52,スズキ,rss,2023年8月4日,,https://www.suzuki.co.jp/ir/library/financialaffairs/#2024,
2026-08-17T05:15:52,スズキ,rss,2023年7月31日,,https://www.suzuki.co.jp/release/d/2023/0731a/,
2026-08-17T05:15:52,スズキ,rss,2023年7月31日,,https://www.suzuki.co.jp/release/d/2023/0731/,
2026-08-17T05:15:52,スズキ,rss,2023年7月28日,,https://www.suzuki.co.jp/release/d/2023/0728/,
2026-08-17T05:15:52,スズキ,rss,2023年7月19日,,https://www.suzuki.co.jp/release/d/2023/0719/,
2026-08-17T05:15:52,スズキ,rss,2023年7月13日,,https://www.suzuki.co.jp/release/d/2023/0713/,
2026-08-17T05:15:52,スズキ,rss,2023年7月12日,,https://www.suzuki.co.jp/release/a/2023/0712/,
2026-08-17T05:15:52,スズキ,rss,2023年7月3日,,https://www.suzuki.co.jp/release/a/2023/0703/,
2026-08-17T05:15:52,スズキ,rss,2023年6月30日,,https://www.suzuki.co.jp/release/b/2023/0630a/,
2026-08-17T05:15:52,スズキ,rss,2023年6月30日,,https://www.suzuki.co.jp/release/b/2023/0630b/,
2026-08-17T05:15:52,スズキ,rss,2023年6月29日,,https://www.suzuki.co.jp/release/d/2023/0629/,
2026-08-17T05:15:52,スズキ,rss,2023年6月23日,,https://www.suzuki.co.jp/release/d/2023/0623/,
2026-08-17T05:15:52,スズキ,rss,2023年6月20日,,https://www.suzuki.co.jp/release/d/2023/0620a/,
2026-08-17T05:15:52,スズキ,rss,2023年6月20日,,https://www.suzuki.co.jp/release/d/2023/0620/,
2026-08-17T05:15:52,スズキ,rss,2023年6月13日,,https://www.suzuki.co.jp/release/d/2023/0613/,
2026-08-17T05:15:52,スズキ,rss,2023年6月2日,,https://www.suzuki.co.jp/release/d/2023/0602/,
2026-08-17T05:15:52,スズキ,rss,2023年5月30日,,https://www.suzuki.co.jp/release/d/2023/0530/,
2026-08-17T05:15:52,スズキ,rss,2023年5月23日,,https://www.suzuki.co.jp/release/d/2023/0523/,
2026-08-17T05:15:52,スズキ,rss,2023年5月17日,,https://www.suzuki.co.jp/release/a/2023/0517/,
2026-08-17T05:15:52,スズキ,rss,2023年5月17日,,https://www.suzuki.co.jp/release/d/2023/0517/,
2026-08-17T05:15:52,スズキ,rss,2023年5月16日,,https://www.suzuki.co.jp/release/d/2023/0516/,
2026-08-17T05:15:52,スズキ,rss,2023年5月15日,,https://www.suzuki.co.jp/release/d/2023/0515a/,
2026-08-17T05:15:52,スズキ,rss,2023年5月15日,,https://www.suzuki.co.jp/release/d/2023/0515/,
2026-08-17T05:15:52,スズキ,rss,2023年5月10日,,https://www.suzuki.co.jp/release/a/2023/0510/,
2026-08-17T05:15:52,スズキ,rss,2023年4月27日,,https://www.suzuki.co.jp/release/d/2023/0427/,
2026-08-17T05:15:52,スズキ,rss,2023年4月14日,,https://www.suzuki.co.jp/release/d/2023/0414/,
2026-08-17T05:15:52,スズキ,rss,2023年4月12日,,https://www.suzuki.co.jp/release/d/2023/0412/,
2026-08-17T05:15:52,スズキ,rss,2023年4月11日,,https://www.suzuki.co.jp/release/d/2023/0411/,
2026-08-17T05:15:52,スズキ,rss,2023年4月6日,,https://www.suzuki.co.jp/release/d/2023/0406/,
2026-08-17T05:15:52,スズキ,rss,2023年4月5日,,https://www.suzuki.co.jp/release/d/2023/0405/,
2026-08-17T05:15:52,スズキ,rss,2023年3月30日,,https://www.suzuki.co.jp/release/d/2023/0330a/,
2026-08-17T05:15:52,スズキ,rss,2023年3月30日,,https://www.suzuki.co.jp/release/d/2023/0330/,
2026-08-17T05:15:52,スズキ,rss,2023年3月29日,,https://www.suzuki.co.jp/release/d/2023/0329/,
2026-08-17T05:15:52,スズキ,rss,2023年3月29日,,https://www.suzuki.co.jp/release/b/2023/0329/,
2026-08-17T05:15:52,スズキ,rss,2023年3月22日,,https://www.suzuki.co.jp/release/d/2023/0322a/,
2026-08-17T05:15:52,スズキ,rss,2023年3月22日,,https://www.suzuki.co.jp/release/d/2023/0322/,
2026-08-17T05:15:52,スズキ,rss,2023年3月17日,,https://www.suzuki.co.jp/release/b/2023/0317a/,
2026-08-17T05:15:52,スズキ,rss,2023年3月17日,,https://www.suzuki.co.jp/release/b/2023/0317b/,
2026-08-17T05:15:52,スズキ,rss,2023年3月16日,,https://www.suzuki.co.jp/release/d/2023/0316/,
2026-08-17T05:15:52,スズキ,rss,2023年3月10日,,https://www.suzuki.co.jp/release/b/2023/0310/,
2026-08-17T05:15:52,スズキ,rss,2023年3月6日,,https://www.suzuki.co.jp/release/d/2023/0306/,
2026-08-17T05:15:52,スズキ,rss,2023年3月3日,,https://www.suzuki.co.jp/release/c/2023/0303/,
2026-08-17T05:15:52,スズキ,rss,2023年2月27日,,https://www.suzuki.co.jp/release/d/2023/0227/,
2026-08-17T05:15:52,スズキ,rss,2023年2月24日,,https://www.suzuki.co.jp/release/d/2023/0224/,
2026-08-17T05:15:52,スズキ,rss,2023年2月21日,,https://www.suzuki.co.jp/release/b/2023/0221/,
2026-08-17T05:15:52,スズキ,rss,2023年2月17日,,https://www.suzuki.co.jp/release/d/2023/0217a/,
2026-08-17T05:15:52,スズキ,rss,2023年2月17日,,https://www.suzuki.co.jp/release/d/2023/0217b/,
2026-08-17T05:15:52,スズキ,rss,2023年2月16日,,https://www.suzuki.co.jp/release/d/2023/0216a/,
2026-08-17T05:15:52,スズキ,rss,2023年2月16日,,https://www.suzuki.co.jp/release/d/2023/0216/,
2026-08-17T05:15:52,スズキ,rss,2023年2月10日,,https://www.suzuki.co.jp/release/d/2023/0210/,
2026-08-17T05:15:52,スズキ,rss,2023年2月7日,,https://www.suzuki.co.jp/release/d/2023/0207a/,
2026-08-17T05:15:52,スズキ,rss,2023年2月7日,,https://www.suzuki.co.jp/release/d/2023/0207b/,
2026-08-17T05:15:52,スズキ,rss,2023年2月6日,,https://www.suzuki.co.jp/release/d/2023/0206/,
2026-08-17T05:15:52,スズキ,rss,2023年2月1日,,https://www.suzuki.co.jp/release/a/2023/0201/,
2026-08-17T05:15:52,スズキ,rss,2023年1月31日,,https://www.suzuki.co.jp/release/d/2023/0131/,
2026-08-17T05:15:52,スズキ,rss,2023年1月30日,,https://www.suzuki.co.jp/release/d/2023/0130b/,
2026-08-17T05:15:52,スズキ,rss,2023年1月30日,,https://www.suzuki.co.jp/release/d/2023/0130a/,
2026-08-17T05:15:52,スズキ,rss,2023年1月27日,,https://www.suzuki.co.jp/release/d/2023/0127/,
2026-08-17T05:15:52,スズキ,rss,2023年1月26日,,https://www.suzuki.co.jp/release/d/2023/0126/,
2026-08-17T05:15:52,スズキ,rss,2023年1月17日,,https://www.suzuki.co.jp/release/d/2023/0117/,
2026-08-17T05:15:52,スズキ,rss,2023年1月12日,,https://www.suzuki.co.jp/release/d/2023/0112/,
2026-08-17T05:15:52,スズキ,rss,2023年1月11日,,https://www.suzuki.co.jp/release/d/2023/0111/,
2026-08-17T05:15:52,スズキ,rss,2023年1月10日,,https://www.suzuki.co.jp/release/d/2023/0110/,
2026-08-17T05:15:52,スズキ,rss,2022年12月28日,,https://www.suzuki.co.jp/release/d/2022/1228/,
2026-08-17T05:15:52,スズキ,rss,2022年12月26日,,https://www.suzuki.co.jp/release/d/2022/1226/,
2026-08-17T05:15:52,スズキ,rss,2022年12月26日,,https://www.suzuki.co.jp/release/c/2022/1226/,
2026-08-17T05:15:52,スズキ,rss,2022年12月23日,,https://www.suzuki.co.jp/release/d/2022/1223a/,
2026-08-17T05:15:52,スズキ,rss,2022年12月23日,,https://www.suzuki.co.jp/release/d/2022/1223/,
2026-08-17T05:15:52,スズキ,rss,2022年12月23日,,https://www.suzuki.co.jp/release/a/2022/1223/,
2026-08-17T05:15:52,スズキ,rss,2022年12月15日,,https://www.suzuki.co.jp/release/a/2022/1215/,
2026-08-17T05:15:52,スズキ,rss,2022年12月12日,,https://www.suzuki.co.jp/release/d/2022/1212/,
2026-08-17T05:15:52,スズキ,rss,2022年12月1日,,https://www.suzuki.co.jp/release/d/2022/1201/,
2026-08-17T05:15:52,スズキ,rss,2022年11月29日,,https://www.suzuki.co.jp/release/d/2022/1129/,
2026-08-17T05:15:52,スズキ,rss,2022年11月10日,,https://www.suzuki.co.jp/release/d/2022/1110/,
2026-08-17T05:15:52,スズキ,rss,2022年11月8日,,https://www.suzuki.co.jp/release/b/2022/1108a/,
2026-08-17T05:15:52,スズキ,rss,2022年11月8日,,https://www.suzuki.co.jp/release/d/2022/1108/,
2026-08-17T05:15:52,スズキ,rss,2022年11月8日,,https://www.suzuki.co.jp/release/b/2022/1108/,
2026-08-17T05:15:52,スズキ,rss,2022年11月7日,,https://www.suzuki.co.jp/release/b/2022/1107/,
2026-08-17T05:15:52,スズキ,rss,2022年11月2日,,https://www.suzuki.co.jp/release/c/2022/1102/,
2026-08-17T05:15:52,スズキ,rss,2022年10月28日,,https://www.suzuki.co.jp/release/d/2022/1028a/,
2026-08-17T05:15:52,スズキ,rss,2022年10月28日,,https://www.suzuki.co.jp/release/d/2022/1028/,
2026-08-17T05:15:52,スズキ,rss,2022年10月25日,,https://www.suzuki.co.jp/release/d/2022/1025/,
2026-08-17T05:15:52,スズキ,rss,2022年10月21日,,https://www.suzuki.co.jp/release/d/2022/1021/,
2026-08-17T05:15:52,スズキ,rss,2022年10月17日,,https://www.suzuki.co.jp/release/b/2022/1017/,
2026-08-17T05:15:52,スズキ,rss,2022年10月13日,,https://www.suzuki.co.jp/release/b/2022/1013/,
2026-08-17T05:15:52,スズキ,rss,2022年10月11日,,https://www.suzuki.co.jp/release/d/2022/1011a/,
2026-08-17T05:15:52,スズキ,rss,2022年10月11日,,https://www.suzuki.co.jp/release/d/2022/1011/,
2026-08-17T05:15:52,スズキ,rss,2022年10月4日,,https://www.suzuki.co.jp/release/b/2022/1004/,
2026-08-17T05:15:52,スズキ,rss,2022年10月4日,,https://www.suzuki.co.jp/release/d/2022/1004/,
2026-08-17T05:15:52,スズキ,rss,2022年9月29日,,https://www.suzuki.co.jp/release/d/2022/0929/,
2026-08-17T05:15:52,スズキ,rss,2022年9月26日,,https://www.suzuki.co.jp/release/d/2022/0926/,
2026-08-17T05:15:52,スズキ,rss,2022年9月21日,,https://www.suzuki.co.jp/release/d/2022/0921/,
2026-08-17T05:15:52,スズキ,rss,2022年9月20日,,https://www.suzuki.co.jp/release/d/2022/0920/,
2026-08-17T05:15:52,スズキ,rss,2022年9月14日,,https://www.suzuki.co.jp/release/d/2022/0914/,
2026-08-17T05:15:52,スズキ,rss,2022年9月12日,,https://www.suzuki.co.jp/release/d/2022/0912/,
2026-08-17T05:15:52,スズキ,rss,2022年9月7日,,https://www.suzuki.co.jp/release/d/2022/0907/,
2026-08-17T05:15:52,スズキ,rss,2022年9月5日,,https://www.suzuki.co.jp/release/b/2022/0905/,
2026-08-17T05:15:52,スズキ,rss,2022年8月31日,,https://www.suzuki.co.jp/release/d/2022/0831b/,
2026-08-17T05:15:52,スズキ,rss,2022年8月31日,,https://www.suzuki.co.jp/release/d/2022/0831a/,
2026-08-17T05:15:52,スズキ,rss,2022年8月31日,,https://www.suzuki.co.jp/release/d/2022/0831/,
2026-08-17T05:15:52,スズキ,rss,2022年8月30日,,https://www.suzuki.co.jp/release/d/2022/0830/,
2026-08-17T05:15:52,スズキ,rss,2022年8月29日,,https://www.suzuki.co.jp/release/d/2022/0829/,
2026-08-17T05:15:52,スズキ,rss,2022年8月28日,,https://www.suzuki.co.jp/release/d/2022/0828a/,
2026-08-17T05:15:52,スズキ,rss,2022年8月28日,,https://www.suzuki.co.jp/release/d/2022/0828b/,
2026-08-17T05:15:52,スズキ,rss,2022年8月26日,,https://www.suzuki.co.jp/release/a/2022/0826/,
2026-08-17T05:15:52,スズキ,rss,2022年8月25日,,https://www.suzuki.co.jp/release/d/2022/0825/,
2026-08-17T05:15:52,スズキ,rss,2022年8月23日,,https://www.suzuki.co.jp/release/d/2022/0823/,
2026-08-17T05:15:52,スズキ,rss,2022年8月22日,,https://www.suzuki.co.jp/release/d/2022/0822a/,
2026-08-17T05:15:52,スズキ,rss,2022年8月22日,,https://www.suzuki.co.jp/release/d/2022/0822b/,
2026-08-17T05:15:52,スズキ,rss,2022年8月5日,,https://www.suzuki.co.jp/release/d/2022/0805/,
2026-08-17T05:15:52,スズキ,rss,2022年8月2日,,https://www.suzuki.co.jp/release/a/2022/0802/,
2026-08-17T05:15:52,スズキ,rss,2022年7月29日,,https://www.suzuki.co.jp/release/d/2022/0729/,
2026-08-17T05:15:52,スズキ,rss,2022年7月28日,,https://www.suzuki.co.jp/release/d/2022/0728/,
2026-08-17T05:15:52,スズキ,rss,2022年7月28日,,https://www.suzuki.co.jp/release/a/2022/0728/,
2026-08-17T05:15:52,スズキ,rss,2022年7月22日,,https://www.suzuki.co.jp/release/c/2022/0722/,
2026-08-17T05:15:52,スズキ,rss,2022年7月20日,,https://www.suzuki.co.jp/release/d/2022/0720a/,
2026-08-17T05:15:52,スズキ,rss,2022年7月20日,,https://www.suzuki.co.jp/release/d/2022/0720/,
2026-08-17T05:15:52,スズキ,rss,2022年7月19日,,https://www.suzuki.co.jp/release/d/2022/0719/,
2026-08-17T05:15:52,スズキ,rss,2022年7月13日,,https://www.suzuki.co.jp/release/b/2022/0713/,
2026-08-17T05:15:52,スズキ,rss,2022年7月13日,,https://www.suzuki.co.jp/release/a/2022/0713/,
2026-08-17T05:15:52,スズキ,rss,2022年6月30日,,https://www.suzuki.co.jp/release/d/2022/0630/,
2026-08-17T05:15:52,スズキ,rss,2022年6月29日,,https://www.suzuki.co.jp/release/d/2022/0629a/,
2026-08-17T05:15:52,スズキ,rss,2022年6月29日,,https://www.suzuki.co.jp/release/d/2022/0629/,
2026-08-17T05:15:52,スズキ,rss,2022年6月24日,,https://www.suzuki.co.jp/release/d/2022/0624/,
2026-08-17T05:15:52,スズキ,rss,2022年6月20日,,https://www.suzuki.co.jp/release/a/2022/0620/,
2026-08-17T05:15:52,スズキ,rss,2022年6月20日,,https://www.suzuki.co.jp/release/d/2022/0620/,
2026-08-17T05:15:52,スズキ,rss,2022年6月17日,,https://www.suzuki.co.jp/release/a/2022/0617/,
2026-08-17T05:15:52,スズキ,rss,2022年6月16日,,https://www.suzuki.co.jp/release/d/2022/0616/,
2026-08-17T05:15:52,スズキ,rss,2022年6月3日,,https://www.suzuki.co.jp/release/d/2022/0603/,
2026-08-17T05:15:52,スズキ,rss,2022年6月2日,,https://www.suzuki.co.jp/release/d/2022/0602a/,
2026-08-17T05:15:52,スズキ,rss,2022年6月2日,,https://www.suzuki.co.jp/release/d/2022/0602/,
2026-08-17T05:15:52,スズキ,rss,2022年6月1日,,https://www.suzuki.co.jp/release/d/2022/0601/,
2026-08-17T05:15:52,スズキ,rss,2022年5月30日,,https://www.suzuki.co.jp/release/d/2022/0530/,
2026-08-17T05:15:52,スズキ,rss,2022年5月23日,,https://www.suzuki.co.jp/release/d/2022/0523/,
2026-08-17T05:15:52,スズキ,rss,2022年5月20日,,https://www.suzuki.co.jp/release/d/2022/0520/,
2026-08-17T05:15:52,スズキ,rss,2022年5月16日,,https://www.suzuki.co.jp/release/d/2022/0516/,
2026-08-17T05:15:52,スズキ,rss,2022年5月12日,,https://www.suzuki.co.jp/release/b/2022/0512/,
2026-08-17T05:15:52,スズキ,rss,2022年5月11日,,https://www.suzuki.co.jp/release/d/2022/0511/,
2026-08-17T05:15:52,スズキ,rss,2022年5月9日,,https://www.suzuki.co.jp/release/a/2022/0509/,
2026-08-17T05:15:52,スズキ,rss,2022年5月9日,,https://www.suzuki.co.jp/release/d/2022/0509/,
2026-08-17T05:15:52,スズキ,rss,2022年4月28日,,https://www.suzuki.co.jp/release/d/2022/0428a/,
2026-08-17T05:15:52,スズキ,rss,2022年4月28日,,https://www.suzuki.co.jp/release/d/2022/0428/,
2026-08-17T05:15:52,スズキ,rss,2022年4月27日,,https://www.suzuki.co.jp/release/d/2022/0427/,
2026-08-17T05:15:52,スズキ,rss,2022年4月21日,,https://www.suzuki.co.jp/release/d/2022/0421/,
2026-08-17T05:15:52,スズキ,rss,2022年4月21日,,https://www.suzuki.co.jp/release/a/2022/0421/,
2026-08-17T05:15:52,スズキ,rss,2022年4月19日,,https://www.suzuki.co.jp/release/b/2022/0419/,
2026-08-17T05:15:52,スズキ,rss,2022年4月7日,,https://www.suzuki.co.jp/release/a/2022/0407a/,
2026-08-17T05:15:52,スズキ,rss,2022年4月7日,,https://www.suzuki.co.jp/release/a/2022/0407b/,
2026-08-17T05:15:52,スズキ,rss,2022年3月31日,,https://www.suzuki.co.jp/release/d/2022/0331/,
2026-08-17T05:15:52,スズキ,rss,2022年3月30日,,https://www.suzuki.co.jp/release/d/2022/0330b/,
2026-08-17T05:15:52,スズキ,rss,2022年3月30日,,https://www.suzuki.co.jp/release/d/2022/0330a/,
2026-08-17T05:15:52,スズキ,rss,2022年3月30日,,https://www.suzuki.co.jp/release/d/2022/0330/,
2026-08-17T05:15:52,スズキ,rss,2022年3月24日,,https://www.suzuki.co.jp/release/d/2022/0324a/,
2026-08-17T05:15:52,スズキ,rss,2022年3月24日,,https://www.suzuki.co.jp/release/d/2022/0324b/,
2026-08-17T05:15:52,スズキ,rss,2022年3月24日,,https://www.suzuki.co.jp/release/c/2022/0324/,
2026-08-17T05:15:52,スズキ,rss,2022年3月22日,,https://www.suzuki.co.jp/release/d/2022/0322/,
2026-08-17T05:15:52,スズキ,rss,2022年3月20日,,https://www.suzuki.co.jp/release/d/2022/0320/,
2026-08-17T05:15:52,スズキ,rss,2022年3月18日,,https://www.suzuki.co.jp/release/d/2022/0318/,
2026-08-17T05:15:52,スズキ,rss,2022年3月16日,,https://www.suzuki.co.jp/release/d/2022/0316/,
2026-08-17T05:15:52,スズキ,rss,2022年3月11日,,https://www.suzuki.co.jp/release/d/2022/0311/,
2026-08-17T05:15:52,スズキ,rss,2022年3月11日,,https://www.suzuki.co.jp/release/b/2022/0311/,
2026-08-17T05:15:52,スズキ,rss,2022年3月4日,,https://www.suzuki.co.jp/release/d/2022/0304/,
2026-08-17T05:15:52,スズキ,rss,2022年2月25日,,https://www.suzuki.co.jp/release/d/2022/0225/,
2026-08-17T05:15:52,スズキ,rss,2022年2月24日,,https://www.suzuki.co.jp/release/d/2022/0224/,
2026-08-17T05:15:52,スズキ,rss,2022年2月18日,,https://www.suzuki.co.jp/release/d/2022/0218a/,
2026-08-17T05:15:52,スズキ,rss,2022年2月18日,,https://www.suzuki.co.jp/release/d/2022/0218b/,
2026-08-17T05:15:52,スズキ,rss,2022年2月17日,,https://www.suzuki.co.jp/release/c/2022/0217/,
2026-08-17T05:15:52,スズキ,rss,2022年2月8日,,https://www.suzuki.co.jp/release/b/2022/0208/,
2026-08-17T05:15:52,スズキ,rss,2022年2月4日,,https://www.suzuki.co.jp/release/d/2022/0204/,
2026-08-17T05:15:52,スズキ,rss,2022年2月1日,,https://www.suzuki.co.jp/release/d/2022/0201/,
2026-08-17T05:15:52,スズキ,rss,2022年1月31日,,https://www.suzuki.co.jp/release/d/2022/0131/,
2026-08-17T05:15:52,スズキ,rss,2022年1月28日,,https://www.suzuki.co.jp/release/d/2022/0128/,
2026-08-17T05:15:52,スズキ,rss,2022年1月27日,,https://www.suzuki.co.jp/release/d/2022/0127/,
2026-08-17T05:15:52,スズキ,rss,2022年1月26日,,https://www.suzuki.co.jp/release/d/2022/0126a/,
2026-08-17T05:15:52,スズキ,rss,2022年1月26日,,https://www.suzuki.co.jp/release/a/2022/0126/,
2026-08-17T05:15:52,スズキ,rss,2022年1月26日,,https://www.suzuki.co.jp/release/d/2022/0126/,
2026-08-17T05:15:52,スズキ,rss,2022年1月21日,,https://www.suzuki.co.jp/release/d/2022/0121/,
2026-08-17T05:15:52,スズキ,rss,2021年12月27日,,https://www.suzuki.co.jp/release/d/2021/1227/,
2026-08-17T05:15:52,スズキ,rss,2021年12月24日,,https://www.suzuki.co.jp/release/d/2021/1224/,
2026-08-17T05:15:52,スズキ,rss,2021年12月23日,,https://www.suzuki.co.jp/release/d/2021/1223/,
2026-08-17T05:15:52,スズキ,rss,2021年12月10日,,https://www.suzuki.co.jp/release/a/2021/1210/,
2026-08-17T05:15:52,スズキ,rss,2021年12月7日,,https://www.suzuki.co.jp/release/d/2021/1207/,
2026-08-17T05:15:52,スズキ,rss,2021年12月3日,,https://www.suzuki.co.jp/release/d/2021/1203a/,
2026-08-17T05:15:52,スズキ,rss,2021年12月3日,,https://www.suzuki.co.jp/release/d/2021/1203/,
2026-08-17T05:15:52,スズキ,rss,2021年12月3日,,https://www.suzuki.co.jp/release/a/2021/1203b/,
2026-08-17T05:15:52,スズキ,rss,2021年12月3日,,https://www.suzuki.co.jp/release/a/2021/1203a/,
2026-08-17T05:15:52,スズキ,rss,2021年11月30日,,https://www.suzuki.co.jp/release/d/2021/1130/,
2026-08-17T05:15:52,スズキ,rss,2021年11月29日,,https://www.suzuki.co.jp/release/d/2021/1129/,
2026-08-17T05:15:52,スズキ,rss,2021年11月26日,,https://www.suzuki.co.jp/release/d/2021/1126/,
2026-08-17T05:15:52,スズキ,rss,2021年11月25日,,https://www.suzuki.co.jp/release/d/2021/1125/,
2026-08-17T05:15:52,スズキ,rss,2021年11月24日,,https://www.suzuki.co.jp/release/d/2021/1124/,
2026-08-17T05:15:52,スズキ,rss,2021年11月16日,,https://www.suzuki.co.jp/release/d/2021/1116/,
2026-08-17T05:15:52,スズキ,rss,2021年11月11日,,https://www.suzuki.co.jp/release/d/2021/1111a/,
2026-08-17T05:15:52,スズキ,rss,2021年11月11日,,https://www.suzuki.co.jp/release/d/2021/1111/,
2026-08-17T05:15:52,スズキ,rss,2021年11月10日,,https://www.suzuki.co.jp/release/d/2021/1110/,
2026-08-17T05:15:52,スズキ,rss,2021年11月1日,,https://www.suzuki.co.jp/release/d/2021/1101/,
2026-08-17T05:15:52,スズキ,rss,2021年10月29日,,https://www.suzuki.co.jp/release/d/2021/1029/,
2026-08-17T05:15:52,スズキ,rss,2021年10月28日,,https://www.suzuki.co.jp/release/d/2021/1028/,
2026-08-17T05:15:52,スズキ,rss,2021年10月22日,,https://www.suzuki.co.jp/release/d/2021/1022/,
2026-08-17T05:15:52,スズキ,rss,2021年10月12日,,https://www.suzuki.co.jp/release/d/2021/1012/,
2026-08-17T05:15:52,スズキ,rss,2021年10月11日,,https://www.suzuki.co.jp/release/b/2021/1011/,
2026-08-17T05:15:52,スズキ,rss,2021年9月30日,,https://www.suzuki.co.jp/release/d/2021/0930/,
2026-08-17T05:15:52,スズキ,rss,2021年9月29日,,https://www.suzuki.co.jp/release/d/2021/0929/,
2026-08-17T05:15:52,スズキ,rss,2021年9月27日,,https://www.suzuki.co.jp/release/d/2021/0927/,
2026-08-17T05:15:52,スズキ,rss,2021年9月22日,,https://www.suzuki.co.jp/release/b/2021/0922/,
2026-08-17T05:15:52,スズキ,rss,2021年9月21日,,https://www.suzuki.co.jp/release/b/2021/0921/,
2026-08-17T05:15:52,スズキ,rss,2021年9月17日,,https://www.suzuki.co.jp/release/d/2021/0917/,
2026-08-17T05:15:52,スズキ,rss,2021年9月16日,,https://www.suzuki.co.jp/release/a/2021/0916/,
2026-08-17T05:15:52,スズキ,rss,2021年9月13日,,https://www.suzuki.co.jp/release/d/2021/0913/,
2026-08-17T05:15:52,スズキ,rss,2021年9月7日,,https://www.suzuki.co.jp/release/c/2021/0907/,
2026-08-17T05:15:52,スズキ,rss,2021年9月7日,,https://www.suzuki.co.jp/release/a/2021/0907/,
2026-08-17T05:15:52,スズキ,rss,2021年9月2日,,https://www.suzuki.co.jp/release/d/2021/0902/,
2026-08-17T05:15:52,スズキ,rss,2021年9月1日,,https://www.suzuki.co.jp/release/a/2021/0901/,
2026-08-17T05:15:52,スズキ,rss,2021年8月30日,,https://www.suzuki.co.jp/release/d/2021/0830a/,
2026-08-17T05:15:52,スズキ,rss,2021年8月30日,,https://www.suzuki.co.jp/release/d/2021/0830/,
2026-08-17T05:15:52,スズキ,rss,2021年8月27日,,https://www.suzuki.co.jp/release/a/2021/0827/,
2026-08-17T05:15:52,スズキ,rss,2021年8月5日,,https://www.suzuki.co.jp/release/d/2021/0805/,
2026-08-17T05:15:52,スズキ,rss,2021年8月2日,,https://www.suzuki.co.jp/release/a/2021/0802/,
2026-08-17T05:15:52,スズキ,rss,2021年7月29日,,https://www.suzuki.co.jp/release/d/2021/0729/,
2026-08-17T05:15:52,スズキ,rss,2021年7月21日,,https://www.suzuki.co.jp/release/d/2021/0721/,
2026-08-17T05:15:52,スズキ,rss,2021年7月21日,,https://www.suzuki.co.jp/release/b/2021/0721/,
2026-08-17T05:15:52,スズキ,rss,2021年7月18日,,https://www.suzuki.co.jp/release/d/2021/0718/,
2026-08-17T05:15:52,スズキ,rss,2021年7月7日,,https://www.suzuki.co.jp/release/d/2021/0707/,
2026-08-17T05:15:52,スズキ,rss,2021年6月29日,,https://www.suzuki.co.jp/release/d/2021/0629a/,
2026-08-17T05:15:52,スズキ,rss,2021年6月29日,,https://www.suzuki.co.jp/release/d/2021/0629/,
2026-08-17T05:15:52,スズキ,rss,2021年6月25日,,https://www.suzuki.co.jp/release/d/2021/0625/,
2026-08-17T05:15:52,スズキ,rss,2021年6月21日,,https://www.suzuki.co.jp/release/c/2021/0621/,
2026-08-17T05:15:52,スズキ,rss,2021年6月21日,,https://www.suzuki.co.jp/release/d/2021/0621/,
2026-08-17T05:15:52,スズキ,rss,2021年6月15日,,https://www.suzuki.co.jp/release/b/2021/0615/,
2026-08-17T05:15:52,スズキ,rss,2021年5月28日,,https://www.suzuki.co.jp/release/d/2021/0528/,
2026-08-17T05:15:52,スズキ,rss,2021年5月25日,,https://www.suzuki.co.jp/release/c/2021/0525/,
2026-08-17T05:15:52,スズキ,rss,2021年5月13日,,https://www.suzuki.co.jp/release/d/2021/0513/,
2026-08-17T05:15:52,スズキ,rss,2021年5月11日,,https://www.suzuki.co.jp/release/d/2021/0511/,
2026-08-17T05:15:52,スズキ,rss,2021年4月28日,,https://www.suzuki.co.jp/release/d/2021/0428/,
2026-08-17T05:15:52,スズキ,rss,2021年4月27日,,https://www.suzuki.co.jp/release/d/2021/0427/,
2026-08-17T05:15:52,スズキ,rss,2021年4月27日,,https://www.suzuki.co.jp/release/b/2021/0427/,
2026-08-17T05:15:52,スズキ,rss,2021年4月26日,,https://www.suzuki.co.jp/release/b/2021/0426/,
2026-08-17T05:15:52,スズキ,rss,2021年4月6日,,https://www.suzuki.co.jp/release/a/2021/0406/,
2026-08-17T05:15:52,スズキ,rss,2021年4月2日,,https://www.suzuki.co.jp/release/d/2021/0402/,
2026-08-17T05:15:52,スズキ,rss,2021年3月30日,,https://www.suzuki.co.jp/release/d/2021/0330/,
2026-08-17T05:15:52,スズキ,rss,2021年3月30日,,https://www.suzuki.co.jp/release/d/2021/0330a/,
2026-08-17T05:15:52,スズキ,rss,2021年3月26日,,https://www.suzuki.co.jp/release/b/2021/0326/,
2026-08-17T05:15:52,スズキ,rss,2021年3月22日,,https://www.suzuki.co.jp/release/c/2021/0322/,
2026-08-17T05:15:52,スズキ,rss,2021年3月19日,,https://www.suzuki.co.jp/release/b/2021/0319/,
2026-08-17T05:15:52,スズキ,rss,2021年3月8日,,https://www.suzuki.co.jp/release/b/2021/0308/,
2026-08-17T05:15:52,スズキ,rss,2021年3月1日,,https://www.suzuki.co.jp/release/d/2021/0301/,
2026-08-17T05:15:52,スズキ,rss,2021年2月25日,,https://www.suzuki.co.jp/release/d/2021/0225/,
2026-08-17T05:15:52,スズキ,rss,2021年2月24日,,https://www.suzuki.co.jp/release/d/2021/0224a/,
2026-08-17T05:15:52,スズキ,rss,2021年2月24日,,https://www.suzuki.co.jp/release/d/2021/0224b/,
2026-08-17T05:15:52,スズキ,rss,2021年2月19日,,https://www.suzuki.co.jp/release/d/2021/0219b/,
2026-08-17T05:15:52,スズキ,rss,2021年2月19日,,https://www.suzuki.co.jp/release/d/2021/0219a/,
2026-08-17T05:15:52,スズキ,rss,2021年2月5日,,https://www.suzuki.co.jp/release/b/2021/0205/,
2026-08-17T05:15:52,スズキ,rss,2021年2月5日,,https://www.suzuki.co.jp/release/d/2021/0205/,
2026-08-17T05:15:52,スズキ,rss,2021年2月2日,,https://www.suzuki.co.jp/release/d/2021/0202/,
2026-08-17T05:15:52,スズキ,rss,2021年1月29日,,https://www.suzuki.co.jp/release/d/2021/0129/,
2026-08-17T05:15:52,スズキ,rss,2021年1月28日,,https://www.suzuki.co.jp/release/d/2021/0128/,
2026-08-17T05:15:52,スズキ,rss,2021年1月20日,,https://www.suzuki.co.jp/release/d/2021/0120/,
2026-08-17T05:15:52,スズキ,rss,2020年12月29日,,https://www.suzuki.co.jp/release/d/2020/1229/,
2026-08-17T05:15:52,スズキ,rss,2020年12月28日,,https://www.suzuki.co.jp/release/d/2020/1228/,
2026-08-17T05:15:52,スズキ,rss,2020年12月25日,,https://www.suzuki.co.jp/release/d/2020/1225/,
2026-08-17T05:15:52,スズキ,rss,2020年12月24日,,https://www.suzuki.co.jp/release/b/2020/1224/,
2026-08-17T05:15:52,スズキ,rss,2020年12月24日,,https://www.suzuki.co.jp/release/d/2020/1224/,
2026-08-17T05:15:52,スズキ,rss,2020年11月30日,,https://www.suzuki.co.jp/release/d/2020/1130/,
2026-08-17T05:15:52,スズキ,rss,2020年11月27日,,https://www.suzuki.co.jp/release/d/2020/1127a/,
2026-08-17T05:15:52,スズキ,rss,2020年11月27日,,https://www.suzuki.co.jp/release/d/2020/1127/,
2026-08-17T05:15:52,スズキ,rss,2020年11月25日,,https://www.suzuki.co.jp/release/a/2020/1125/,
2026-08-17T05:15:52,スズキ,rss,2020年11月24日,,https://www.suzuki.co.jp/release/a/2020/1124/,
2026-08-17T05:15:52,スズキ,rss,2020年11月19日,,https://www.suzuki.co.jp/release/d/2020/1119/,
2026-08-17T05:15:52,スズキ,rss,2020年11月18日,,https://www.suzuki.co.jp/release/d/2020/1118/,
2026-08-17T05:15:52,スズキ,rss,2020年11月17日,,https://www.suzuki.co.jp/release/a/2020/1117/,
2026-08-17T05:15:52,スズキ,rss,2020年11月16日,,https://www.suzuki.co.jp/release/b/2020/1116/,
2026-08-17T05:15:52,スズキ,rss,2020年11月13日,,https://www.suzuki.co.jp/release/c/2020/1113/,
2026-08-17T05:15:52,スズキ,rss,2020年11月9日,,https://www.suzuki.co.jp/release/d/2020/1109/,
2026-08-17T05:15:52,スズキ,rss,2020年11月9日,,https://www.suzuki.co.jp/release/b/2020/1109/,
2026-08-17T05:15:52,スズキ,rss,2020年11月6日,,https://www.suzuki.co.jp/release/a/2020/1106/,
2026-08-17T05:15:52,スズキ,rss,2020年11月5日,,https://www.suzuki.co.jp/release/d/2020/1105/,
2026-08-17T05:15:52,スズキ,rss,2020年11月4日,,https://www.suzuki.co.jp/release/b/2020/1104/,
2026-08-17T05:15:52,スズキ,rss,2020年10月29日,,https://www.suzuki.co.jp/release/d/2020/1029/,
2026-08-17T05:15:52,スズキ,rss,2020年10月22日,,https://www.suzuki.co.jp/release/d/2020/1022/,
2026-08-17T05:15:52,スズキ,rss,2020年10月19日,,https://www.suzuki.co.jp/release/b/2020/1019/,
2026-08-17T05:15:52,スズキ,rss,2020年10月15日,,https://www.suzuki.co.jp/release/a/2020/1015/,
2026-08-17T05:15:52,スズキ,rss,2020年10月14日,,https://www.suzuki.co.jp/release/a/2020/1014/,
2026-08-17T05:15:52,スズキ,rss,2020年10月1日,,https://www.suzuki.co.jp/release/c/2020/1001/,
2026-08-17T05:15:52,スズキ,rss,2020年10月1日,,https://www.suzuki.co.jp/release/d/2020/1001/,
2026-08-17T05:15:52,スズキ,rss,2020年9月30日,,https://www.suzuki.co.jp/release/d/2020/0930a/,
2026-08-17T05:15:52,スズキ,rss,2020年9月29日,,https://www.suzuki.co.jp/release/d/2020/0929/,
2026-08-17T05:15:52,スズキ,rss,2020年9月28日,,https://www.suzuki.co.jp/release/b/2020/0928/,
2026-08-17T05:15:52,スズキ,rss,2020年9月16日,,https://www.suzuki.co.jp/release/a/2020/0916/,
2026-08-17T05:15:52,スズキ,rss,2020年8月28日,,https://www.suzuki.co.jp/release/d/2020/0828/,
2026-08-17T05:15:52,スズキ,rss,2020年8月22日,,https://www.suzuki.co.jp/release/d/2020/0822/,
2026-08-17T05:15:52,スズキ,rss,2020年8月20日,,https://www.suzuki.co.jp/release/d/2020/0820/,
2026-08-17T05:15:52,スズキ,rss,2020年8月20日,,https://www.suzuki.co.jp/release/a/2020/0820/,
2026-08-17T05:15:52,スズキ,rss,2020年8月19日,,https://www.suzuki.co.jp/release/b/2020/0819/,
2026-08-17T05:15:52,スズキ,rss,2020年8月19日,,https://www.suzuki.co.jp/release/d/2020/0819/,
2026-08-17T05:15:52,スズキ,rss,2020年8月6日,,https://www.suzuki.co.jp/release/a/2020/0806/,
2026-08-17T05:15:52,スズキ,rss,2020年8月6日,,https://www.suzuki.co.jp/release/d/2020/0806/,
2026-08-17T05:15:52,スズキ,rss,2020年8月3日,,https://www.suzuki.co.jp/release/d/2020/0803a/,
2026-08-17T05:15:52,スズキ,rss,2020年8月3日,,https://www.suzuki.co.jp/release/d/2020/0803/,
2026-08-17T05:15:52,スズキ,rss,2020年8月1日,,https://www.suzuki.co.jp/release/d/2020/0801/,
2026-08-17T05:15:52,スズキ,rss,2020年7月31日,,https://www.suzuki.co.jp/release/d/2020/0731a/,
2026-08-17T05:15:52,スズキ,rss,2020年7月31日,,https://www.suzuki.co.jp/release/d/2020/0731/,
2026-08-17T05:15:52,スズキ,rss,2020年7月30日,,https://www.suzuki.co.jp/release/d/2020/0730a/,
2026-08-17T05:15:52,スズキ,rss,2020年7月30日,,https://www.suzuki.co.jp/release/d/2020/0730/,
2026-08-17T05:15:52,スズキ,rss,2020年7月23日,,https://www.suzuki.co.jp/release/d/2020/0723/,
2026-08-17T05:15:52,スズキ,rss,2020年7月15日,,https://www.suzuki.co.jp/release/b/2020/0715/,
2026-08-17T05:15:52,スズキ,rss,2020年6月30日,,https://www.suzuki.co.jp/release/d/2020/0630/,
2026-08-17T05:15:52,スズキ,rss,2020年6月30日,,https://www.suzuki.co.jp/release/c/2020/0630/,
2026-08-17T05:15:52,スズキ,rss,2020年6月29日,,https://www.suzuki.co.jp/release/d/2020/0629/,
2026-08-17T05:15:52,スズキ,rss,2020年6月26日,,https://www.suzuki.co.jp/release/d/2020/0626/,
2026-08-17T05:15:52,スズキ,rss,2020年6月22日,,https://www.suzuki.co.jp/release/d/2020/0622/,
2026-08-17T05:15:52,スズキ,rss,2020年5月28日,,https://www.suzuki.co.jp/release/d/2020/0528/,
2026-08-17T05:15:52,スズキ,rss,2020年5月26日,,https://www.suzuki.co.jp/release/d/2020/0526b/,
2026-08-17T05:15:52,スズキ,rss,2020年5月26日,,https://www.suzuki.co.jp/release/d/2020/0526a/,
2026-08-17T05:15:52,スズキ,rss,2020年5月15日,,https://www.suzuki.co.jp/release/a/2020/0515/,
2026-08-17T05:15:52,スズキ,rss,2020年5月1日,,https://www.suzuki.co.jp/release/d/2020/0501/,
2026-08-17T05:15:52,スズキ,rss,2020年4月30日,,https://www.suzuki.co.jp/release/d/2020/0430/,
2026-08-17T05:15:52,スズキ,rss,2020年4月28日,,https://www.suzuki.co.jp/release/d/2020/0428/,
2026-08-17T05:15:52,スズキ,rss,2020年4月16日,,https://www.suzuki.co.jp/release/b/2020/0416/,
2026-08-17T05:15:52,スズキ,rss,2020年4月15日,,https://www.suzuki.co.jp/release/d/2020/0415/,
2026-08-17T05:15:52,スズキ,rss,2020年4月1日,,https://www.suzuki.co.jp/release/d/2020/0401a/,
2026-08-17T05:15:52,スズキ,rss,2020年4月1日,,https://www.suzuki.co.jp/release/d/2020/0401/,
2026-08-17T05:15:52,スズキ,rss,2020年3月31日,,https://www.suzuki.co.jp/release/d/2020/0331/,
2026-08-17T05:15:52,スズキ,rss,2020年3月30日,,https://www.suzuki.co.jp/release/d/2020/0330/,
2026-08-17T05:15:52,スズキ,rss,2020年3月27日,,https://www.suzuki.co.jp/release/d/2020/0327a/,
2026-08-17T05:15:52,スズキ,rss,2020年3月27日,,https://www.suzuki.co.jp/release/d/2020/0327/,
2026-08-17T05:15:52,スズキ,rss,2020年3月23日,,https://www.suzuki.co.jp/release/d/2020/0323/,
2026-08-17T05:15:52,スズキ,rss,2020年3月19日,,https://www.suzuki.co.jp/release/b/2020/0319/,
2026-08-17T05:15:52,スズキ,rss,2020年3月15日,,https://www.suzuki.co.jp/release/d/2020/0315/,
2026-08-17T05:15:52,スズキ,rss,2020年3月12日,,https://www.suzuki.co.jp/release/c/2020/0312/,
2026-08-17T05:15:52,スズキ,rss,2020年3月3日,,https://www.suzuki.co.jp/release/d/2020/0303/,
2026-08-17T05:15:52,スズキ,rss,2020年2月28日,,https://www.suzuki.co.jp/release/d/2020/0228/,
2026-08-17T05:15:52,スズキ,rss,2020年2月27日,,https://www.suzuki.co.jp/release/d/2020/0227/,
2026-08-17T05:15:52,スズキ,rss,2020年2月24日,,https://www.suzuki.co.jp/release/a/2020/0224/,
2026-08-17T05:15:52,スズキ,rss,2020年2月21日,,https://www.suzuki.co.jp/release/d/2020/0221/,
2026-08-17T05:15:52,スズキ,rss,2020年2月20日,,https://www.suzuki.co.jp/release/d/2020/0220/,
2026-08-17T05:15:52,スズキ,rss,2020年2月15日,,https://www.suzuki.co.jp/release/d/2020/0215/,
2026-08-17T05:15:52,スズキ,rss,2020年2月14日,,https://www.suzuki.co.jp/release/c/2020/0214/,
2026-08-17T05:15:52,スズキ,rss,2020年2月7日,,https://www.suzuki.co.jp/release/d/2020/0207a/,
2026-08-17T05:15:52,スズキ,rss,2020年2月7日,,https://www.suzuki.co.jp/release/d/2020/0207b/,
2026-08-17T05:15:52,スズキ,rss,2020年2月5日,,https://www.suzuki.co.jp/release/d/2020/0205a/,
2026-08-17T05:15:52,スズキ,rss,2020年2月5日,,https://www.suzuki.co.jp/release/d/2020/0205/,
2026-08-17T05:15:52,スズキ,rss,2020年2月4日,,https://www.suzuki.co.jp/release/a/2020/0204/,
2026-08-17T05:15:52,スズキ,rss,2020年1月30日,,https://www.suzuki.co.jp/release/d/2020/0130/,
2026-08-17T05:15:52,スズキ,rss,2020年1月24日,,https://www.suzuki.co.jp/release/d/2020/0124/,
2026-08-17T05:15:52,スズキ,rss,2020年1月20日,,https://www.suzuki.co.jp/release/b/2020/0120/,
2026-08-17T05:15:52,スズキ,rss,2020年1月14日,,https://www.suzuki.co.jp/release/d/2020/0114/,
2026-08-17T05:15:52,スズキ,rss,2019年12月27日,,https://www.suzuki.co.jp/release/d/2019/1227/,
2026-08-17T05:15:52,スズキ,rss,2019年12月26日,,https://www.suzuki.co.jp/release/d/2019/1226/,
2026-08-17T05:15:52,スズキ,rss,2019年12月25日,,https://www.suzuki.co.jp/release/d/2019/1225/,
2026-08-17T05:15:52,スズキ,rss,2019年12月25日,,https://www.suzuki.co.jp/release/a/2019/1225/,
2026-08-17T05:15:52,スズキ,rss,2019年12月24日,,https://www.suzuki.co.jp/release/a/2019/1224/,
2026-08-17T05:15:52,スズキ,rss,2019年11月28日,,https://www.suzuki.co.jp/release/d/2019/1128/,
2026-08-17T05:15:52,スズキ,rss,2019年11月14日,,https://www.suzuki.co.jp/release/a/2019/1114/,
2026-08-17T05:15:52,スズキ,rss,2019年11月7日,,https://www.suzuki.co.jp/release/d/2019/1107/,
2026-08-17T05:15:52,スズキ,rss,2019年11月6日,,https://www.suzuki.co.jp/release/d/2019/1106/,
2026-08-17T05:15:52,スズキ,rss,2019年11月6日,,https://www.suzuki.co.jp/release/b/2019/1106/,
2026-08-17T05:15:52,スズキ,rss,2019年11月5日,,https://www.suzuki.co.jp/release/d/2019/1105a/,
2026-08-17T05:15:52,スズキ,rss,2019年11月5日,,https://www.suzuki.co.jp/release/d/2019/1105/,
2026-08-17T05:15:52,スズキ,rss,2019年11月1日,,https://www.suzuki.co.jp/release/d/2019/1101/,
2026-08-17T05:15:52,スズキ,rss,2019年10月30日,,https://www.suzuki.co.jp/release/d/2019/1030/,
2026-08-17T05:15:52,スズキ,rss,2019年10月25日,,https://www.suzuki.co.jp/release/d/2019/1025/,
2026-08-17T05:15:52,スズキ,rss,2019年10月23日,,https://www.suzuki.co.jp/release/d/2019/1023/,
2026-08-17T05:15:52,スズキ,rss,2019年10月2日,,https://www.suzuki.co.jp/release/d/2019/1002/,
2026-08-17T05:15:52,スズキ,rss,2019年9月30日,,https://www.suzuki.co.jp/release/d/2019/0930a/,
2026-08-17T05:15:52,スズキ,rss,2019年9月30日,,https://www.suzuki.co.jp/release/d/2019/0930/,
2026-08-17T05:15:52,スズキ,rss,2019年9月27日,,https://www.suzuki.co.jp/release/d/2019/0927a/,
2026-08-17T05:15:52,スズキ,rss,2019年9月27日,,https://www.suzuki.co.jp/release/d/2019/0927b/,
2026-08-17T05:15:52,スズキ,rss,2019年9月27日,,https://www.suzuki.co.jp/release/d/2019/0927/,
2026-08-17T05:15:52,スズキ,rss,2019年9月18日,,https://www.suzuki.co.jp/release/c/2019/0918/,
2026-08-17T05:15:52,スズキ,rss,2019年9月6日,,https://www.suzuki.co.jp/release/b/2019/0906/,
2026-08-17T05:15:52,スズキ,rss,2019年9月3日,,https://www.suzuki.co.jp/release/d/2019/0903/,
2026-08-17T05:15:52,スズキ,rss,2019年9月2日,,https://www.suzuki.co.jp/release/a/2019/0902/,
2026-08-17T05:15:52,スズキ,rss,2019年8月29日,,https://www.suzuki.co.jp/release/d/2019/0829a/,
2026-08-17T05:15:52,スズキ,rss,2019年8月29日,,https://www.suzuki.co.jp/release/d/2019/0829/,
2026-08-17T05:15:52,スズキ,rss,2019年8月28日,,https://www.suzuki.co.jp/release/d/2019/0828/,
2026-08-17T05:15:52,スズキ,rss,2019年8月26日,,https://www.suzuki.co.jp/release/b/2019/0826/,
2026-08-17T05:15:52,スズキ,rss,2019年8月23日,,https://www.suzuki.co.jp/release/c/2019/0823/,
2026-08-17T05:15:52,スズキ,rss,2019年8月23日,,https://www.suzuki.co.jp/release/d/2019/0823/,
2026-08-17T05:15:52,スズキ,rss,2019年8月22日,,https://www.suzuki.co.jp/release/d/2019/0822/,
2026-08-17T05:15:52,スズキ,rss,2019年8月9日,,https://www.suzuki.co.jp/release/d/2019/0809/,
2026-08-17T05:15:52,スズキ,rss,2019年8月5日,,https://www.suzuki.co.jp/release/d/2019/0805/,
2026-08-17T05:15:52,スズキ,rss,2019年8月5日,,https://www.suzuki.co.jp/release/a/2019/0805/,
2026-08-17T05:15:52,スズキ,rss,2019年7月30日,,https://www.suzuki.co.jp/release/d/2019/0730/,
2026-08-17T05:15:52,スズキ,rss,2019年7月20日,,https://www.suzuki.co.jp/release/d/2019/0720/,
2026-08-17T05:15:52,スズキ,rss,2019年7月12日,,https://www.suzuki.co.jp/release/d/2019/0712/,
2026-08-17T05:15:52,スズキ,rss,2019年7月11日,,https://www.suzuki.co.jp/release/a/2019/0711a/,
2026-08-17T05:15:52,スズキ,rss,2019年7月11日,,https://www.suzuki.co.jp/release/a/2019/0711b/,
2026-08-17T05:15:52,スズキ,rss,2019年7月3日,,https://www.suzuki.co.jp/release/a/2019/0703/,
2026-08-17T05:15:52,スズキ,rss,2019年6月28日,,https://www.suzuki.co.jp/release/d/2019/0628/,
2026-08-17T05:15:52,スズキ,rss,2019年6月27日,,https://www.suzuki.co.jp/release/d/2019/0627a/,
2026-08-17T05:15:52,スズキ,rss,2019年6月27日,,https://www.suzuki.co.jp/release/d/2019/0627/,
2026-08-17T05:15:52,スズキ,rss,2019年6月20日,,https://www.suzuki.co.jp/release/d/2019/0620/,
2026-08-17T05:15:52,スズキ,rss,2019年6月17日,,https://www.suzuki.co.jp/release/a/2019/0617a/,
2026-08-17T05:15:52,スズキ,rss,2019年6月17日,,https://www.suzuki.co.jp/release/a/2019/0617b/,
2026-08-17T05:15:52,スズキ,rss,2019年6月17日,,https://www.suzuki.co.jp/release/d/2019/0617/,
2026-08-17T05:15:52,スズキ,rss,2019年6月13日,,https://www.suzuki.co.jp/release/a/2019/0613/,
2026-08-17T05:15:52,スズキ,rss,2019年6月10日,,https://www.suzuki.co.jp/release/d/2019/0610/,
2026-08-17T05:15:52,スズキ,rss,2019年6月7日,,https://www.suzuki.co.jp/release/d/2019/0607/,
2026-08-17T05:15:52,スズキ,rss,2019年5月30日,,https://www.suzuki.co.jp/release/d/2019/0530/,
2026-08-17T05:15:52,スズキ,rss,2019年5月28日,,https://www.suzuki.co.jp/release/d/2019/0528/,
2026-08-17T05:15:52,スズキ,rss,2019年5月24日,,https://www.suzuki.co.jp/release/b/2019/0524/,
2026-08-17T05:15:52,スズキ,rss,2019年5月10日,,https://www.suzuki.co.jp/release/d/2019/0510/,
2026-08-17T05:15:52,スズキ,rss,2019年5月7日,,https://www.suzuki.co.jp/release/d/2019/0507/,
2026-08-17T05:15:52,スズキ,rss,2019年4月25日,,https://www.suzuki.co.jp/release/d/2019/0425a/,
2026-08-17T05:15:52,スズキ,rss,2019年4月25日,,https://www.suzuki.co.jp/release/d/2019/0425/,
2026-08-17T05:15:52,スズキ,rss,2019年4月23日,,https://www.suzuki.co.jp/release/d/2019/0423/,
2026-08-17T05:15:52,スズキ,rss,2019年4月15日,,https://www.suzuki.co.jp/release/b/2019/0415/,
2026-08-17T05:15:52,スズキ,rss,2019年4月12日,,https://www.suzuki.co.jp/release/d/2019/0412/,
2026-08-17T05:15:52,スズキ,rss,2019年4月10日,,https://www.suzuki.co.jp/release/a/2019/0410/,
2026-08-17T05:15:52,スズキ,rss,2019年4月4日,,https://www.suzuki.co.jp/release/b/2019/0404/,
2026-08-17T05:15:52,スズキ,rss,2019年3月29日,,https://www.suzuki.co.jp/release/d/2019/0329/,
2026-08-17T05:15:52,スズキ,rss,2019年3月28日,,https://www.suzuki.co.jp/release/d/2019/0328/,
2026-08-17T05:15:52,スズキ,rss,2019年3月20日,,https://www.suzuki.co.jp/release/d/2019/0320/,
2026-08-17T05:15:52,スズキ,rss,2019年3月11日,,https://www.suzuki.co.jp/release/b/2019/0311/,
2026-08-17T05:15:52,スズキ,rss,2019年2月27日,,https://www.suzuki.co.jp/release/d/2019/0227/,
2026-08-17T05:15:52,スズキ,rss,2019年2月22日,,https://www.suzuki.co.jp/release/c/2019/0222/,
2026-08-17T05:15:52,スズキ,rss,2019年2月15日,,https://www.suzuki.co.jp/release/d/2019/0215/,
2026-08-17T05:15:52,スズキ,rss,2019年2月8日,,https://www.suzuki.co.jp/release/d/2019/0208/,
2026-08-17T05:15:52,スズキ,rss,2019年2月5日,,https://www.suzuki.co.jp/release/d/2019/0205/,
2026-08-17T05:15:52,スズキ,rss,2019年2月4日,,https://www.suzuki.co.jp/release/b/2019/0204/,
2026-08-17T05:15:52,スズキ,rss,2019年1月30日,,https://www.suzuki.co.jp/release/d/2019/0130/,
2026-08-17T05:15:52,スズキ,rss,2019年1月23日,,https://www.suzuki.co.jp/release/d/2019/0123/,
2026-08-17T05:15:52,スズキ,rss,2019年1月18日,,https://www.suzuki.co.jp/release/d/2019/0118/,
2026-08-17T05:15:52,スズキ,rss,2018年12月28日,,https://www.suzuki.co.jp/release/d/2018/1228/,
2026-08-17T05:15:52,スズキ,rss,2018年12月27日,,https://www.suzuki.co.jp/release/d/2018/1227/,
2026-08-17T05:15:52,スズキ,rss,2018年12月26日,,https://www.suzuki.co.jp/release/d/2018/1226/,
2026-08-17T05:15:52,スズキ,rss,2018年12月21日,,https://www.suzuki.co.jp/release/d/2018/1221/,
2026-08-17T05:15:52,スズキ,rss,2018年12月20日,,https://www.suzuki.co.jp/release/a/2018/1220/,
2026-08-17T05:15:52,スズキ,rss,2018年12月13日,,https://www.suzuki.co.jp/release/b/2018/1213/,
2026-08-17T05:15:52,スズキ,rss,2018年12月13日,,https://www.suzuki.co.jp/release/a/2018/1213/,
2026-08-17T05:15:52,スズキ,rss,2018年12月6日,,https://www.suzuki.co.jp/release/a/2018/1206/,
2026-08-17T05:15:52,スズキ,rss,2018年12月3日,,https://www.suzuki.co.jp/release/a/2018/1203/,
2026-08-17T05:15:52,スズキ,rss,2018年11月30日,,https://www.suzuki.co.jp/release/d/2018/1130/,
2026-08-17T05:15:52,スズキ,rss,2018年11月29日,,https://www.suzuki.co.jp/release/a/2018/1129/,
2026-08-17T05:15:52,スズキ,rss,2018年11月29日,,https://www.suzuki.co.jp/release/d/2018/1129/,
2026-08-17T05:15:52,スズキ,rss,2018年11月26日,,https://www.suzuki.co.jp/release/d/2018/1126/,
2026-08-17T05:15:52,スズキ,rss,2018年11月2日,,https://www.suzuki.co.jp/release/c/2018/1102/,
2026-08-17T05:15:52,スズキ,rss,2018年11月1日,,https://www.suzuki.co.jp/release/d/2018/1101/,
2026-08-17T05:15:52,スズキ,rss,2018年11月1日,,https://www.suzuki.co.jp/release/a/2018/1101/,
2026-08-17T05:15:52,スズキ,rss,2018年10月31日,,https://www.suzuki.co.jp/release/d/2018/1031/,
2026-08-17T05:15:52,スズキ,rss,2018年10月29日,,https://www.suzuki.co.jp/release/d/2018/1029/,
2026-08-17T05:15:52,スズキ,rss,2018年10月12日,,https://www.suzuki.co.jp/release/d/2018/1012/,
2026-08-17T05:15:52,スズキ,rss,2018年10月11日,,https://www.suzuki.co.jp/release/a/2018/1011/,
2026-08-17T05:15:52,スズキ,rss,2018年10月3日,,https://www.suzuki.co.jp/release/d/2018/1003/,
2026-08-17T05:15:52,スズキ,rss,2018年10月3日,,https://www.suzuki.co.jp/release/c/2018/1003/,
2026-08-17T05:15:52,スズキ,rss,2018年10月2日,,https://www.suzuki.co.jp/release/b/2018/1002/,
2026-08-17T05:15:52,スズキ,rss,2018年9月28日,,https://www.suzuki.co.jp/release/d/2018/0928/,
2026-08-17T05:15:52,スズキ,rss,2018年9月27日,,https://www.suzuki.co.jp/release/d/2018/0927/,
2026-08-17T05:15:52,スズキ,rss,2018年9月26日,,https://www.suzuki.co.jp/release/d/2018/0926/,
2026-08-17T05:15:52,スズキ,rss,2018年9月21日,,https://www.suzuki.co.jp/release/d/2018/0921a/,
2026-08-17T05:15:52,スズキ,rss,2018年9月21日,,https://www.suzuki.co.jp/release/d/2018/0921b/,
2026-08-17T05:15:52,スズキ,rss,2018年9月20日,,https://www.suzuki.co.jp/release/c/2018/0920/,
2026-08-17T05:15:52,スズキ,rss,2018年9月11日,,https://www.suzuki.co.jp/release/d/2018/0911/,
2026-08-17T05:15:52,スズキ,rss,2018年9月7日,,https://www.suzuki.co.jp/release/a/2018/0907/,
2026-08-17T05:15:52,スズキ,rss,2018年9月4日,,https://www.suzuki.co.jp/release/d/2018/0904/,
2026-08-17T05:15:52,スズキ,rss,2018年8月31日,,https://www.suzuki.co.jp/release/d/2018/0831/,
2026-08-17T05:15:52,スズキ,rss,2018年8月31日,,https://www.suzuki.co.jp/release/d/2018/0831a/,
2026-08-17T05:15:52,スズキ,rss,2018年8月30日,,https://www.suzuki.co.jp/release/a/2018/0830/,
2026-08-17T05:15:52,スズキ,rss,2018年8月30日,,https://www.suzuki.co.jp/release/d/2018/0830/,
2026-08-17T05:15:52,スズキ,rss,2018年8月9日,,https://www.suzuki.co.jp/release/d/2018/0809/,
2026-08-17T05:15:52,スズキ,rss,2018年8月2日,,https://www.suzuki.co.jp/release/d/2018/0802/,
2026-08-17T05:15:52,スズキ,rss,2018年7月30日,,https://www.suzuki.co.jp/release/d/2018/0730/,
2026-08-17T05:15:52,スズキ,rss,2018年7月27日,,https://www.suzuki.co.jp/release/d/2018/0727/,
2026-08-17T05:15:52,スズキ,rss,2018年7月17日,,https://www.suzuki.co.jp/release/a/2018/0717/,
2026-08-17T05:15:52,スズキ,rss,2018年7月17日,,https://www.suzuki.co.jp/release/d/2018/0717/,
2026-08-17T05:15:52,スズキ,rss,2018年7月5日,,https://www.suzuki.co.jp/release/a/2018/0705/,
2026-08-17T05:15:52,スズキ,rss,2018年7月2日,,https://www.suzuki.co.jp/release/d/2018/0702/,
2026-08-17T05:15:52,スズキ,rss,2018年7月2日,,https://www.suzuki.co.jp/release/a/2018/0702/,
2026-08-17T05:15:52,スズキ,rss,2018年7月1日,,https://www.suzuki.co.jp/release/d/2018/0701/,
2026-08-17T05:15:52,スズキ,rss,2018年6月28日,,https://www.suzuki.co.jp/release/d/2018/0628/,
2026-08-17T05:15:52,スズキ,rss,2018年6月20日,,https://www.suzuki.co.jp/release/d/2018/0620/,
2026-08-17T05:15:52,スズキ,rss,2018年6月18日,,https://www.suzuki.co.jp/release/d/2018/0618/,
2026-08-17T05:15:52,スズキ,rss,2018年6月15日,,https://www.suzuki.co.jp/release/d/2018/0615/,
2026-08-17T05:15:52,スズキ,rss,2018年6月4日,,https://www.suzuki.co.jp/release/d/2018/0604/,
2026-08-17T05:15:52,スズキ,rss,2018年5月31日,,https://www.suzuki.co.jp/release/b/2018/0531/,
2026-08-17T05:15:52,スズキ,rss,2018年5月31日,,https://www.suzuki.co.jp/release/a/2018/0531/,
2026-08-17T05:15:52,スズキ,rss,2018年5月31日,,https://www.suzuki.co.jp/release/d/2018/0531/,
2026-08-17T05:15:52,スズキ,rss,2018年5月30日,,https://www.suzuki.co.jp/release/d/2018/0530/,
2026-08-17T05:15:52,スズキ,rss,2018年5月25日,,https://www.suzuki.co.jp/release/d/2018/0525/,
2026-08-17T05:15:52,スズキ,rss,2018年5月23日,,https://www.suzuki.co.jp/release/d/2018/0523/,
2026-08-17T05:15:52,スズキ,rss,2018年5月16日,,https://www.suzuki.co.jp/release/a/2018/0516a/,
2026-08-17T05:15:52,スズキ,rss,2018年5月16日,,https://www.suzuki.co.jp/release/a/2018/0516b/,
2026-08-17T05:15:52,スズキ,rss,2018年5月16日,,https://www.suzuki.co.jp/release/c/2018/0516/,
2026-08-17T05:15:52,スズキ,rss,2018年5月15日,,https://www.suzuki.co.jp/release/c/2018/0515/,
2026-08-17T05:15:52,スズキ,rss,2018年5月15日,,https://www.suzuki.co.jp/release/d/2018/0515/,
2026-08-17T05:15:52,スズキ,rss,2018年5月10日,,https://www.suzuki.co.jp/release/d/2018/0510/,
2026-08-17T05:15:52,スズキ,rss,2018年4月26日,,https://www.suzuki.co.jp/release/d/2018/0426/,
2026-08-17T05:15:52,スズキ,rss,2018年4月24日,,https://www.suzuki.co.jp/release/d/2018/0424/,
2026-08-17T05:15:52,スズキ,rss,2018年4月19日,,https://www.suzuki.co.jp/release/d/2018/0419/,
2026-08-17T05:15:52,スズキ,rss,2018年4月10日,,https://www.suzuki.co.jp/release/d/2018/0410/,
2026-08-17T05:15:52,スズキ,rss,2018年3月30日,,https://www.suzuki.co.jp/release/d/2017/0330a/,
2026-08-17T05:15:52,スズキ,rss,2018年3月30日,,https://www.suzuki.co.jp/release/d/2017/0330/,
2026-08-17T05:15:52,スズキ,rss,2018年3月29日,,https://www.suzuki.co.jp/release/d/2017/0329a/,
2026-08-17T05:15:52,スズキ,rss,2018年3月29日,,https://www.suzuki.co.jp/release/d/2017/0329/,
2026-08-17T05:15:52,スズキ,rss,2018年3月28日,,https://www.suzuki.co.jp/release/d/2017/0328/,
2026-08-17T05:15:52,スズキ,rss,2018年3月9日,,https://www.suzuki.co.jp/release/b/2017/0309/,
2026-08-17T05:15:52,スズキ,rss,2018年2月27日,,https://www.suzuki.co.jp/release/d/2017/0227a/,
2026-08-17T05:15:52,スズキ,rss,2018年2月27日,,https://www.suzuki.co.jp/release/d/2017/0227/,
2026-08-17T05:15:52,スズキ,rss,2018年2月22日,,https://www.suzuki.co.jp/release/c/2017/0222/,
2026-08-17T05:15:52,スズキ,rss,2018年2月16日,,https://www.suzuki.co.jp/release/d/2017/0216/,
2026-08-17T05:15:52,スズキ,rss,2018年2月9日,,https://www.suzuki.co.jp/release/a/2017/0209/,
2026-08-17T05:15:52,スズキ,rss,2018年2月8日,,https://www.suzuki.co.jp/release/d/2017/0208/,
2026-08-17T05:15:52,スズキ,rss,2018年2月5日,,https://www.suzuki.co.jp/release/d/2017/0205/,
2026-08-17T05:15:52,スズキ,rss,2018年1月31日,,https://www.suzuki.co.jp/release/d/2017/0131/,
2026-08-17T05:15:52,スズキ,rss,2018年1月30日,,https://www.suzuki.co.jp/release/d/2017/0130/,
2026-08-17T05:15:52,スズキ,rss,2018年1月22日,,https://www.suzuki.co.jp/release/b/2017/0122a/,
2026-08-17T05:15:52,スズキ,rss,2018年1月22日,,https://www.suzuki.co.jp/release/b/2017/0122b/,
2026-08-17T05:15:52,スズキ,rss,2018年1月20日,,https://www.suzuki.co.jp/release/c/2017/0120/,
2026-08-17T05:15:52,スズキ,rss,2017年12月29日,,https://www.suzuki.co.jp/release/d/2017/1229/,
2026-08-17T05:15:52,スズキ,rss,2017年12月28日,,https://www.suzuki.co.jp/release/d/2017/1228/,
2026-08-17T05:15:52,スズキ,rss,2017年12月27日,,https://www.suzuki.co.jp/release/d/2017/1227/,
2026-08-17T05:15:52,スズキ,rss,2017年12月25日,,https://www.suzuki.co.jp/release/a/2017/1225/,
2026-08-17T05:15:52,スズキ,rss,2017年12月22日,,https://www.suzuki.co.jp/release/d/2017/1222/,
2026-08-17T05:15:52,スズキ,rss,2017年12月14日,,https://www.suzuki.co.jp/release/a/2017/1214/,
2026-08-17T05:15:52,スズキ,rss,2017年12月13日,,https://www.suzuki.co.jp/release/d/2017/1213/,
2026-08-17T05:15:52,スズキ,rss,2017年12月7日,,https://www.suzuki.co.jp/release/a/2017/1207/,
2026-08-17T05:15:52,スズキ,rss,2017年12月4日,,https://www.suzuki.co.jp/release/a/2017/1204/,
2026-08-17T05:15:52,スズキ,rss,2017年11月29日,,https://www.suzuki.co.jp/release/d/2017/1129/,
2026-08-17T05:15:52,スズキ,rss,2017年11月17日,,https://www.suzuki.co.jp/release/d/2017/1117/,
2026-08-17T05:15:52,スズキ,rss,2017年11月15日,,https://www.suzuki.co.jp/release/d/2017/1115/,
2026-08-17T05:15:52,スズキ,rss,2017年11月13日,,https://www.suzuki.co.jp/release/a/2017/1113a/,
2026-08-17T05:15:52,スズキ,rss,2017年11月13日,,https://www.suzuki.co.jp/release/a/2017/1113b/,
2026-08-17T05:15:52,スズキ,rss,2017年11月10日,,https://www.suzuki.co.jp/release/d/2017/1110/,
2026-08-17T05:15:52,スズキ,rss,2017年11月7日,,https://www.suzuki.co.jp/release/b/2017/1107/,
2026-08-17T05:15:52,スズキ,rss,2017年11月2日,,https://www.suzuki.co.jp/release/d/2017/1102/,
2026-08-17T05:15:52,スズキ,rss,2017年10月31日,,https://www.suzuki.co.jp/release/d/2017/1031/,
2026-08-17T05:15:52,スズキ,rss,2017年10月30日,,https://www.suzuki.co.jp/release/d/2017/1030/,
2026-08-17T05:15:52,スズキ,rss,2017年10月4日,,https://www.suzuki.co.jp/release/d/2017/1004/,
2026-08-17T05:15:52,スズキ,rss,2017年10月2日,,https://www.suzuki.co.jp/release/d/2017/1002/,
2026-08-17T05:15:52,スズキ,rss,2017年9月28日,,https://www.suzuki.co.jp/release/d/2017/0928/,
2026-08-17T05:15:52,スズキ,rss,2017年9月26日,,https://www.suzuki.co.jp/release/c/2017/0926/,
2026-08-17T05:15:52,スズキ,rss,2017年9月25日,,https://www.suzuki.co.jp/release/d/2017/0925/,
2026-08-17T05:15:52,スズキ,rss,2017年9月22日,,https://www.suzuki.co.jp/release/d/2017/0922/,
2026-08-17T05:15:52,スズキ,rss,2017年9月21日,,https://www.suzuki.co.jp/release/c/2017/0921/,
2026-08-17T05:15:52,スズキ,rss,2017年9月20日,,https://www.suzuki.co.jp/release/c/2017/0920/,
2026-08-17T05:15:52,スズキ,rss,2017年9月20日,,https://www.suzuki.co.jp/release/b/2017/0920a/,
2026-08-17T05:15:52,スズキ,rss,2017年9月20日,,https://www.suzuki.co.jp/release/b/2017/0920b/,
2026-08-17T05:15:52,スズキ,rss,2017年9月15日,,https://www.suzuki.co.jp/release/d/2017/0915/,
2026-08-17T05:15:52,スズキ,rss,2017年9月13日,,https://www.suzuki.co.jp/release/a/2017/0913/,
2026-08-17T05:15:52,スズキ,rss,2017年9月13日,,https://www.suzuki.co.jp/release/d/2017/0913/,
2026-08-17T05:15:52,スズキ,rss,2017年9月7日,,https://www.suzuki.co.jp/release/c/2017/0907/,
2026-08-17T05:15:52,スズキ,rss,2017年9月4日,,https://www.suzuki.co.jp/release/d/2017/0904/,
2026-08-17T05:15:52,スズキ,rss,2017年8月31日,,https://www.suzuki.co.jp/release/d/2017/0831/,
2026-08-17T05:15:52,スズキ,rss,2017年8月30日,,https://www.suzuki.co.jp/release/d/2017/0830a/,
2026-08-17T05:15:52,スズキ,rss,2017年8月30日,,https://www.suzuki.co.jp/release/d/2017/0830/,
2026-08-17T05:15:52,スズキ,rss,2017年8月23日,,https://www.suzuki.co.jp/release/a/2017/0823/,
2026-08-17T05:15:52,スズキ,rss,2017年8月22日,,https://www.suzuki.co.jp/release/d/2017/0822/,
2026-08-17T05:15:52,スズキ,rss,2017年8月9日,,https://www.suzuki.co.jp/release/d/2017/0809/,
2026-08-17T05:15:52,スズキ,rss,2017年8月3日,,https://www.suzuki.co.jp/release/d/2017/0803/,
2026-08-17T05:15:52,スズキ,rss,2017年7月31日,,https://www.suzuki.co.jp/release/d/2017/0731/,
2026-08-17T05:15:52,スズキ,rss,2017年7月28日,,https://www.suzuki.co.jp/release/d/2017/0728/,
2026-08-17T05:15:52,スズキ,rss,2017年7月27日,,https://www.suzuki.co.jp/release/b/2017/0727/,
2026-08-17T05:15:52,スズキ,rss,2017年7月26日,,https://www.suzuki.co.jp/release/a/2017/0726/,
2026-08-17T05:15:52,スズキ,rss,2017年7月24日,,https://www.suzuki.co.jp/release/d/2017/0724/,
2026-08-17T05:15:52,スズキ,rss,2017年7月23日,,https://www.suzuki.co.jp/release/d/2017/0723/,
2026-08-17T05:15:52,スズキ,rss,2017年7月12日,,https://www.suzuki.co.jp/release/a/2017/0712/,
2026-08-17T05:15:52,スズキ,rss,2017年7月12日,,https://www.suzuki.co.jp/release/b/2017/0712/,
2026-08-17T05:15:52,スズキ,rss,2017年7月4日,,https://www.suzuki.co.jp/release/d/2017/0704/,
2026-08-17T05:15:52,スズキ,rss,2017年6月30日,,https://www.suzuki.co.jp/release/b/2017/0630/,
2026-08-17T05:15:52,スズキ,rss,2017年6月29日,,https://www.suzuki.co.jp/release/d/2017/0629/,
2026-08-17T05:15:52,スズキ,rss,2017年6月27日,,https://www.suzuki.co.jp/release/d/2017/0627/,
2026-08-17T05:15:52,スズキ,rss,2017年6月22日,,https://www.suzuki.co.jp/release/c/2017/0622/,
2026-08-17T05:15:52,スズキ,rss,2017年6月20日,,https://www.suzuki.co.jp/release/d/2017/0620/,
2026-08-17T05:15:52,スズキ,rss,2017年6月16日,,https://www.suzuki.co.jp/release/d/2017/0616/,
2026-08-17T05:15:52,スズキ,rss,2017年6月15日,,https://www.suzuki.co.jp/release/a/2017/0615/,
2026-08-17T05:15:52,スズキ,rss,2017年6月13日,,https://www.suzuki.co.jp/release/b/2017/0613/,
2026-08-17T05:15:52,スズキ,rss,2017年6月9日,,https://www.suzuki.co.jp/release/c/2017/0609/,
2026-08-17T05:15:52,スズキ,rss,2017年5月31日,,https://www.suzuki.co.jp/release/d/2017/0531/,
2026-08-17T05:15:52,スズキ,rss,2017年5月30日,,https://www.suzuki.co.jp/release/d/2017/0530/,
2026-08-17T05:15:52,スズキ,rss,2017年5月26日,,https://www.suzuki.co.jp/release/c/2017/0526/,
2026-08-17T05:15:52,スズキ,rss,2017年5月25日,,https://www.suzuki.co.jp/release/d/2017/0525/,
2026-08-17T05:15:52,スズキ,rss,2017年5月25日,,https://www.suzuki.co.jp/release/b/2017/0525/,
2026-08-17T05:15:52,スズキ,rss,2017年5月19日,,https://www.suzuki.co.jp/release/a/2017/0519/,
2026-08-17T05:15:52,スズキ,rss,2017年5月18日,,https://www.suzuki.co.jp/release/d/2017/0518/,
2026-08-17T05:15:52,スズキ,rss,2017年5月17日,,https://www.suzuki.co.jp/release/d/2017/0517/,
2026-08-17T05:15:52,スズキ,rss,2017年5月16日,,https://www.suzuki.co.jp/release/d/2017/0516/,
2026-08-17T05:15:52,スズキ,rss,2017年5月12日,,https://www.suzuki.co.jp/release/d/2017/0512/,
2026-08-17T05:15:52,スズキ,rss,2017年4月27日,,https://www.suzuki.co.jp/release/d/2017/0427/,
2026-08-17T05:15:52,スズキ,rss,2017年4月24日,,https://www.suzuki.co.jp/release/d/2017/0424/,
2026-08-17T05:15:52,スズキ,rss,2017年4月20日,,https://www.suzuki.co.jp/release/a/2017/0420/,
2026-08-17T05:15:52,スズキ,rss,2017年4月20日,,https://www.suzuki.co.jp/release/d/2017/0420/,
2026-08-17T05:15:52,スズキ,rss,2017年4月19日,,https://www.suzuki.co.jp/release/d/2017/0419a/,
2026-08-17T05:15:52,スズキ,rss,2017年4月19日,,https://www.suzuki.co.jp/release/d/2017/0419/,
2026-08-17T05:15:52,スズキ,rss,2017年4月18日,,https://www.suzuki.co.jp/release/d/2017/0418/,
2026-08-17T05:15:52,スズキ,rss,2017年4月17日,,https://www.suzuki.co.jp/release/d/2017/0417/,
2026-08-17T05:15:52,スズキ,rss,2017年4月14日,,https://www.suzuki.co.jp/release/d/2017/0414/,
2026-08-17T05:15:52,スズキ,rss,2017年4月13日,,https://www.suzuki.co.jp/release/d/2017/0413/,
2026-08-17T05:15:52,スズキ,rss,2017年3月31日,,https://www.suzuki.co.jp/release/d/2016/0331/,
2026-08-17T05:15:52,スズキ,rss,2017年3月29日,,https://www.suzuki.co.jp/release/d/2016/0329/,
2026-08-17T05:15:52,スズキ,rss,2017年3月21日,,https://www.suzuki.co.jp/release/d/2016/0321/,
2026-08-17T05:15:52,スズキ,rss,2017年3月17日,,https://www.suzuki.co.jp/release/b/2016/0317/,
2026-08-17T05:15:52,スズキ,rss,2017年3月10日,,https://www.suzuki.co.jp/release/b/2016/0310/,
2026-08-17T05:15:52,スズキ,rss,2017年3月7日,,https://www.suzuki.co.jp/release/d/2016/0307/,
2026-08-17T05:15:52,スズキ,rss,2017年2月27日,,https://www.suzuki.co.jp/release/d/2016/0227/,
2026-08-17T05:15:52,スズキ,rss,2017年2月17日,,https://www.suzuki.co.jp/release/c/2016/0217/,
2026-08-17T05:15:52,スズキ,rss,2017年2月17日,,https://www.suzuki.co.jp/release/d/2016/0217/,
2026-08-17T05:15:52,スズキ,rss,2017年2月6日,,https://www.suzuki.co.jp/release/d/2016/0206b/,
2026-08-17T05:15:52,スズキ,rss,2017年2月6日,,https://www.suzuki.co.jp/release/d/2016/0206a/,
2026-08-17T05:15:52,スズキ,rss,2017年2月1日,,https://www.suzuki.co.jp/release/a/2016/0201/,
2026-08-17T05:15:52,スズキ,rss,2017年1月30日,,https://www.suzuki.co.jp/release/b/2016/0130/,
2026-08-17T05:15:52,スズキ,rss,2017年1月30日,,https://www.suzuki.co.jp/release/d/2016/0130/,
2026-08-17T05:15:52,スズキ,rss,2017年1月27日,,https://www.suzuki.co.jp/release/d/2016/0127/,
2026-08-17T05:15:52,スズキ,rss,2017年1月18日,,https://www.suzuki.co.jp/release/b/2016/0118/,
2026-08-17T05:15:52,スズキ,rss,2017年1月13日,,https://www.suzuki.co.jp/release/d/2016/0113/,
2026-08-17T05:15:52,スズキ,rss,2017年1月11日,,https://www.suzuki.co.jp/release/b/2016/0111/,
2026-08-17T05:15:52,スズキ,rss,2017年1月10日,,https://www.suzuki.co.jp/release/a/2016/0110/,
2026-08-17T05:15:52,スズキ,rss,2017年1月6日,,https://www.suzuki.co.jp/release/d/2016/0106/,
2026-08-17T05:15:52,スズキ,rss,2016年12月27日,,https://www.suzuki.co.jp/release/d/2016/1227/,
2026-08-17T05:15:52,スズキ,rss,2016年12月27日,,https://www.suzuki.co.jp/release/a/2016/1227/,
2026-08-17T05:15:52,スズキ,rss,2016年12月26日,,https://www.suzuki.co.jp/release/a/2016/1226/,
2026-08-17T05:15:52,スズキ,rss,2016年12月22日,,https://www.suzuki.co.jp/release/a/2016/1222/,
2026-08-17T05:15:52,スズキ,rss,2016年12月22日,,https://www.suzuki.co.jp/release/d/2016/1222/,
2026-08-17T05:15:52,スズキ,rss,2016年12月16日,,https://www.suzuki.co.jp/release/d/2016/1216/,
2026-08-17T05:15:52,スズキ,rss,2016年12月13日,,https://www.suzuki.co.jp/release/a/2016/1213a/,
2026-08-17T05:15:52,スズキ,rss,2016年12月13日,,https://www.suzuki.co.jp/release/a/2016/1213b/,
2026-08-17T05:15:52,スズキ,rss,2016年12月8日,,https://www.suzuki.co.jp/release/a/2016/1208/,
2026-08-17T05:15:52,スズキ,rss,2016年12月1日,,https://www.suzuki.co.jp/release/a/2016/1201/,
2026-08-17T05:15:52,スズキ,rss,2016年11月29日,,https://www.suzuki.co.jp/release/a/2016/1129/,
2026-08-17T05:15:52,スズキ,rss,2016年11月25日,,https://www.suzuki.co.jp/release/d/2016/1125/,
2026-08-17T05:15:52,スズキ,rss,2016年11月17日,,https://www.suzuki.co.jp/release/a/2016/1117/,
2026-08-17T05:15:52,スズキ,rss,2016年11月16日,,https://www.suzuki.co.jp/release/a/2016/1116/,
2026-08-17T05:15:52,スズキ,rss,2016年11月14日,,https://www.suzuki.co.jp/release/d/2016/1114/,
2026-08-17T05:15:52,スズキ,rss,2016年11月11日,,https://www.suzuki.co.jp/release/a/2016/1111/,
2026-08-17T05:15:52,スズキ,rss,2016年11月8日,,https://www.suzuki.co.jp/release/b/2016/1108/,
2026-08-17T05:15:52,スズキ,rss,2016年11月4日,,https://www.suzuki.co.jp/release/d/2016/1104/,
2026-08-17T05:15:52,スズキ,rss,2016年11月2日,,https://www.suzuki.co.jp/release/b/2016/1102/,
2026-08-17T05:15:52,スズキ,rss,2016年11月1日,,https://www.suzuki.co.jp/release/d/2016/1101/,
2026-08-17T05:15:52,スズキ,rss,2016年10月27日,,https://www.suzuki.co.jp/release/d/2016/1027/,
2026-08-17T05:15:52,スズキ,rss,2016年10月17日,,https://www.suzuki.co.jp/release/a/2016/1017/,
2026-08-17T05:15:52,スズキ,rss,2016年10月12日,,https://www.suzuki.co.jp/release/d/2016/1012/,
2026-08-17T05:15:52,スズキ,rss,2016年10月5日,,https://www.suzuki.co.jp/release/c/2016/1005/,
2026-08-17T05:15:52,スズキ,rss,2016年10月4日,,https://www.suzuki.co.jp/release/b/2016/1004/,
2026-08-17T05:15:52,スズキ,rss,2016年9月29日,,https://www.suzuki.co.jp/release/d/2016/0929a/,
2026-08-17T05:15:52,スズキ,rss,2016年9月29日,,https://www.suzuki.co.jp/release/d/2016/0929b/,
2026-08-17T05:15:52,スズキ,rss,2016年9月28日,,https://www.suzuki.co.jp/release/d/2016/0928/,
2026-08-17T05:15:52,スズキ,rss,2016年9月20日,,https://www.suzuki.co.jp/release/c/2016/0920/,
2026-08-17T05:15:52,スズキ,rss,2016年9月9日,,https://www.suzuki.co.jp/release/d/2016/0909/,
2026-08-17T05:15:52,スズキ,rss,2016年9月5日,,https://www.suzuki.co.jp/release/b/2016/0905/,
2026-08-17T05:15:52,スズキ,rss,2016年8月30日,,https://www.suzuki.co.jp/release/d/2016/0830a/,
2026-08-17T05:15:52,スズキ,rss,2016年8月30日,,https://www.suzuki.co.jp/release/d/2016/0830/,
2026-08-17T05:15:52,スズキ,rss,2016年8月29日,,https://www.suzuki.co.jp/release/b/2016/0829/,
2026-08-17T05:15:52,スズキ,rss,2016年8月3日,,https://www.suzuki.co.jp/release/d/2016/0803a/,
2026-08-17T05:15:52,スズキ,rss,2016年8月3日,,https://www.suzuki.co.jp/release/d/2016/0803/,
2026-08-17T05:15:52,スズキ,rss,2016年8月3日,,https://www.suzuki.co.jp/release/b/2016/0803/,
2026-08-17T05:15:52,スズキ,rss,2016年7月31日,,https://www.suzuki.co.jp/release/d/2016/0731/,
2026-08-17T05:15:52,スズキ,rss,2016年7月28日,,https://www.suzuki.co.jp/release/d/2016/0728/,
2026-08-17T05:15:52,スズキ,rss,2016年7月27日,,https://www.suzuki.co.jp/release/d/2016/0727/,
2026-08-17T05:15:52,スズキ,rss,2016年7月5日,,https://www.suzuki.co.jp/release/d/2016/0705/,
2026-08-17T05:15:52,スズキ,rss,2016年6月29日,,https://www.suzuki.co.jp/release/d/2016/0629a/,
2026-08-17T05:15:52,スズキ,rss,2016年6月29日,,https://www.suzuki.co.jp/release/d/2016/0629/,
2026-08-17T05:15:52,スズキ,rss,2016年6月8日,,https://www.suzuki.co.jp/release/d/2016/0608b/,
2026-08-17T05:15:52,スズキ,rss,2016年6月8日,,https://www.suzuki.co.jp/release/d/2016/0608a/,
2026-08-17T05:15:52,スズキ,rss,2016年6月1日,,https://www.suzuki.co.jp/release/d/2016/0601/,
2026-08-17T05:15:52,スズキ,rss,2016年5月31日,,https://www.suzuki.co.jp/release/d/2016/0531/,
2026-08-17T05:15:52,スズキ,rss,2016年5月30日,,https://www.suzuki.co.jp/release/d/2016/0530/,
2026-08-17T05:15:52,スズキ,rss,2016年5月18日,,https://www.suzuki.co.jp/release/d/2016/0518/,
2026-08-17T05:15:52,スズキ,rss,2016年5月10日,,https://www.suzuki.co.jp/release/d/2016/0510b/,
2026-08-17T05:15:52,スズキ,rss,2016年5月10日,,https://www.suzuki.co.jp/release/d/2016/0510a/,
2026-08-17T05:15:52,スズキ,rss,2016年4月26日,,https://www.suzuki.co.jp/release/d/2016/0426/,
2026-08-17T05:15:52,スズキ,rss,2016年4月25日,,https://www.suzuki.co.jp/release/d/2016/0425/,
2026-08-17T05:15:52,スズキ,rss,2016年4月19日,,https://www.suzuki.co.jp/release/d/2016/0419/,
2026-08-17T05:15:52,スズキ,rss,2016年4月15日,,https://www.suzuki.co.jp/release/d/2016/0415/,
2026-08-17T05:15:52,スズキ,rss,2016年4月11日,,https://www.suzuki.co.jp/release/d/2016/0411/,
2026-08-17T05:15:52,スズキ,rss,2016年3月31日,,https://www.suzuki.co.jp/release/d/2015/0331/index.html,
2026-08-17T05:15:52,スズキ,rss,2016年3月28日,,https://www.suzuki.co.jp/release/d/2015/0328/index.html,
2026-08-17T05:15:52,スズキ,rss,2016年3月24日,,https://www.suzuki.co.jp/release/a/2015/0324/index.html,
2026-08-17T05:15:52,スズキ,rss,2016年3月11日,,https://www.suzuki.co.jp/release/b/2015/0311/index.html,
2026-08-17T05:15:52,スズキ,rss,2016年3月10日,,https://www.suzuki.co.jp/release/a/2015/0310/index.html,
2026-08-17T05:15:52,スズキ,rss,2016年3月9日,,https://www.suzuki.co.jp/release/a/2015/0309/index.html,
2026-08-17T05:15:52,スズキ,rss,2016年3月7日,,https://www.suzuki.co.jp/release/d/2015/0307a/index.html,
2026-08-17T05:15:52,スズキ,rss,2016年3月7日,,https://www.suzuki.co.jp/release/d/2015/0307/index.html,
2026-08-17T05:15:52,スズキ,rss,2016年2月26日,,https://www.suzuki.co.jp/release/d/2015/0226/index.html,
2026-08-17T05:15:52,スズキ,rss,2016年2月19日,,https://www.suzuki.co.jp/release/d/2015/0219/index.html,
2026-08-17T05:15:52,スズキ,rss,2016年2月18日,,https://www.suzuki.co.jp/release/c/2015/0218/index.html,
2026-08-17T05:15:52,スズキ,rss,2016年2月10日,,https://www.suzuki.co.jp/release/d/2015/0210/index.html,
2026-08-17T05:15:52,スズキ,rss,2016年2月8日,,https://www.suzuki.co.jp/release/d/2015/0208a/index.html,
2026-08-17T05:15:52,スズキ,rss,2016年2月8日,,https://www.suzuki.co.jp/release/d/2015/0208/index.html,
2026-08-17T05:15:52,スズキ,rss,2016年2月3日,,https://www.suzuki.co.jp/release/d/2015/0203/index.html,
2026-08-17T05:15:52,スズキ,rss,2016年1月27日,,https://www.suzuki.co.jp/release/d/2015/0127/index.html,
2026-08-17T05:15:52,スズキ,rss,2016年1月25日,,https://www.suzuki.co.jp/release/c/2015/0125/index.html,
2026-08-17T05:15:52,スズキ,rss,2016年1月21日,,https://www.suzuki.co.jp/release/a/2015/0121/index.html,
2026-08-17T05:15:52,スズキ,rss,2016年1月19日,,https://www.suzuki.co.jp/release/d/2015/0119/index.html,
2026-08-17T05:15:52,スズキ,rss,2016年1月18日,,https://www.suzuki.co.jp/release/d/2015/0118/index.html,
2026-08-17T05:15:52,スズキ,rss,2015年12月25日,,https://www.suzuki.co.jp/release/d/2015/1225d/index.html,
2026-08-17T05:15:52,スズキ,rss,2015年12月25日,,https://www.suzuki.co.jp/release/d/2015/1225c/index.html,
2026-08-17T05:15:52,スズキ,rss,2015年12月25日,,https://www.suzuki.co.jp/release/d/2015/1225a/index.html,
2026-08-17T05:15:52,スズキ,rss,2015年12月25日,,https://www.suzuki.co.jp/release/d/2015/1225b/index.html,
2026-08-17T05:15:52,スズキ,rss,2015年12月24日,,https://www.suzuki.co.jp/release/a/2015/1224/index.html,
2026-08-17T05:15:52,スズキ,rss,2015年12月21日,,https://www.suzuki.co.jp/release/a/2015/1221/index.html,
2026-08-17T05:15:52,スズキ,rss,2015年12月14日,,https://www.suzuki.co.jp/release/d/2015/1214/index.html,
2026-08-17T05:15:52,スズキ,rss,2015年12月9日,,https://www.suzuki.co.jp/release/a/2015/1209/index.html,
2026-08-17T05:15:52,スズキ,rss,2015年12月7日,,https://www.suzuki.co.jp/release/a/2015/1207/index.html,
2026-08-17T05:15:52,スズキ,rss,2015年12月7日,,https://www.suzuki.co.jp/release/d/2015/1207/index.html,
2026-08-17T05:15:52,スズキ,rss,2015年11月27日,,https://www.suzuki.co.jp/release/d/2015/1127/index.html,
2026-08-17T05:15:52,スズキ,rss,2015年11月17日,,https://www.suzuki.co.jp/release/b/2015/1117/index.html,
2026-08-17T05:15:52,スズキ,rss,2015年11月11日,,https://www.suzuki.co.jp/release/d/2015/1111/index.html,
2026-08-17T05:15:52,スズキ,rss,2015年11月4日,,https://www.suzuki.co.jp/release/d/2015/1104/index.html,
2026-08-17T05:15:52,スズキ,rss,2015年10月28日,,https://www.suzuki.co.jp/release/d/2015/1028/index.html,
2026-08-17T05:15:52,スズキ,rss,2015年10月27日,,https://www.suzuki.co.jp/release/b/2015/1027/index.html,
2026-08-17T05:15:52,スズキ,rss,2015年10月27日,,https://www.suzuki.co.jp/release/d/2015/1027/index.html,
2026-08-17T05:15:52,スズキ,rss,2015年10月26日,,https://www.suzuki.co.jp/release/d/2015/1026a/index.html,
2026-08-17T05:15:52,スズキ,rss,2015年10月26日,,https://www.suzuki.co.jp/release/d/2015/1026/index.html,
2026-08-17T05:15:52,スズキ,rss,2015年10月23日,,https://www.suzuki.co.jp/release/d/2015/1023/index.html,
2026-08-17T05:15:52,スズキ,rss,2015年10月15日,,https://www.suzuki.co.jp/release/a/2015/1015/index.html,
2026-08-17T05:15:52,スズキ,rss,2015年10月5日,,https://www.suzuki.co.jp/release/c/2015/1005/index.html,
2026-08-17T05:15:52,スズキ,rss,2015年9月30日,,https://www.suzuki.co.jp/release/d/2015/0930/index.html,
2026-08-17T05:15:52,スズキ,rss,2015年9月29日,,https://www.suzuki.co.jp/release/d/2015/0929c/index.html,
2026-08-17T05:15:52,スズキ,rss,2015年9月29日,,https://www.suzuki.co.jp/release/d/2015/0929b/index.html,
2026-08-17T05:15:52,スズキ,rss,2015年9月29日,,https://www.suzuki.co.jp/release/d/2015/0929a/index.html,
2026-08-17T05:15:52,スズキ,rss,2015年9月25日,,https://www.suzuki.co.jp/release/b/2015/0925/index.html,
2026-08-17T05:15:52,スズキ,rss,2015年9月18日,,https://www.suzuki.co.jp/release/d/2015/0918/index.html,
2026-08-17T05:15:52,スズキ,rss,2015年9月15日,,https://www.suzuki.co.jp/release/d/2015/0915/index.html,
2026-08-17T05:15:52,スズキ,rss,2015年8月31日,,https://www.suzuki.co.jp/release/b/2015/0831/index.html,
2026-08-17T05:15:52,スズキ,rss,2015年8月30日,,https://www.suzuki.co.jp/release/d/2015/0830/index.html,
2026-08-17T05:15:52,スズキ,rss,2015年8月28日,,https://www.suzuki.co.jp/release/d/2015/0828/index.html,
2026-08-17T05:15:52,スズキ,rss,2015年8月26日,,https://www.suzuki.co.jp/release/a/2015/0826/index.html,
2026-08-17T05:15:52,スズキ,rss,2015年8月20日,,https://www.suzuki.co.jp/release/a/2015/0820/index.html,
2026-08-17T05:15:52,スズキ,rss,2015年8月18日,,https://www.suzuki.co.jp/release/a/2015/0818a/index.html,
2026-08-17T05:15:52,スズキ,rss,2015年8月18日,,https://www.suzuki.co.jp/release/a/2015/0818b/index.html,
2026-08-17T05:15:52,スズキ,rss,2015年8月7日,,https://www.suzuki.co.jp/release/d/2015/0807/index.html,
2026-08-17T05:15:52,スズキ,rss,2015年8月5日,,https://www.suzuki.co.jp/release/a/2015/0805/index.html,
2026-08-17T05:15:52,スズキ,rss,2015年8月5日,,https://www.suzuki.co.jp/release/d/2015/0805/index.html,
2026-08-17T05:15:52,スズキ,rss,2015年8月3日,,https://www.suzuki.co.jp/release/d/2015/0803/index.html,
2026-08-17T05:15:52,スズキ,rss,2015年8月2日,,https://www.suzuki.co.jp/release/d/2015/0802/index.html,
2026-08-17T05:15:52,スズキ,rss,2015年7月29日,,https://www.suzuki.co.jp/release/d/2015/0729/index.html,
2026-08-17T05:15:52,スズキ,rss,2015年7月28日,,https://www.suzuki.co.jp/release/d/2015/0728a/index.html,
2026-08-17T05:15:52,スズキ,rss,2015年7月28日,,https://www.suzuki.co.jp/release/d/2015/0728/index.html,
2026-08-17T05:15:52,スズキ,rss,2015年7月10日,,https://www.suzuki.co.jp/release/b/2015/0710/index.html,
2026-08-17T05:15:52,スズキ,rss,2015年6月30日,,https://www.suzuki.co.jp/release/d/2015/0630a/index.html,
2026-08-17T05:15:52,スズキ,rss,2015年6月30日,,https://www.suzuki.co.jp/release/d/2015/0630c/index.html,
2026-08-17T05:15:52,スズキ,rss,2015年6月30日,,https://www.suzuki.co.jp/release/d/2015/0630b/index.html,
2026-08-17T05:15:52,スズキ,rss,2015年6月29日,,https://www.suzuki.co.jp/release/d/2015/0629/index.html,
2026-08-17T05:15:52,スズキ,rss,2015年6月25日,,https://www.suzuki.co.jp/release/a/2015/0625/index.html,
2026-08-17T05:15:52,スズキ,rss,2015年6月17日,,https://www.suzuki.co.jp/release/b/2015/0617/index.html,
2026-08-17T05:15:52,スズキ,rss,2015年6月15日,,https://www.suzuki.co.jp/release/d/2015/0615/index.html,
2026-08-17T05:15:52,スズキ,rss,2015年6月3日,,https://www.suzuki.co.jp/release/a/2015/0603/index.html,
2026-08-17T05:15:52,スズキ,rss,2015年6月3日,,https://www.suzuki.co.jp/release/d/2015/0603/index.html,
2026-08-17T05:15:52,スズキ,rss,2015年6月1日,,https://www.suzuki.co.jp/release/d/2015/0601/index.html,
2026-08-17T05:15:52,スズキ,rss,2015年5月29日,,https://www.suzuki.co.jp/release/d/2015/0529/index.html,
2026-08-17T05:15:52,スズキ,rss,2015年5月28日,,https://www.suzuki.co.jp/release/d/2015/0528/index.html,
2026-08-17T05:15:52,スズキ,rss,2015年5月19日,,https://www.suzuki.co.jp/release/a/2015/0519/index.html,
2026-08-17T05:15:52,スズキ,rss,2015年5月13日,,https://www.suzuki.co.jp/release/a/2015/0513/index.html,
2026-08-17T05:15:52,スズキ,rss,2015年5月12日,,https://www.suzuki.co.jp/release/d/2015/0512/index.html,
2026-08-17T05:15:52,スズキ,rss,2015年5月11日,,https://www.suzuki.co.jp/release/d/2015/0511a/index.html,
2026-08-17T05:15:52,スズキ,rss,2015年5月11日,,https://www.suzuki.co.jp/release/d/2015/0511b/index.html,
2026-08-17T05:15:52,スズキ,rss,2015年4月28日,,https://www.suzuki.co.jp/release/d/2015/0428/index.html,
2026-08-17T05:15:52,スズキ,rss,2015年4月27日,,https://www.suzuki.co.jp/release/d/2015/0427/index.html,
2026-08-17T05:15:52,スズキ,rss,2015年4月23日,,https://www.suzuki.co.jp/release/d/2015/0423a/index.html,
2026-08-17T05:15:52,スズキ,rss,2015年4月23日,,https://www.suzuki.co.jp/release/d/2015/0423/index.html,
2026-08-17T05:15:52,スズキ,rss,2015年4月20日,,https://www.suzuki.co.jp/release/b/2015/0420a/index.html,
2026-08-17T05:15:52,スズキ,rss,2015年4月20日,,https://www.suzuki.co.jp/release/b/2015/0420b/index.html,
2026-08-17T05:15:52,スズキ,rss,2015年4月20日,,https://www.suzuki.co.jp/release/d/2015/0420/index.html,
2026-08-17T05:15:52,スズキ,rss,2015年4月16日,,https://www.suzuki.co.jp/release/b/2015/0416/index.html,
2026-08-17T05:15:52,スズキ,rss,2015年4月9日,,https://www.suzuki.co.jp/release/d/2015/0409/index.html,
2026-08-17T05:15:52,スズキ,rss,2015年4月7日,,https://www.suzuki.co.jp/release/c/2015/0407/index.html,
2026-08-17T05:15:52,スズキ,rss,2015年3月31日,,https://www.suzuki.co.jp/release/d/2014/0331a/index.html,
2026-08-17T05:15:52,スズキ,rss,2015年3月31日,,https://www.suzuki.co.jp/release/d/2014/0331/index.html,
2026-08-17T05:15:52,スズキ,rss,2015年3月26日,,https://www.suzuki.co.jp/release/b/2014/0326/index.html,
2026-08-17T05:15:52,スズキ,rss,2015年3月25日,,https://www.suzuki.co.jp/release/d/2014/0325/index.html,
2026-08-17T05:15:52,スズキ,rss,2015年3月24日,,https://www.suzuki.co.jp/release/d/2014/0324/index.html,
2026-08-17T05:15:52,スズキ,rss,2015年3月13日,,https://www.suzuki.co.jp/release/b/2014/0313/index.html,
2026-08-17T05:15:52,スズキ,rss,2015年3月11日,,https://www.suzuki.co.jp/release/a/2014/0311/index.html,
2026-08-17T05:15:52,スズキ,rss,2015年3月6日,,https://www.suzuki.co.jp/release/b/2014/0306/index.html,
2026-08-17T05:15:52,スズキ,rss,2015年3月5日,,https://www.suzuki.co.jp/release/d/2014/0305/index.html,
2026-08-17T05:15:52,スズキ,rss,2015年3月3日,,https://www.suzuki.co.jp/release/d/2014/0303/index.html,
2026-08-17T05:15:52,スズキ,rss,2015年2月27日,,https://www.suzuki.co.jp/release/b/2014/0227/index.html,
2026-08-17T05:15:52,スズキ,rss,2015年2月26日,,https://www.suzuki.co.jp/release/d/2014/0226/index.html,
2026-08-17T05:15:52,スズキ,rss,2015年2月20日,,https://www.suzuki.co.jp/release/c/2014/0220/index.html,
2026-08-17T05:15:52,スズキ,rss,2015年2月20日,,https://www.suzuki.co.jp/release/d/2014/0220/index.html,
2026-08-17T05:15:52,スズキ,rss,2015年2月19日,,https://www.suzuki.co.jp/release/a/2014/0219/index.html,
2026-08-17T05:15:52,スズキ,rss,2015年2月18日,,https://www.suzuki.co.jp/release/a/2014/0218/index.html,
2026-08-17T05:15:52,スズキ,rss,2015年2月6日,,https://www.suzuki.co.jp/release/d/2014/0206/index.html,
2026-08-17T05:15:52,スズキ,rss,2015年2月5日,,https://www.suzuki.co.jp/release/d/2014/0205/index.html,
2026-08-17T05:15:52,スズキ,rss,2015年1月28日,,https://www.suzuki.co.jp/release/d/2014/0128a/index.html,
2026-08-17T05:15:52,スズキ,rss,2015年1月28日,,https://www.suzuki.co.jp/release/d/2014/0128/index.html,
2026-08-17T05:15:52,スズキ,rss,2015年1月19日,,https://www.suzuki.co.jp/release/b/2014/0119/index.html,
2026-08-17T05:15:52,スズキ,rss,2015年1月9日,,https://www.suzuki.co.jp/release/b/2014/0109/index.html,
2026-08-17T05:15:52,スズキ,rss,2014年12月25日,,https://www.suzuki.co.jp/release/a/2014/1225/index.html,
2026-08-17T05:15:52,スズキ,rss,2014年12月25日,,https://www.suzuki.co.jp/release/d/2014/1225/index.html,
2026-08-17T05:15:52,スズキ,rss,2014年12月24日,,https://www.suzuki.co.jp/release/d/2014/1224/index.html,
2026-08-17T05:15:52,スズキ,rss,2014年12月22日,,https://www.suzuki.co.jp/release/a/2014/1222/index.html,
2026-08-17T05:15:52,スズキ,rss,2014年12月18日,,https://www.suzuki.co.jp/release/a/2014/1218/index.html,
2026-08-17T05:15:52,スズキ,rss,2014年12月12日,,https://www.suzuki.co.jp/release/d/2014/1212/index.html,
2026-08-17T05:15:52,スズキ,rss,2014年11月28日,,https://www.suzuki.co.jp/release/d/2014/1128/index.html,
2026-08-17T05:15:52,スズキ,rss,2014年11月27日,,https://www.suzuki.co.jp/release/d/2014/1127/index.html,
2026-08-17T05:15:52,スズキ,rss,2014年11月20日,,https://www.suzuki.co.jp/release/d/2014/1120/index.html,
2026-08-17T05:15:52,スズキ,rss,2014年11月19日,,https://www.suzuki.co.jp/release/b/2014/1119/index.html,
2026-08-17T05:15:52,スズキ,rss,2014年11月12日,,https://www.suzuki.co.jp/release/d/2014/1112/index.html,
2026-08-17T05:15:52,スズキ,rss,2014年11月7日,,https://www.suzuki.co.jp/release/c/2014/1107/index.html,
2026-08-17T05:15:52,スズキ,rss,2014年11月6日,,https://www.suzuki.co.jp/release/d/2014/1106/index.html,
2026-08-17T05:15:52,スズキ,rss,2014年11月5日,,https://www.suzuki.co.jp/release/a/2014/1105/index.html,
2026-08-17T05:15:52,スズキ,rss,2014年11月4日,,https://www.suzuki.co.jp/release/a/2014/1104/index.html,
2026-08-17T05:15:52,スズキ,rss,2014年10月30日,,https://www.suzuki.co.jp/release/d/2014/1030/index.html,
2026-08-17T05:15:52,スズキ,rss,2014年10月27日,,https://www.suzuki.co.jp/release/d/2014/1027/index.html,
2026-08-17T05:15:52,スズキ,rss,2014年10月6日,,https://www.suzuki.co.jp/release/d/2014/1006/index.html,
2026-08-17T05:15:52,スズキ,rss,2014年10月3日,,https://www.suzuki.co.jp/release/d/2014/1003/index.html,
2026-08-17T05:15:52,スズキ,rss,2014年10月2日,,https://www.suzuki.co.jp/release/c/2014/1002/index.html,
2026-08-17T05:15:52,スズキ,rss,2014年10月1日,,https://www.suzuki.co.jp/release/d/2014/1001a/index.html,
2026-08-17T05:15:52,スズキ,rss,2014年10月1日,,https://www.suzuki.co.jp/release/d/2014/1001b/index.html,
2026-08-17T05:15:52,スズキ,rss,2014年9月30日,,https://www.suzuki.co.jp/release/b/2014/0930a/index.html,
2026-08-17T05:15:52,スズキ,rss,2014年9月30日,,https://www.suzuki.co.jp/release/b/2014/0930b/index.html,
2026-08-17T05:15:52,スズキ,rss,2014年9月30日,,https://www.suzuki.co.jp/release/b/2014/0930/index.html,
2026-08-17T05:15:52,スズキ,rss,2014年9月30日,,https://www.suzuki.co.jp/release/d/2014/0930/index.html,
2026-08-17T05:15:52,スズキ,rss,2014年9月30日,,https://www.suzuki.co.jp/release/d/2014/0930a/index.html,
2026-08-17T05:15:52,スズキ,rss,2014年9月30日,,https://www.suzuki.co.jp/release/d/2014/0930b/index.html,
2026-08-17T05:15:52,スズキ,rss,2014年9月30日,,https://www.suzuki.co.jp/release/d/2014/0930c/index.html,
2026-08-17T05:15:52,スズキ,rss,2014年9月29日,,https://www.suzuki.co.jp/release/d/2014/0929/index.html,
2026-08-17T05:15:52,スズキ,rss,2014年9月26日,,https://www.suzuki.co.jp/release/b/2014/0926/index.html,
2026-08-17T05:15:52,スズキ,rss,2014年9月25日,,https://www.suzuki.co.jp/release/c/2014/0925/index.html,
2026-08-17T05:15:52,スズキ,rss,2014年9月22日,,https://www.suzuki.co.jp/release/d/2014/0922/index.html,
2026-08-17T05:15:52,スズキ,rss,2014年9月18日,,https://www.suzuki.co.jp/release/d/2014/0918/index.html,
2026-08-17T05:15:52,スズキ,rss,2014年9月4日,,https://www.suzuki.co.jp/release/d/2014/0904/index.html,
2026-08-17T05:15:52,スズキ,rss,2014年9月3日,,https://www.suzuki.co.jp/release/d/2014/0903/index.html,
2026-08-17T05:15:52,スズキ,rss,2014年8月29日,,https://www.suzuki.co.jp/release/b/2014/0829/index.html,
2026-08-17T05:15:52,スズキ,rss,2014年8月29日,,https://www.suzuki.co.jp/release/d/2014/0829/index.html,
2026-08-17T05:15:52,スズキ,rss,2014年8月28日,,https://www.suzuki.co.jp/release/d/2014/0828a/index.html,
2026-08-17T05:15:52,スズキ,rss,2014年8月28日,,https://www.suzuki.co.jp/release/d/2014/0828b/index.html,
2026-08-17T05:15:52,スズキ,rss,2014年8月28日,,https://www.suzuki.co.jp/release/d/2014/0828c/index.html,
2026-08-17T05:15:52,スズキ,rss,2014年8月26日,,https://www.suzuki.co.jp/release/a/2014/0826/index.html,
2026-08-17T05:15:52,スズキ,rss,2014年8月25日,,https://www.suzuki.co.jp/release/a/2014/0825/index.html,
2026-08-17T05:15:52,スズキ,rss,2014年8月20日,,https://www.suzuki.co.jp/release/a/2014/0820/index.html,
2026-08-17T05:15:52,スズキ,rss,2014年8月19日,,https://www.suzuki.co.jp/release/a/2014/0819/index.html,
2026-08-17T05:15:52,スズキ,rss,2014年8月4日,,https://www.suzuki.co.jp/release/a/2014/0804/index.html,
2026-08-17T05:15:52,スズキ,rss,2014年8月1日,,https://www.suzuki.co.jp/release/d/2014/0801/index.html,
2026-08-17T05:15:52,スズキ,rss,2014年7月30日,,https://www.suzuki.co.jp/release/d/2014/0730/index.html,
2026-08-17T05:15:52,スズキ,rss,2014年7月27日,,https://www.suzuki.co.jp/release/b/2014/0727/index.html,
2026-08-17T05:15:52,スズキ,rss,2014年7月24日,,https://www.suzuki.co.jp/release/c/2014/0724/index.html,
2026-08-17T05:15:52,スズキ,rss,2014年7月20日,,https://www.suzuki.co.jp/release/d/2014/0720/index.html,
2026-08-17T05:15:52,スズキ,rss,2014年6月27日,,https://www.suzuki.co.jp/release/d/2014/0627/index.html,
2026-08-17T05:15:52,スズキ,rss,2014年6月12日,,https://www.suzuki.co.jp/release/a/2014/0612a/index.html,
2026-08-17T05:15:52,スズキ,rss,2014年6月12日,,https://www.suzuki.co.jp/release/a/2014/0612b/index.html,
2026-08-17T05:15:52,スズキ,rss,2014年6月4日,,https://www.suzuki.co.jp/release/c/2014/0604/index.html,
2026-08-17T05:15:52,スズキ,rss,2014年6月2日,,https://www.suzuki.co.jp/release/d/2014/0602/index.html,
2026-08-17T05:15:52,スズキ,rss,2014年5月29日,,https://www.suzuki.co.jp/release/d/2014/0529/index.html,
2026-08-17T05:15:52,スズキ,rss,2014年5月14日,,https://www.suzuki.co.jp/release/b/2014/0514/index.html,
2026-08-17T05:15:52,スズキ,rss,2014年5月9日,,https://www.suzuki.co.jp/release/d/2014/0509a/index.html,
2026-08-17T05:15:52,スズキ,rss,2014年5月9日,,https://www.suzuki.co.jp/release/d/2014/0509b/index.html,
2026-08-17T05:15:52,スズキ,rss,2014年4月24日,,https://www.suzuki.co.jp/release/d/2014/0424/index.html,
2026-08-17T05:15:52,スズキ,rss,2014年4月23日,,https://www.suzuki.co.jp/release/d/2014/0423/index.html,
2026-08-17T05:15:52,スズキ,rss,2014年4月20日,,https://www.suzuki.co.jp/release/d/2014/0420/index.html,
2026-08-17T05:15:52,スズキ,rss,2014年4月20日,,https://www.suzuki.co.jp/release/d/2014/0420a/index.html,
2026-08-17T05:15:52,スズキ,rss,2014年4月10日,,https://www.suzuki.co.jp/release/d/2014/0410/index.html,
2026-08-17T05:15:52,スズキ,rss,2014年4月1日,,https://www.suzuki.co.jp/release/d/2014/0401/index.html,
2026-08-17T05:15:52,スズキ,rss,2014年3月27日,,https://www.suzuki.co.jp/release/d/2013/0327/index.html,
2026-08-17T05:15:52,スズキ,rss,2014年3月25日,,https://www.suzuki.co.jp/release/d/2013/0325/index.html,
2026-08-17T05:15:52,スズキ,rss,2014年3月20日,,https://www.suzuki.co.jp/release/b/2013/0320/index.html,
2026-08-17T05:15:52,スズキ,rss,2014年3月14日,,https://www.suzuki.co.jp/release/b/2013/0314/index.html,
2026-08-17T05:15:52,スズキ,rss,2014年3月4日,,https://www.suzuki.co.jp/release/d/2013/0304/index.html,
2026-08-17T05:15:52,スズキ,rss,2014年2月28日,,https://www.suzuki.co.jp/release/d/2013/0228/index.html,
2026-08-17T05:15:52,スズキ,rss,2014年2月26日,,https://www.suzuki.co.jp/release/d/2013/0226/index.html,
2026-08-17T05:15:52,スズキ,rss,2014年2月24日,,https://www.suzuki.co.jp/release/a/2013/0224/index.html,
2026-08-17T05:15:52,スズキ,rss,2014年2月21日,,https://www.suzuki.co.jp/release/c/2013/0221/index.html,
2026-08-17T05:15:52,スズキ,rss,2014年2月14日,,https://www.suzuki.co.jp/release/d/2013/0214/index.html,
2026-08-17T05:15:52,スズキ,rss,2014年2月13日,,https://www.suzuki.co.jp/release/d/2013/0213/index.html,
2026-08-17T05:15:52,スズキ,rss,2014年2月10日,,https://www.suzuki.co.jp/release/c/2013/0210/index.html,
2026-08-17T05:15:52,スズキ,rss,2014年2月6日,,https://www.suzuki.co.jp/release/a/2013/0206/index.html,
2026-08-17T05:15:52,スズキ,rss,2014年2月6日,,https://www.suzuki.co.jp/release/d/2013/0206a/index.html,
2026-08-17T05:15:52,スズキ,rss,2014年2月6日,,https://www.suzuki.co.jp/release/d/2013/0206b/index.html,
2026-08-17T05:15:52,スズキ,rss,2014年2月6日,,https://www.suzuki.co.jp/release/d/2013/0206/index.html,
2026-08-17T05:15:52,スズキ,rss,2014年2月5日,,https://www.suzuki.co.jp/release/b/2013/0205/index.html,
2026-08-17T05:15:52,スズキ,rss,2014年1月29日,,https://www.suzuki.co.jp/release/d/2013/0129/index.html,
2026-08-17T05:15:52,スズキ,rss,2014年1月28日,,https://www.suzuki.co.jp/release/d/2013/0128/index.html,
2026-08-17T05:15:52,スズキ,rss,2014年1月21日,,https://www.suzuki.co.jp/release/a/2013/0121/index.html,
2026-08-17T05:15:52,スズキ,rss,2014年1月14日,,https://www.suzuki.co.jp/release/d/2013/0114/index.html,
2026-08-17T05:15:52,スズキ,rss,2014年1月9日,,https://www.suzuki.co.jp/release/b/2013/0109/index.html,
2026-08-17T05:15:52,スズキ,rss,2013年12月27日,,https://www.suzuki.co.jp/release/d/2013/1227/index.html,
2026-08-17T05:15:52,スズキ,rss,2013年12月25日,,https://www.suzuki.co.jp/release/d/2013/1225/index.html,
2026-08-17T05:15:52,スズキ,rss,2013年12月24日,,https://www.suzuki.co.jp/release/a/2013/1224/index.html,
2026-08-17T05:15:52,スズキ,rss,2013年12月19日,,https://www.suzuki.co.jp/release/b/2013/1219/index.html,
2026-08-17T05:15:52,スズキ,rss,2013年12月17日,,https://www.suzuki.co.jp/release/d/2013/1217/index.html,
2026-08-17T05:15:52,スズキ,rss,2013年12月16日,,https://www.suzuki.co.jp/release/d/2013/1216/index.html,
2026-08-17T05:15:52,スズキ,rss,2013年12月6日,,https://www.suzuki.co.jp/release/c/2013/1206/index.html,
2026-08-17T05:15:52,スズキ,rss,2013年11月28日,,https://www.suzuki.co.jp/release/d/2013/1128a/index.html,
2026-08-17T05:15:52,スズキ,rss,2013年11月28日,,https://www.suzuki.co.jp/release/d/2013/1128/index.html,
2026-08-17T05:15:52,スズキ,rss,2013年11月26日,,https://www.suzuki.co.jp/release/b/2013/1126/index.html,
2026-08-17T05:15:52,スズキ,rss,2013年11月23日,,https://www.suzuki.co.jp/release/d/2013/1123/index.html,
2026-08-17T05:15:52,スズキ,rss,2013年11月19日,,https://www.suzuki.co.jp/release/a/2013/1119/index.html,
2026-08-17T05:15:52,スズキ,rss,2013年11月18日,,https://www.suzuki.co.jp/release/a/2013/1118/index.html,
2026-08-17T05:15:52,スズキ,rss,2013年11月18日,,https://www.suzuki.co.jp/release/d/2013/1118a/index.html,
2026-08-17T05:15:52,スズキ,rss,2013年11月18日,,https://www.suzuki.co.jp/release/d/2013/1118b/index.html,
2026-08-17T05:15:52,スズキ,rss,2013年11月1日,,https://www.suzuki.co.jp/release/d/2013/1101/index.html,
2026-08-17T05:15:52,スズキ,rss,2013年10月29日,,https://www.suzuki.co.jp/release/d/2013/1029/index.html,
2026-08-17T05:15:52,スズキ,rss,2013年10月28日,,https://www.suzuki.co.jp/release/a/2013/1028/index.html,
2026-08-17T05:15:52,スズキ,rss,2013年10月28日,,https://www.suzuki.co.jp/release/d/2013/1028/index.html,
2026-08-17T05:15:52,スズキ,rss,2013年10月23日,,https://www.suzuki.co.jp/release/d/2013/1023/index.html,
2026-08-17T05:15:52,スズキ,rss,2013年10月16日,,https://www.suzuki.co.jp/release/a/2013/1016/index.html,
2026-08-17T05:15:52,スズキ,rss,2013年10月8日,,https://www.suzuki.co.jp/release/d/2013/1008/index.html,
2026-08-17T05:15:52,スズキ,rss,2013年10月1日,,https://www.suzuki.co.jp/release/d/2013/1001/index.html,
2026-08-17T05:15:52,スズキ,rss,2013年10月1日,,https://www.suzuki.co.jp/release/d/2013/1001a/index.html,
2026-08-17T05:15:52,スズキ,rss,2013年9月25日,,https://www.suzuki.co.jp/release/d/2013/0925/index.html,
2026-08-17T05:15:52,スズキ,rss,2013年9月24日,,https://www.suzuki.co.jp/release/b/2013/0924a/index.html,
2026-08-17T05:15:52,スズキ,rss,2013年9月24日,,https://www.suzuki.co.jp/release/b/2013/0924b/index.html,
2026-08-17T05:15:52,スズキ,rss,2013年9月24日,,https://www.suzuki.co.jp/release/b/2013/0924c/index.html,
2026-08-17T05:15:52,スズキ,rss,2013年9月19日,,https://www.suzuki.co.jp/release/d/2013/0919/index.html,
2026-08-17T05:15:52,スズキ,rss,2013年9月13日,,https://www.suzuki.co.jp/release/d/2013/0913/index.html,
2026-08-17T05:15:52,スズキ,rss,2013年9月10日,,https://www.suzuki.co.jp/release/c/2013/0910/index.html,
2026-08-17T05:15:52,スズキ,rss,2013年9月10日,,https://www.suzuki.co.jp/release/d/2013/0910/index.html,
2026-08-17T05:15:52,スズキ,rss,2013年9月6日,,https://www.suzuki.co.jp/release/d/2013/0906a/index.html,
2026-08-17T05:15:52,スズキ,rss,2013年9月6日,,https://www.suzuki.co.jp/release/d/2013/0906/index.html,
2026-08-17T05:15:52,スズキ,rss,2013年9月3日,,https://www.suzuki.co.jp/release/d/2013/0903/index.html,
2026-08-17T05:15:52,スズキ,rss,2013年8月29日,,https://www.suzuki.co.jp/release/a/2013/0829/index.html,
2026-08-17T05:15:52,スズキ,rss,2013年8月28日,,https://www.suzuki.co.jp/release/d/2013/0828/index.html,
2026-08-17T05:15:52,スズキ,rss,2013年8月26日,,https://www.suzuki.co.jp/release/a/2013/0826/index.html,
2026-08-17T05:15:52,スズキ,rss,2013年8月22日,,https://www.suzuki.co.jp/release/d/2013/0822/index.html,
2026-08-17T05:15:52,スズキ,rss,2013年8月1日,,https://www.suzuki.co.jp/release/d/2013/0801a/index.html,
2026-08-17T05:15:52,スズキ,rss,2013年8月1日,,https://www.suzuki.co.jp/release/d/2013/0801b/index.html,
2026-08-17T05:15:52,スズキ,rss,2013年7月30日,,https://www.suzuki.co.jp/release/d/2013/0730/index.html,
2026-08-17T05:15:52,スズキ,rss,2013年7月28日,,https://www.suzuki.co.jp/release/b/2013/0728/index.html,
2026-08-17T05:15:52,スズキ,rss,2013年7月26日,,https://www.suzuki.co.jp/release/d/2013/0726/index.html,
2026-08-17T05:15:52,スズキ,rss,2013年7月21日,,https://www.suzuki.co.jp/release/d/2013/0721/index.html,
2026-08-17T05:15:52,スズキ,rss,2013年7月17日,,https://www.suzuki.co.jp/release/a/2013/0717/index.html,
2026-08-17T05:15:52,スズキ,rss,2013年7月16日,,https://www.suzuki.co.jp/release/a/2013/0716a/index.html,
2026-08-17T05:15:52,スズキ,rss,2013年7月16日,,https://www.suzuki.co.jp/release/a/2013/0716b/index.html,
2026-08-17T05:15:52,スズキ,rss,2013年7月5日,,https://www.suzuki.co.jp/release/d/2013/0705/index.html,
2026-08-17T05:15:52,スズキ,rss,2013年7月2日,,https://www.suzuki.co.jp/release/d/2013/0702/index.html,
2026-08-17T05:15:52,スズキ,rss,2013年6月27日,,https://www.suzuki.co.jp/release/d/2013/0627/index.html,
2026-08-17T05:15:52,スズキ,rss,2013年6月19日,,https://www.suzuki.co.jp/release/a/2013/0619/index.html,
2026-08-17T05:15:52,スズキ,rss,2013年6月17日,,https://www.suzuki.co.jp/release/b/2013/0617/index.html,
2026-08-17T05:15:52,スズキ,rss,2013年6月12日,,https://www.suzuki.co.jp/release/a/2013/0612/index.html,
2026-08-17T05:15:52,スズキ,rss,2013年6月3日,,https://www.suzuki.co.jp/release/d/2013/0603/index.html,
2026-08-17T05:15:52,スズキ,rss,2013年5月30日,,https://www.suzuki.co.jp/release/d/2013/0530/index.html,
2026-08-17T05:15:52,スズキ,rss,2013年5月9日,,https://www.suzuki.co.jp/release/d/2013/0509a/index.html,
2026-08-17T05:15:52,スズキ,rss,2013年5月9日,,https://www.suzuki.co.jp/release/d/2013/0509b/index.html,
2026-08-17T05:15:52,スズキ,rss,2013年5月7日,,https://www.suzuki.co.jp/release/b/2013/0507/index.html,
2026-08-17T05:15:52,スズキ,rss,2013年4月24日,,https://www.suzuki.co.jp/release/d/2013/0424/index.html,
2026-08-17T05:15:52,スズキ,rss,2013年4月22日,,https://www.suzuki.co.jp/release/d/2013/0422/index.html,
2026-08-17T05:15:52,スズキ,rss,2013年4月20日,,https://www.suzuki.co.jp/release/d/2013/0420/index.html,
2026-08-17T05:15:52,スズキ,rss,2013年4月10日,,https://www.suzuki.co.jp/release/a/2013/0410/index.html,
2026-08-17T05:15:52,スズキ,rss,2013年4月10日,,https://www.suzuki.co.jp/release/d/2013/0410/index.html,
2026-08-17T05:15:52,スズキ,rss,2013年4月1日,,https://www.suzuki.co.jp/release/d/2013/0401a/index.html,
2026-08-17T05:15:52,スズキ,rss,2013年4月1日,,https://www.suzuki.co.jp/release/d/2013/0401/index.html,
2026-08-17T05:15:52,スズキ,rss,2013年3月29日,,https://www.suzuki.co.jp/release/d/2012/0329a/index.html,
2026-08-17T05:15:52,スズキ,rss,2013年3月29日,,https://www.suzuki.co.jp/release/d/2012/0329b/index.html,
2026-08-17T05:15:52,スズキ,rss,2013年3月28日,,https://www.suzuki.co.jp/release/d/2012/0328/index.html,
2026-08-17T05:15:52,スズキ,rss,2013年3月19日,,https://www.suzuki.co.jp/release/d/2012/0319/index.html,
2026-08-17T05:15:52,スズキ,rss,2013年3月15日,,https://www.suzuki.co.jp/release/d/2012/0315/index.html,
2026-08-17T05:15:52,スズキ,rss,2013年3月5日,,https://www.suzuki.co.jp/release/d/2012/0305/index.html,
2026-08-17T05:15:52,スズキ,rss,2013年2月28日,,https://www.suzuki.co.jp/release/b/2012/0228/index.html,
2026-08-17T05:15:52,スズキ,rss,2013年2月27日,,https://www.suzuki.co.jp/release/d/2012/0227/index.html,
2026-08-17T05:15:52,スズキ,rss,2013年2月26日,,https://www.suzuki.co.jp/release/a/2012/0226/index.html,
2026-08-17T05:15:52,スズキ,rss,2013年2月25日,,https://www.suzuki.co.jp/release/c/2012/0225/index.html,
2026-08-17T05:15:52,スズキ,rss,2013年2月20日,,https://www.suzuki.co.jp/release/a/2012/0220/index.html,
2026-08-17T05:15:52,スズキ,rss,2013年2月15日,,https://www.suzuki.co.jp/release/d/2012/0215/index.html,
2026-08-17T05:15:52,スズキ,rss,2013年2月7日,,https://www.suzuki.co.jp/release/d/2012/0207/index.html,
2026-08-17T05:15:52,スズキ,rss,2013年2月6日,,https://www.suzuki.co.jp/release/d/2012/0206b/index.html,
2026-08-17T05:15:52,スズキ,rss,2013年2月6日,,https://www.suzuki.co.jp/release/d/2012/0206a/index.html,
2026-08-17T05:15:52,スズキ,rss,2013年1月31日,,https://www.suzuki.co.jp/release/d/2012/0131/index.html,
2026-08-17T05:15:52,スズキ,rss,2013年1月30日,,https://www.suzuki.co.jp/release/d/2012/0130/index.html,
2026-08-17T05:15:52,スズキ,rss,2013年1月28日,,https://www.suzuki.co.jp/release/d/2012/0128/index.html,
2026-08-17T05:15:52,スズキ,rss,2013年1月23日,,https://www.suzuki.co.jp/release/a/2012/0123/index.html,
2026-08-17T05:15:52,スズキ,rss,2013年1月9日,,https://www.suzuki.co.jp/release/d/2012/0109/index.html,
2026-08-17T05:15:52,スズキ,rss,2013年1月8日,,https://www.suzuki.co.jp/release/b/2012/0108/index.html,
2026-08-17T05:15:52,スズキ,rss,2012年12月28日,,https://www.suzuki.co.jp/release/d/2012/1228/index.html,
2026-08-17T05:15:52,スズキ,rss,2012年12月27日,,https://www.suzuki.co.jp/release/d/2012/1227/index.html,
2026-08-17T05:15:52,スズキ,rss,2012年12月21日,,https://www.suzuki.co.jp/release/d/2012/1221/index.html,
2026-08-17T05:15:52,スズキ,rss,2012年12月19日,,https://www.suzuki.co.jp/release/a/2012/1219/index.html,
2026-08-17T05:15:52,スズキ,rss,2012年12月7日,,https://www.suzuki.co.jp/release/c/2012/1207/index.html,
2026-08-17T05:15:52,スズキ,rss,2012年12月6日,,https://www.suzuki.co.jp/release/a/2012/1206/index.html,
2026-08-17T05:15:52,スズキ,rss,2012年11月29日,,https://www.suzuki.co.jp/release/d/2012/1129/index.html,
2026-08-17T05:15:52,スズキ,rss,2012年11月28日,,https://www.suzuki.co.jp/release/b/2012/1128/index.html,
2026-08-17T05:15:52,スズキ,rss,2012年11月27日,,https://www.suzuki.co.jp/release/a/2012/1127/index.html,
2026-08-17T05:15:52,スズキ,rss,2012年11月15日,,https://www.suzuki.co.jp/release/d/2012/1115/index.html,
2026-08-17T05:15:52,スズキ,rss,2012年11月14日,,https://www.suzuki.co.jp/release/d/2012/1114/index.html,
2026-08-17T05:15:52,スズキ,rss,2012年11月9日,,https://www.suzuki.co.jp/release/d/2012/1109/index.html,
2026-08-17T05:15:52,スズキ,rss,2012年11月7日,,https://www.suzuki.co.jp/release/a/2012/1107/index.html,
2026-08-17T05:15:52,スズキ,rss,2012年11月7日,,https://www.suzuki.co.jp/release/d/2012/1107/index.html,
2026-08-17T05:15:52,スズキ,rss,2012年11月6日,,https://www.suzuki.co.jp/release/d/2012/1106/index.html,
2026-08-17T05:15:52,スズキ,rss,2012年11月5日,,https://www.suzuki.co.jp/release/a/2012/1105/index.html,
2026-08-17T05:15:52,スズキ,rss,2012年10月26日,,https://www.suzuki.co.jp/release/d/2012/1026/index.html,
2026-08-17T05:15:52,スズキ,rss,2012年10月16日,,https://www.suzuki.co.jp/release/d/2012/1016/index.html,
2026-08-17T05:15:52,スズキ,rss,2012年10月10日,,https://www.suzuki.co.jp/release/a/2012/1010/index.html,
2026-08-17T05:15:52,スズキ,rss,2012年10月3日,,https://www.suzuki.co.jp/release/d/2012/1003/index.html,
2026-08-17T05:15:52,スズキ,rss,2012年10月1日,,https://www.suzuki.co.jp/release/d/2012/1001b/index.html,
2026-08-17T05:15:52,スズキ,rss,2012年10月1日,,https://www.suzuki.co.jp/release/d/2012/1001a/index.html,
2026-08-17T05:15:52,スズキ,rss,2012年9月27日,,https://www.suzuki.co.jp/release/d/2012/0927/index.html,
2026-08-17T05:15:52,スズキ,rss,2012年9月26日,,https://www.suzuki.co.jp/release/d/2012/0926/index.html,
2026-08-17T05:15:52,スズキ,rss,2012年9月24日,,https://www.suzuki.co.jp/release/d/2012/0924/index.html,
2026-08-17T05:15:52,スズキ,rss,2012年9月13日,,https://www.suzuki.co.jp/release/d/2012/0913/index.html,
2026-08-17T05:15:52,スズキ,rss,2012年9月11日,,https://www.suzuki.co.jp/release/d/2012/0911/index.html,
2026-08-17T05:15:52,スズキ,rss,2012年9月6日,,https://www.suzuki.co.jp/release/a/2012/0906/index.html,
2026-08-17T05:15:52,スズキ,rss,2012年8月30日,,https://www.suzuki.co.jp/release/d/2012/0830/index.html,
2026-08-17T05:15:52,スズキ,rss,2012年8月29日,,https://www.suzuki.co.jp/release/d/2012/0829/index.html,
2026-08-17T05:15:52,スズキ,rss,2012年8月16日,,https://www.suzuki.co.jp/release/d/2012/0816/index.html,
2026-08-17T05:15:52,スズキ,rss,2012年8月10日,,https://www.suzuki.co.jp/release/d/2012/0810/index.html,
2026-08-17T05:15:52,スズキ,rss,2012年8月9日,,https://www.suzuki.co.jp/release/a/2012/0809/index.html,
2026-08-17T05:15:52,スズキ,rss,2012年8月9日,,https://www.suzuki.co.jp/release/d/2012/0809/index.html,
2026-08-17T05:15:52,スズキ,rss,2012年8月2日,,https://www.suzuki.co.jp/release/d/2012/0802/index.html,
2026-08-17T05:15:52,スズキ,rss,2012年7月26日,,https://www.suzuki.co.jp/release/d/2012/0726/index.html,
2026-08-17T05:15:52,スズキ,rss,2012年7月25日,,https://www.suzuki.co.jp/release/d/2012/0725/index.html,
2026-08-17T05:15:52,スズキ,rss,2012年7月20日,,https://www.suzuki.co.jp/release/d/2012/0720/index.html,
2026-08-17T05:15:52,スズキ,rss,2012年7月19日,,https://www.suzuki.co.jp/release/d/2012/0719/index.html,
2026-08-17T05:15:52,スズキ,rss,2012年7月18日,,https://www.suzuki.co.jp/release/b/2012/0718/index.html,
2026-08-17T05:15:52,スズキ,rss,2012年7月18日,,https://www.suzuki.co.jp/release/d/2012/0718/index.html,
2026-08-17T05:15:52,スズキ,rss,2012年7月11日,,https://www.suzuki.co.jp/release/a/2012/0711/index.html,
2026-08-17T05:15:52,スズキ,rss,2012年7月11日,,https://www.suzuki.co.jp/release/d/2012/0711/index.html,
2026-08-17T05:15:52,スズキ,rss,2012年7月8日,,https://www.suzuki.co.jp/release/d/2012/0708/index.html,
2026-08-17T05:15:52,スズキ,rss,2012年7月5日,,https://www.suzuki.co.jp/release/a/2012/0705/index.html,
2026-08-17T05:15:52,スズキ,rss,2012年6月29日,,https://www.suzuki.co.jp/release/d/2012/0629/index.html,
2026-08-17T05:15:52,スズキ,rss,2012年6月28日,,https://www.suzuki.co.jp/release/d/2012/0628a/index.html,
2026-08-17T05:15:52,スズキ,rss,2012年6月28日,,https://www.suzuki.co.jp/release/d/2012/0628/index.html,
2026-08-17T05:15:52,スズキ,rss,2012年6月18日,,https://www.suzuki.co.jp/release/a/2012/0618a/index.html,
2026-08-17T05:15:52,スズキ,rss,2012年6月18日,,https://www.suzuki.co.jp/release/a/2012/0618b/index.html,
2026-08-17T05:15:52,スズキ,rss,2012年6月12日,,https://www.suzuki.co.jp/release/a/2012/0612/index.html,
2026-08-17T05:15:52,スズキ,rss,2012年6月11日,,https://www.suzuki.co.jp/release/a/2012/0611a/index.html,
2026-08-17T05:15:52,スズキ,rss,2012年6月11日,,https://www.suzuki.co.jp/release/a/2012/0611b/index.html,
2026-08-17T05:15:52,スズキ,rss,2012年6月4日,,https://www.suzuki.co.jp/release/c/2012/0604/index.html,
2026-08-17T05:15:52,スズキ,rss,2012年6月4日,,https://www.suzuki.co.jp/release/d/2012/0604/index.html,
2026-08-17T05:15:52,スズキ,rss,2012年6月1日,,https://www.suzuki.co.jp/release/d/2012/0601/index.html,
2026-08-17T05:15:52,スズキ,rss,2012年5月29日,,https://www.suzuki.co.jp/release/c/2012/0529/index.html,
2026-08-17T05:15:52,スズキ,rss,2012年5月28日,,https://www.suzuki.co.jp/release/d/2012/0528/index.html,
2026-08-17T05:15:52,スズキ,rss,2012年5月24日,,https://www.suzuki.co.jp/release/d/2012/0524/index.html,
2026-08-17T05:15:52,スズキ,rss,2012年5月17日,,https://www.suzuki.co.jp/release/a/2012/0517/index.html,
2026-08-17T05:15:52,スズキ,rss,2012年5月14日,,https://www.suzuki.co.jp/release/a/2012/0514/index.html,
2026-08-17T05:15:52,スズキ,rss,2012年5月10日,,https://www.suzuki.co.jp/release/d/2012/0510/index.html,
2026-08-17T05:15:52,スズキ,rss,2012年5月10日,,https://www.suzuki.co.jp/release/d/2012/0510a/index.html,
2026-08-17T05:15:52,スズキ,rss,2012年4月25日,,https://www.suzuki.co.jp/release/d/2012/0425b/index.html,
2026-08-17T05:15:52,スズキ,rss,2012年4月25日,,https://www.suzuki.co.jp/release/d/2012/0425a/index.html,
2026-08-17T05:15:52,スズキ,rss,2012年4月23日,,https://www.suzuki.co.jp/release/d/2012/0423c/index.html,
2026-08-17T05:15:52,スズキ,rss,2012年4月23日,,https://www.suzuki.co.jp/release/d/2012/0423a/index.html,
2026-08-17T05:15:52,スズキ,rss,2012年4月23日,,https://www.suzuki.co.jp/release/d/2012/0423b/index.html,
2026-08-17T05:15:52,スズキ,rss,2012年4月16日,,https://www.suzuki.co.jp/release/d/2012/0416/index.html,
2026-08-17T05:15:52,スズキ,rss,2012年4月12日,,https://www.suzuki.co.jp/release/d/2012/0412/index.html,
2026-08-17T05:15:52,スズキ,rss,2012年4月2日,,https://www.suzuki.co.jp/release/d/2012/0402/index.html,
2026-08-17T05:15:52,スズキ,rss,2012年3月29日,,https://www.suzuki.co.jp/release/d/2011/0329/index.html,
2026-08-17T05:15:52,スズキ,rss,2012年3月28日,,https://www.suzuki.co.jp/release/d/2011/0328/index.html,
2026-08-17T05:15:52,スズキ,rss,2012年3月23日,,https://www.suzuki.co.jp/release/b/2011/0323/index.html,
2026-08-17T05:15:52,スズキ,rss,2012年3月21日,,https://www.suzuki.co.jp/release/d/2011/0321/index.html,
2026-08-17T05:15:52,スズキ,rss,2012年2月27日,,https://www.suzuki.co.jp/release/a/2011/0227/index.html,
2026-08-17T05:15:52,スズキ,rss,2012年2月24日,,https://www.suzuki.co.jp/release/d/2011/0224/index.html,
2026-08-17T05:15:52,スズキ,rss,2012年2月20日,,https://www.suzuki.co.jp/release/c/2011/0220/index.html,
2026-08-17T05:15:52,スズキ,rss,2012年2月17日,,https://www.suzuki.co.jp/release/d/2011/0217/index.html,
2026-08-17T05:15:52,スズキ,rss,2012年2月14日,,https://www.suzuki.co.jp/release/a/2011/0214/index.html,
2026-08-17T05:15:52,スズキ,rss,2012年2月10日,,https://www.suzuki.co.jp/release/d/2011/0210/index.html,
2026-08-17T05:15:52,スズキ,rss,2012年2月7日,,https://www.suzuki.co.jp/release/d/2011/0207/index.html,
2026-08-17T05:15:52,スズキ,rss,2012年2月6日,,https://www.suzuki.co.jp/release/d/2011/0206/index.html,
2026-08-17T05:15:52,スズキ,rss,2012年2月2日,,https://www.suzuki.co.jp/release/d/2011/0202/index.html,
2026-08-17T05:15:52,スズキ,rss,2012年1月31日,,https://www.suzuki.co.jp/release/d/2011/0131/index.html,
2026-08-17T05:15:52,スズキ,rss,2012年1月27日,,https://www.suzuki.co.jp/release/d/2011/0127/index.html,
2026-08-17T05:15:52,スズキ,rss,2012年1月26日,,https://www.suzuki.co.jp/release/a/2011/0126/index.html,
2026-08-17T05:15:52,スズキ,rss,2012年1月23日,,https://www.suzuki.co.jp/release/c/2011/0123/index.html,
2026-08-17T05:15:52,スズキ,rss,2012年1月6日,,https://www.suzuki.co.jp/release/d/2011/0106/index.html,
2026-08-17T05:15:52,スズキ,rss,2012年1月4日,,https://www.suzuki.co.jp/release/d/2011/0104/index.html,
2026-08-17T05:15:52,スズキ,rss,2011年12月28日,,https://www.suzuki.co.jp/release/d/2011/1228/index.html,
2026-08-17T05:15:52,スズキ,rss,2011年12月22日,,https://www.suzuki.co.jp/release/d/2011/1222/index.html,
2026-08-17T05:15:52,スズキ,rss,2011年12月16日,,https://www.suzuki.co.jp/release/d/2011/1216/index.html,
2026-08-17T05:15:52,スズキ,rss,2011年12月9日,,https://www.suzuki.co.jp/release/b/2011/1209/index.html,
2026-08-17T05:15:52,スズキ,rss,2011年11月28日,,https://www.suzuki.co.jp/release/a/2011/1128/index.html,
2026-08-17T05:15:52,スズキ,rss,2011年11月28日,,https://www.suzuki.co.jp/release/d/2011/1128/index.html,
2026-08-17T05:15:52,スズキ,rss,2011年11月25日,,https://www.suzuki.co.jp/release/a/2011/1125/index.html,
2026-08-17T05:15:52,スズキ,rss,2011年11月25日,,https://www.suzuki.co.jp/release/d/2011/1125/index.html,
2026-08-17T05:15:52,スズキ,rss,2011年11月24日,,https://www.suzuki.co.jp/release/d/2011/1124/index.html,
2026-08-17T05:15:52,スズキ,rss,2011年11月24日,,https://www.suzuki.co.jp/release/a/2011/1124/index.html,
2026-08-17T05:15:52,スズキ,rss,2011年11月22日,,https://www.suzuki.co.jp/release/d/2011/1122/index.html,
2026-08-17T05:15:52,スズキ,rss,2011年11月21日,,https://www.suzuki.co.jp/release/a/2011/1121/index.html,
2026-08-17T05:15:52,スズキ,rss,2011年11月18日,,https://www.suzuki.co.jp/release/d/2011/1118a/index.html,
2026-08-17T05:15:52,スズキ,rss,2011年11月17日,,https://www.suzuki.co.jp/release/a/2011/1117/index.html,
2026-08-17T05:15:52,スズキ,rss,2011年11月16日,,https://www.suzuki.co.jp/release/d/2011/1116/index.html,
2026-08-17T05:15:52,スズキ,rss,2011年11月15日,,https://www.suzuki.co.jp/release/a/2011/1115/index.html,
2026-08-17T05:15:52,スズキ,rss,2011年11月8日,,https://www.suzuki.co.jp/release/d/2011/1108/index.html,
2026-08-17T05:15:52,スズキ,rss,2011年11月7日,,https://www.suzuki.co.jp/release/d/2011/1107/index.html,
2026-08-17T05:15:52,スズキ,rss,2011年11月1日,,https://www.suzuki.co.jp/release/d/2011/1101/index.html,
2026-08-17T05:15:52,スズキ,rss,2011年10月31日,,https://www.suzuki.co.jp/release/d/2011/1031/index.html,
2026-08-17T05:15:52,スズキ,rss,2011年10月29日,,https://www.suzuki.co.jp/release/d/2011/1029/index.html,
2026-08-17T05:15:52,スズキ,rss,2011年10月26日,,https://www.suzuki.co.jp/release/d/2011/1026/index.html,
2026-08-17T05:15:52,スズキ,rss,2011年10月14日,,https://www.suzuki.co.jp/release/d/2011/1014/index.html,
2026-08-17T05:15:52,スズキ,rss,2011年10月13日,,https://www.suzuki.co.jp/release/b/2011/1013/index.html,
2026-08-17T05:15:52,スズキ,rss,2011年10月13日,,https://www.suzuki.co.jp/release/d/2011/1013/index.html,
2026-08-17T05:15:52,スズキ,rss,2011年10月11日,,https://www.suzuki.co.jp/release/a/2011/1011/index.html,
2026-08-17T05:15:52,スズキ,rss,2011年10月5日,,https://www.suzuki.co.jp/release/d/2011/1005/index.html,
2026-08-17T05:15:52,スズキ,rss,2011年10月3日,,https://www.suzuki.co.jp/release/d/2011/1003/index.html,
2026-08-17T05:15:52,スズキ,rss,2011年9月28日,,https://www.suzuki.co.jp/release/d/2011/0928/index.html,
2026-08-17T05:15:52,スズキ,rss,2011年9月22日,,https://www.suzuki.co.jp/release/d/2011/0922/index.html,
2026-08-17T05:15:52,スズキ,rss,2011年9月12日,,https://www.suzuki.co.jp/release/d/2011/0912/index.html,
2026-08-17T05:15:52,スズキ,rss,2011年8月31日,,https://www.suzuki.co.jp/release/d/2011/0831/index.html,
2026-08-17T05:15:52,スズキ,rss,2011年8月30日,,https://www.suzuki.co.jp/release/d/2011/0830/index.html,
2026-08-17T05:15:52,スズキ,rss,2011年8月25日,,https://www.suzuki.co.jp/release/a/2011/0825/index.html,
2026-08-17T05:15:52,スズキ,rss,2011年8月18日,,https://www.suzuki.co.jp/release/d/2011/0818/index.html,
2026-08-17T05:15:52,スズキ,rss,2011年8月10日,,https://www.suzuki.co.jp/release/d/2011/0810/index.html,
2026-08-17T05:15:52,スズキ,rss,2011年7月25日,,https://www.suzuki.co.jp/release/d/2011/0725/index.html,
2026-08-17T05:15:52,スズキ,rss,2011年7月18日,,https://www.suzuki.co.jp/release/d/2011/0718/index.html,
2026-08-17T05:15:52,スズキ,rss,2011年7月15日,,https://www.suzuki.co.jp/release/d/2011/0715/index.html,
2026-08-17T05:15:52,スズキ,rss,2011年7月11日,,https://www.suzuki.co.jp/release/d/2011/0711/index.html,
2026-08-17T05:15:52,スズキ,rss,2011年7月2日,,https://www.suzuki.co.jp/release/d/2011/0702/index.html,
2026-08-17T05:15:52,スズキ,rss,2011年7月1日,,https://www.suzuki.co.jp/release/a/2011/0701/index.html,
2026-08-17T05:15:52,スズキ,rss,2011年6月29日,,https://www.suzuki.co.jp/release/d/2011/0629/index.html,
2026-08-17T05:15:52,スズキ,rss,2011年6月28日,,https://www.suzuki.co.jp/release/d/2011/0628/index.html,
2026-08-17T05:15:52,スズキ,rss,2011年6月27日,,https://www.suzuki.co.jp/release/b/2011/0627/index.html,
2026-08-17T05:15:52,スズキ,rss,2011年6月27日,,https://www.suzuki.co.jp/release/d/2011/0627/index.html,
2026-08-17T05:15:52,スズキ,rss,2011年6月23日,,https://www.suzuki.co.jp/release/d/2011/0623/index.html,
2026-08-17T05:15:52,スズキ,rss,2011年6月1日,,https://www.suzuki.co.jp/release/d/2011/0601a/index.html,
2026-08-17T05:15:52,スズキ,rss,2011年6月1日,,https://www.suzuki.co.jp/release/d/2011/0601/index.html,
2026-08-17T05:15:52,スズキ,rss,2011年5月31日,,https://www.suzuki.co.jp/release/d/2011/0531/index.html,
2026-08-17T05:15:52,スズキ,rss,2011年5月27日,,https://www.suzuki.co.jp/release/d/2011/0527/index.html,
2026-08-17T05:15:52,スズキ,rss,2011年5月19日,,https://www.suzuki.co.jp/release/d/2011/0519/index.html,
2026-08-17T05:15:52,スズキ,rss,2011年5月10日,,https://www.suzuki.co.jp/release/d/2011/0510/index.html,
2026-08-17T05:15:52,スズキ,rss,2011年4月25日,,https://www.suzuki.co.jp/release/d/2011/0425/index.html,
2026-08-17T05:15:52,スズキ,rss,2011年4月8日,,https://www.suzuki.co.jp/release/d/2011/0408/index.html,
2026-08-17T05:15:52,スズキ,rss,2011年4月1日,,https://www.suzuki.co.jp/release/d/2011/0401a/index.html,
2026-08-17T05:15:52,スズキ,rss,2011年4月1日,,https://www.suzuki.co.jp/release/d/2011/0401b/index.html,
2026-08-17T05:15:52,スズキ,rss,2011年3月31日,,https://www.suzuki.co.jp/release/d/2010/0331/index.html,
2026-08-17T05:15:52,スズキ,rss,2011年3月29日,,https://www.suzuki.co.jp/release/d/2010/0329/index.html,
2026-08-17T05:15:52,スズキ,rss,2011年3月25日,,https://www.suzuki.co.jp/release/d/2010/0325b/index.html,
2026-08-17T05:15:52,スズキ,rss,2011年3月25日,,https://www.suzuki.co.jp/release/d/2010/0325/index.html,
2026-08-17T05:15:52,スズキ,rss,2011年3月24日,,https://www.suzuki.co.jp/release/d/2010/0324/index.html,
2026-08-17T05:15:52,スズキ,rss,2011年3月23日,,https://www.suzuki.co.jp/release/d/2010/0323/index.html,
2026-08-17T05:15:52,スズキ,rss,2011年3月22日,,https://www.suzuki.co.jp/release/d/2010/0322/index.html,
2026-08-17T05:15:52,スズキ,rss,2011年3月18日,,https://www.suzuki.co.jp/release/d/2010/0318/index.html,
2026-08-17T05:15:52,スズキ,rss,2011年3月16日,,https://www.suzuki.co.jp/release/d/2010/0316b/index.html,
2026-08-17T05:15:52,スズキ,rss,2011年3月16日,,https://www.suzuki.co.jp/release/d/2010/0316/index.html,
2026-08-17T05:15:52,スズキ,rss,2011年3月15日,,https://www.suzuki.co.jp/release/d/2010/0315/index.html,
2026-08-17T05:15:52,スズキ,rss,2011年3月14日,,https://www.suzuki.co.jp/release/d/2010/0314/index.html,
2026-08-17T05:15:52,スズキ,rss,2011年3月13日,,https://www.suzuki.co.jp/release/d/2010/0313/index.html,
2026-08-17T05:15:52,スズキ,rss,2011年3月10日,,https://www.suzuki.co.jp/release/a/2010/0310/index.html,
2026-08-17T05:15:52,スズキ,rss,2011年3月10日,,https://www.suzuki.co.jp/release/d/2010/0310/index.html,
2026-08-17T05:15:52,スズキ,rss,2011年3月9日,,https://www.suzuki.co.jp/release/d/2010/0309/index.html,
2026-08-17T05:15:52,スズキ,rss,2011年3月4日,,https://www.suzuki.co.jp/release/c/2010/0304/index.html,
2026-08-17T05:15:52,スズキ,rss,2011年3月2日,,https://www.suzuki.co.jp/release/d/2010/0302/index.html,
2026-08-17T05:15:52,スズキ,rss,2011年2月25日,,https://www.suzuki.co.jp/release/d/2010/0225b/index.html,
2026-08-17T05:15:52,スズキ,rss,2011年2月25日,,https://www.suzuki.co.jp/release/d/2010/0225a/index.html,
2026-08-17T05:15:52,スズキ,rss,2011年2月22日,,https://www.suzuki.co.jp/release/a/2010/0222/index.html,
2026-08-17T05:15:52,スズキ,rss,2011年2月18日,,https://www.suzuki.co.jp/release/d/2010/0218/index.html,
2026-08-17T05:15:52,スズキ,rss,2011年2月17日,,https://www.suzuki.co.jp/release/d/2010/0217/index.html,
2026-08-17T05:15:52,スズキ,rss,2011年1月27日,,https://www.suzuki.co.jp/release/d/2010/0127/index.html,
2026-08-17T05:15:52,スズキ,rss,2011年1月20日,,https://www.suzuki.co.jp/release/a/2010/0120/index.html,
2026-08-17T05:15:52,スズキ,rss,2011年1月12日,,https://www.suzuki.co.jp/release/d/2010/0112/index.html,
2026-08-17T05:15:52,スズキ,rss,2011年1月11日,,https://www.suzuki.co.jp/release/d/2010/0111/index.html,
2026-08-17T05:15:52,スズキ,rss,2010年12月24日,,https://www.suzuki.co.jp/release/a/2010/1224/index.html,
2026-08-17T05:15:52,スズキ,rss,2010年12月24日,,https://www.suzuki.co.jp/release/d/2010/1224a/index.html,
2026-08-17T05:15:52,スズキ,rss,2010年12月24日,,https://www.suzuki.co.jp/release/d/2010/1224b/index.html,
2026-08-17T05:15:52,スズキ,rss,2010年12月21日,,https://www.suzuki.co.jp/release/a/2010/1221/index.html,
2026-08-17T05:15:52,スズキ,rss,2010年12月1日,,https://www.suzuki.co.jp/release/d/2010/1201/index.html,
2026-08-17T05:15:52,スズキ,rss,2010年11月26日,,https://www.suzuki.co.jp/release/d/2010/1126/index.html,
2026-08-17T05:15:52,スズキ,rss,2010年11月25日,,https://www.suzuki.co.jp/release/a/2010/1125a/index.html,
2026-08-17T05:15:52,スズキ,rss,2010年11月25日,,https://www.suzuki.co.jp/release/a/2010/1125b/index.html,
2026-08-17T05:15:52,スズキ,rss,2010年11月25日,,https://www.suzuki.co.jp/release/a/2010/1125c/index.html,
2026-08-17T05:15:52,スズキ,rss,2010年11月17日,,https://www.suzuki.co.jp/release/d/2010/1117/index.html,
2026-08-17T05:15:52,スズキ,rss,2010年10月25日,,https://www.suzuki.co.jp/release/d/2010/1025/index.html,
2026-08-17T05:15:52,スズキ,rss,2010年10月22日,,https://www.suzuki.co.jp/release/d/2010/1022/index.html,
2026-08-17T05:15:52,スズキ,rss,2010年10月15日,,https://www.suzuki.co.jp/release/d/2010/1015/index.html,
2026-08-17T05:15:52,スズキ,rss,2010年10月6日,,https://www.suzuki.co.jp/release/d/2010/1006/index.html,
2026-08-17T05:15:52,スズキ,rss,2010年10月1日,,https://www.suzuki.co.jp/release/d/2010/1001/index.html,
2026-08-17T05:15:52,スズキ,rss,2010年10月1日,,https://www.suzuki.co.jp/release/d/2010/1001b/index.html,
2026-08-17T05:15:52,スズキ,rss,2010年9月28日,,https://www.suzuki.co.jp/release/d/2010/0928/index.html,
2026-08-17T05:15:52,スズキ,rss,2010年9月24日,,https://www.suzuki.co.jp/release/d/2010/0924/index.html,
2026-08-17T05:15:52,スズキ,rss,2010年8月27日,,https://www.suzuki.co.jp/release/d/2010/0827a/index.html,
2026-08-17T05:15:52,スズキ,rss,2010年8月27日,,https://www.suzuki.co.jp/release/d/2010/0827b/index.html,
2026-08-17T05:15:52,スズキ,rss,2010年8月27日,,https://www.suzuki.co.jp/release/d/2010/0827c/index.html,
2026-08-17T05:15:52,スズキ,rss,2010年8月26日,,https://www.suzuki.co.jp/release/a/2010/0826/index.html,
2026-08-17T05:15:52,スズキ,rss,2010年8月20日,,https://www.suzuki.co.jp/release/a/2010/0820a/index.html,
2026-08-17T05:15:52,スズキ,rss,2010年8月20日,,https://www.suzuki.co.jp/release/a/2010/0820b/index.html,
2026-08-17T05:15:52,スズキ,rss,2010年8月20日,,https://www.suzuki.co.jp/release/a/2010/0820c/index.html,
2026-08-17T05:15:52,スズキ,rss,2010年8月6日,,https://www.suzuki.co.jp/release/d/2010/0806/index.html,
2026-08-17T05:15:52,スズキ,rss,2010年7月29日,,https://www.suzuki.co.jp/release/d/2010/0729/index.html,
2026-08-17T05:15:52,スズキ,rss,2010年7月27日,,https://www.suzuki.co.jp/release/d/2010/0727/index.html,
2026-08-17T05:15:52,スズキ,rss,2010年7月26日,,https://www.suzuki.co.jp/release/b/2010/0726/index.html,
2026-08-17T05:15:52,スズキ,rss,2010年7月20日,,https://www.suzuki.co.jp/release/d/2010/0720/index.html,
2026-08-17T05:15:52,スズキ,rss,2010年7月14日,,https://www.suzuki.co.jp/release/d/2010/0714/index.html,
2026-08-17T05:15:52,スズキ,rss,2010年7月9日,,https://www.suzuki.co.jp/release/b/2010/0709/index.html,
2026-08-17T05:15:52,スズキ,rss,2010年7月1日,,https://www.suzuki.co.jp/release/c/2010/0701/index.html,
2026-08-17T05:15:52,スズキ,rss,2010年6月30日,,https://www.suzuki.co.jp/release/d/2010/0630/index.html,
2026-08-17T05:15:52,スズキ,rss,2010年6月28日,,https://www.suzuki.co.jp/release/d/2010/0628/index.html,
2026-08-17T05:15:52,スズキ,rss,2010年6月11日,,https://www.suzuki.co.jp/release/d/2010/0611/index.html,
2026-08-17T05:15:52,スズキ,rss,2010年6月1日,,https://www.suzuki.co.jp/release/d/2010/0601/index.html,
2026-08-17T05:15:52,スズキ,rss,2010年5月28日,,https://www.suzuki.co.jp/release/d/2010/0528/index.html,
2026-08-17T05:15:52,スズキ,rss,2010年5月18日,,https://www.suzuki.co.jp/release/a/2010/0518/index.html,
2026-08-17T05:15:52,スズキ,rss,2010年5月13日,,https://www.suzuki.co.jp/release/d/2010/0513/index.html,
2026-08-17T05:15:52,スズキ,rss,2010年5月11日,,https://www.suzuki.co.jp/release/a/2010/0511/index.html,
2026-08-17T05:15:52,スズキ,rss,2010年5月10日,,https://www.suzuki.co.jp/release/d/2010/0510b/index.html,
2026-08-17T05:15:52,スズキ,rss,2010年5月10日,,https://www.suzuki.co.jp/release/d/2010/0510a/index.html,
2026-08-17T05:15:52,スズキ,rss,2010年4月26日,,https://www.suzuki.co.jp/release/d/2010/0426/index.html,
2026-08-17T05:15:52,スズキ,rss,2010年4月23日,,https://www.suzuki.co.jp/release/d/2010/0423b/index.html,
2026-08-17T05:15:52,スズキ,rss,2010年4月23日,,https://www.suzuki.co.jp/release/d/2010/0423a/index.html,
2026-08-17T05:15:52,スズキ,rss,2010年4月23日,,https://www.suzuki.co.jp/release/d/2010/0423/index.html,
2026-08-17T05:15:52,スズキ,rss,2010年4月22日,,https://www.suzuki.co.jp/release/d/2010/0422/index.html,
2026-08-17T05:15:52,スズキ,rss,2010年4月12日,,https://www.suzuki.co.jp/release/b/2010/0412/index.html,
2026-08-17T05:15:52,スズキ,rss,2010年4月9日,,https://www.suzuki.co.jp/release/a/2010/0409/index.html,
2026-08-17T05:15:52,スズキ,rss,2010年4月6日,,https://www.suzuki.co.jp/release/d/2010/0406/index.html,
2026-08-17T05:15:52,スズキ,rss,2010年4月1日,,https://www.suzuki.co.jp/release/c/2010/0401/index.html,
2026-08-17T05:15:52,スズキ,rss,2010年4月1日,,https://www.suzuki.co.jp/release/d/2010/0401/index.html,
2026-08-17T05:15:52,スズキ,rss,2010年3月29日,,https://www.suzuki.co.jp/release/d/2009/0329b/index.html,
2026-08-17T05:15:52,スズキ,rss,2010年3月29日,,https://www.suzuki.co.jp/release/d/2009/0329/index.html,
2026-08-17T05:15:52,スズキ,rss,2010年3月23日,,https://www.suzuki.co.jp/release/d/2009/0323/index.html,
2026-08-17T05:15:52,スズキ,rss,2010年3月18日,,https://www.suzuki.co.jp/release/d/2009/0318/index.html,
2026-08-17T05:15:52,スズキ,rss,2010年2月26日,,https://www.suzuki.co.jp/release/b/2009/0226/index.html,
2026-08-17T05:15:52,スズキ,rss,2010年2月23日,,https://www.suzuki.co.jp/release/d/2009/0223/index.html,
2026-08-17T05:15:52,スズキ,rss,2010年2月19日,,https://www.suzuki.co.jp/release/d/2009/0219/index.html,
2026-08-17T05:15:52,スズキ,rss,2010年2月18日,,https://www.suzuki.co.jp/release/c/2009/0218/index.html,
2026-08-17T05:15:52,スズキ,rss,2010年2月12日,,https://www.suzuki.co.jp/release/d/2009/0212b/index.html,
2026-08-17T05:15:52,スズキ,rss,2010年2月12日,,https://www.suzuki.co.jp/release/d/2009/0212/index.html,
2026-08-17T05:15:52,スズキ,rss,2010年2月8日,,https://www.suzuki.co.jp/release/d/2009/0208/index.html,
2026-08-17T05:15:52,スズキ,rss,2010年2月5日,,https://www.suzuki.co.jp/release/d/2009/0205/index.html,
2026-08-17T05:15:52,スズキ,rss,2010年2月4日,,https://www.suzuki.co.jp/release/d/2009/0204/index.html,
2026-08-17T05:15:52,スズキ,rss,2010年1月25日,,https://www.suzuki.co.jp/release/d/2009/0125/index.html,
2026-08-17T05:15:52,スズキ,rss,2010年1月21日,,https://www.suzuki.co.jp/release/a/2009/0121/index.html,
2026-08-17T05:15:52,スズキ,rss,2010年1月5日,,https://www.suzuki.co.jp/release/d/2009/0105/index.html,
2026-08-17T05:15:52,スズキ,rss,2009年12月25日,,https://www.suzuki.co.jp/release/d/2009/1225/index.html,
2026-08-17T05:15:52,スズキ,rss,2009年12月22日,,https://www.suzuki.co.jp/release/b/2009/1222/index.html,
2026-08-17T05:15:52,スズキ,rss,2009年12月22日,,https://www.suzuki.co.jp/release/d/2009/1222/index.html,
2026-08-17T05:15:52,スズキ,rss,2009年12月16日,,https://www.suzuki.co.jp/release/a/2009/1216/index.html,
2026-08-17T05:15:52,スズキ,rss,2009年12月10日,,https://www.suzuki.co.jp/release/a/2009/1210/index.html,
2026-08-17T05:15:52,スズキ,rss,2009年12月9日,,https://www.suzuki.co.jp/release/d/2009/1209/index.html,
2026-08-17T05:15:52,スズキ,rss,2009年12月4日,,https://www.suzuki.co.jp/release/b/2009/1204/index.html,
2026-08-17T05:15:52,スズキ,rss,2009年12月4日,,https://www.suzuki.co.jp/release/d/2009/1204/index.html,
2026-08-17T05:15:52,スズキ,rss,2009年12月1日,,https://www.suzuki.co.jp/release/c/2009/1201/index.html,
2026-08-17T05:15:52,スズキ,rss,2009年11月30日,,https://www.suzuki.co.jp/release/d/2009/1130/index.html,
2026-08-17T05:15:52,スズキ,rss,2009年11月27日,,https://www.suzuki.co.jp/release/d/2009/1127/index.html,
2026-08-17T05:15:52,スズキ,rss,2009年11月24日,,https://www.suzuki.co.jp/release/d/2009/1124/index.html,
2026-08-17T05:15:52,スズキ,rss,2009年11月20日,,https://www.suzuki.co.jp/release/b/2009/1120/index.html,
2026-08-17T05:15:52,スズキ,rss,2009年10月28日,,https://www.suzuki.co.jp/release/d/2009/1028/index.html,
2026-08-17T05:15:52,スズキ,rss,2009年10月21日,,https://www.suzuki.co.jp/release/a/2009/1021/index.html,
2026-08-17T05:15:52,スズキ,rss,2009年10月9日,,https://www.suzuki.co.jp/release/d/2009/1009/index.html,
2026-08-17T05:15:52,スズキ,rss,2009年10月1日,,https://www.suzuki.co.jp/release/d/2009/1001/index.html,
2026-08-17T05:15:52,スズキ,rss,2009年9月28日,,https://www.suzuki.co.jp/release/d/2009/0928/index.html,
2026-08-17T05:15:52,スズキ,rss,2009年9月17日,,https://www.suzuki.co.jp/release/a/2009/0917/index.html,
2026-08-17T05:15:52,スズキ,rss,2009年8月31日,,https://www.suzuki.co.jp/release/b/2009/0831b/index.html,
2026-08-17T05:15:52,スズキ,rss,2009年8月31日,,https://www.suzuki.co.jp/release/b/2009/0831a/index.html,
2026-08-17T05:15:52,スズキ,rss,2009年8月28日,,https://www.suzuki.co.jp/release/d/2009/0828/index.html,
2026-08-17T05:15:52,スズキ,rss,2009年8月4日,,https://www.suzuki.co.jp/release/b/2009/0804/index.html,
2026-08-17T05:15:52,スズキ,rss,2009年8月3日,,https://www.suzuki.co.jp/release/d/2009/0803/index.html,
2026-08-17T05:15:52,スズキ,rss,2009年7月28日,,https://www.suzuki.co.jp/release/d/2009/0728/index.html,
2026-08-17T05:15:52,スズキ,rss,2009年7月21日,,https://www.suzuki.co.jp/release/d/2009/0721b/index.html,
2026-08-17T05:15:52,スズキ,rss,2009年7月21日,,https://www.suzuki.co.jp/release/d/2009/0721a/index.html,
2026-08-17T05:15:52,スズキ,rss,2009年7月2日,,https://www.suzuki.co.jp/release/d/2009/0702/index.html,
2026-08-17T05:15:52,スズキ,rss,2009年6月29日,,https://www.suzuki.co.jp/release/b/2009/0629/index.html,
2026-08-17T05:15:52,スズキ,rss,2009年6月29日,,https://www.suzuki.co.jp/release/d/2009/0629/index.html,
2026-08-17T05:15:52,スズキ,rss,2009年6月25日,,https://www.suzuki.co.jp/release/d/2009/0625/index.html,
2026-08-17T05:15:52,スズキ,rss,2009年6月12日,,https://www.suzuki.co.jp/release/a/2009/0612/index.html,
2026-08-17T05:15:52,スズキ,rss,2009年6月9日,,https://www.suzuki.co.jp/release/a/2009/0609/index.html,
2026-08-17T05:15:52,スズキ,rss,2009年6月8日,,https://www.suzuki.co.jp/release/a/2009/0608/index.html,
2026-08-17T05:15:52,スズキ,rss,2009年6月1日,,https://www.suzuki.co.jp/release/d/2009/0601/index.html,
2026-08-17T05:15:52,スズキ,rss,2009年5月28日,,https://www.suzuki.co.jp/release/c/2009/0528/index.html,
2026-08-17T05:15:52,スズキ,rss,2009年5月28日,,https://www.suzuki.co.jp/release/d/2009/0528/index.html,
2026-08-17T05:15:52,スズキ,rss,2009年5月20日,,https://www.suzuki.co.jp/release/a/2009/0520a/index.html,
2026-08-17T05:15:52,スズキ,rss,2009年5月20日,,https://www.suzuki.co.jp/release/a/2009/0520b/index.html,
2026-08-17T05:15:52,スズキ,rss,2009年5月15日,,https://www.suzuki.co.jp/release/d/2009/0515/index.html,
2026-08-17T05:15:52,スズキ,rss,2009年5月14日,,https://www.suzuki.co.jp/release/a/2009/0514/index.html,
2026-08-17T05:15:52,スズキ,rss,2009年5月13日,,https://www.suzuki.co.jp/release/a/2009/0513/index.html,
2026-08-17T05:15:52,スズキ,rss,2009年5月12日,,https://www.suzuki.co.jp/release/a/2009/0512/index.html,
2026-08-17T05:15:52,スズキ,rss,2009年5月12日,,https://www.suzuki.co.jp/release/d/2009/0512/index.html,
2026-08-17T05:15:52,スズキ,rss,2009年5月11日,,https://www.suzuki.co.jp/release/d/2009/0511/index.html,
2026-08-17T05:15:52,スズキ,rss,2009年4月28日,,https://www.suzuki.co.jp/release/d/2009/0428/index.html,
2026-08-17T05:15:52,スズキ,rss,2009年4月23日,,https://www.suzuki.co.jp/release/d/2009/0423b/index.html,
2026-08-17T05:15:52,スズキ,rss,2009年4月23日,,https://www.suzuki.co.jp/release/d/2009/0423/index.html,
2026-08-17T05:15:52,スズキ,rss,2009年4月21日,,https://www.suzuki.co.jp/release/d/2009/0421/index.html,
2026-08-17T05:15:52,スズキ,rss,2009年4月13日,,https://www.suzuki.co.jp/release/b/2009/0413/index.html,
2026-08-17T05:15:52,スズキ,rss,2009年4月9日,,https://www.suzuki.co.jp/release/d/2009/0409/index.html,
2026-08-17T05:15:52,スズキ,rss,2009年4月1日,,https://www.suzuki.co.jp/release/d/2009/0401b/index.html,
2026-08-17T05:15:52,スズキ,rss,2009年4月1日,,https://www.suzuki.co.jp/release/d/2009/0401/index.html,
2026-08-17T05:15:52,スズキ,rss,2009年3月25日,,https://www.suzuki.co.jp/release/b/2008/0325/index.html,
2026-08-17T05:15:52,スズキ,rss,2009年3月24日,,https://www.suzuki.co.jp/release/d/2008/0324/index.html,
2026-08-17T05:15:52,スズキ,rss,2009年3月5日,,https://www.suzuki.co.jp/release/c/2008/0305/index.html,
2026-08-17T05:15:52,スズキ,rss,2009年3月4日,,https://www.suzuki.co.jp/release/d/2008/0304/index.html,
2026-08-17T05:15:52,スズキ,rss,2009年2月26日,,https://www.suzuki.co.jp/release/b/2008/0226a/index.html,
2026-08-17T05:15:52,スズキ,rss,2009年2月26日,,https://www.suzuki.co.jp/release/b/2008/0226b/index.html,
2026-08-17T05:15:52,スズキ,rss,2009年2月26日,,https://www.suzuki.co.jp/release/b/2008/0226c/index.html,
2026-08-17T05:15:52,スズキ,rss,2009年2月25日,,https://www.suzuki.co.jp/release/d/2008/0225/index.html,
2026-08-17T05:15:52,スズキ,rss,2009年2月20日,,https://www.suzuki.co.jp/release/d/2008/0220/index.html,
2026-08-17T05:15:52,スズキ,rss,2009年2月13日,,https://www.suzuki.co.jp/release/c/2008/0213/index.html,
2026-08-17T05:15:52,スズキ,rss,2009年2月10日,,https://www.suzuki.co.jp/release/d/2008/0210/index.html,
2026-08-17T05:15:52,スズキ,rss,2009年1月28日,,https://www.suzuki.co.jp/release/d/2008/0128/index.html,
2026-08-17T05:15:52,スズキ,rss,2009年1月15日,,https://www.suzuki.co.jp/release/a/2008/0115/index.html,
2026-08-17T05:15:52,スズキ,rss,2009年1月13日,,https://www.suzuki.co.jp/release/a/2008/0113/index.html,
2026-08-17T05:15:52,スズキ,rss,2009年1月9日,,https://www.suzuki.co.jp/release/d/2008/0109/index.html,
2026-08-17T05:15:52,スズキ,rss,2008年12月24日,,https://www.suzuki.co.jp/release/d/2008/1224/index.html,
2026-08-17T05:15:52,スズキ,rss,2008年12月22日,,https://www.suzuki.co.jp/release/d/2008/1222/index.html,
2026-08-17T05:15:52,スズキ,rss,2008年12月18日,,https://www.suzuki.co.jp/release/a/2008/1218a/index.html,
2026-08-17T05:15:52,スズキ,rss,2008年12月18日,,https://www.suzuki.co.jp/release/a/2008/1218b/index.html,
2026-08-17T05:15:52,スズキ,rss,2008年12月16日,,https://www.suzuki.co.jp/release/d/2008/1216/index.html,
2026-08-17T05:15:52,スズキ,rss,2008年12月15日,,https://www.suzuki.co.jp/release/d/2008/1215/index.html,
2026-08-17T05:15:52,スズキ,rss,2008年12月11日,,https://www.suzuki.co.jp/release/d/2008/1211/index.html,
2026-08-17T05:15:52,スズキ,rss,2008年11月28日,,https://www.suzuki.co.jp/release/b/2008/1128/index.html,
2026-08-17T05:15:52,スズキ,rss,2008年11月27日,,https://www.suzuki.co.jp/release/d/2008/1127/index.html,
2026-08-17T05:15:52,スズキ,rss,2008年11月26日,,https://www.suzuki.co.jp/release/a/2008/1126/index.html,
2026-08-17T05:15:52,スズキ,rss,2008年11月21日,,https://www.suzuki.co.jp/release/b/2008/1121/index.html,
2026-08-17T05:15:52,スズキ,rss,2008年11月21日,,https://www.suzuki.co.jp/release/d/2008/1121/index.html,
2026-08-17T05:15:52,スズキ,rss,2008年11月19日,,https://www.suzuki.co.jp/release/d/2008/1119/index.html,
2026-08-17T05:15:52,スズキ,rss,2008年11月19日,,https://www.suzuki.co.jp/release/d/2008/1119b/index.html,
2026-08-17T05:15:52,スズキ,rss,2008年11月5日,,https://www.suzuki.co.jp/release/a/2008/1105a/index.html,
2026-08-17T05:15:52,スズキ,rss,2008年11月5日,,https://www.suzuki.co.jp/release/a/2008/1105b/index.html,
2026-08-17T05:15:52,スズキ,rss,2008年10月30日,,https://www.suzuki.co.jp/release/a/2008/1030/index.html,
2026-08-17T05:15:52,スズキ,rss,2008年10月27日,,https://www.suzuki.co.jp/release/d/2008/1027/index.html,
2026-08-17T05:15:52,スズキ,rss,2008年10月22日,,https://www.suzuki.co.jp/release/d/2008/1022/index.html,
2026-08-17T05:15:52,スズキ,rss,2008年10月21日,,https://www.suzuki.co.jp/release/a/2008/1021/index.html,
2026-08-17T05:15:52,スズキ,rss,2008年10月8日,,https://www.suzuki.co.jp/release/d/2008/1008/index.html,
2026-08-17T05:15:52,スズキ,rss,2008年10月1日,,https://www.suzuki.co.jp/release/d/2008/1001/index.html,
2026-08-17T05:15:52,スズキ,rss,2008年9月30日,,https://www.suzuki.co.jp/release/d/2008/0930/index.html,
2026-08-17T05:15:52,スズキ,rss,2008年9月25日,,https://www.suzuki.co.jp/release/a/2008/0925/index.html,
2026-08-17T05:15:52,スズキ,rss,2008年9月25日,,https://www.suzuki.co.jp/release/d/2008/0925/index.html,
2026-08-17T05:15:52,スズキ,rss,2008年9月22日,,https://www.suzuki.co.jp/release/d/2008/0922/index.html,
2026-08-17T05:15:52,スズキ,rss,2008年9月19日,,https://www.suzuki.co.jp/release/c/2008/0919/index.html,
2026-08-17T05:15:52,スズキ,rss,2008年9月12日,,https://www.suzuki.co.jp/release/b/2008/0912/index.html,
2026-08-17T05:15:52,スズキ,rss,2008年8月27日,,https://www.suzuki.co.jp/release/d/2008/0827/index.html,
2026-08-17T05:15:52,スズキ,rss,2008年8月21日,,https://www.suzuki.co.jp/release/d/2008/0821/index.html,
2026-08-17T05:15:52,スズキ,rss,2008年8月7日,,https://www.suzuki.co.jp/release/d/2008/0807/index.html,
2026-08-17T05:15:52,スズキ,rss,2008年8月5日,,https://www.suzuki.co.jp/release/a/2008/0805/index.html,
2026-08-17T05:15:52,スズキ,rss,2008年7月31日,,https://www.suzuki.co.jp/release/d/2008/0731/index.html,
2026-08-17T05:15:52,スズキ,rss,2008年7月29日,,https://www.suzuki.co.jp/release/d/2008/0729/index.html,
2026-08-17T05:15:52,スズキ,rss,2008年7月23日,,https://www.suzuki.co.jp/release/d/2008/0723/index.html,
2026-08-17T05:15:52,スズキ,rss,2008年7月16日,,https://www.suzuki.co.jp/release/b/2008/0716/index.html,
2026-08-17T05:15:52,スズキ,rss,2008年7月9日,,https://www.suzuki.co.jp/release/d/2008/0709/index.html,
2026-08-17T05:15:52,スズキ,rss,2008年7月8日,,https://www.suzuki.co.jp/release/c/2008/0708/index.html,
2026-08-17T05:15:52,スズキ,rss,2008年7月7日,,https://www.suzuki.co.jp/release/b/2008/0707/index.html,
2026-08-17T05:15:52,スズキ,rss,2008年7月3日,,https://www.suzuki.co.jp/release/d/2008/0703/index.html,
2026-08-17T05:15:52,スズキ,rss,2008年6月26日,,https://www.suzuki.co.jp/release/a/2008/0626b/index.html,
2026-08-17T05:15:52,スズキ,rss,2008年6月26日,,https://www.suzuki.co.jp/release/a/2008/0626a/index.html,
2026-08-17T05:15:52,スズキ,rss,2008年6月26日,,https://www.suzuki.co.jp/release/d/2008/0626/index.html,
2026-08-17T05:15:52,スズキ,rss,2008年6月24日,,https://www.suzuki.co.jp/release/d/2008/0624/index.html,
2026-08-17T05:15:52,スズキ,rss,2008年6月18日,,https://www.suzuki.co.jp/release/d/2008/0618/index.html,
2026-08-17T05:15:52,スズキ,rss,2008年6月5日,,https://www.suzuki.co.jp/release/a/2008/0605b/index.html,
2026-08-17T05:15:52,スズキ,rss,2008年6月5日,,https://www.suzuki.co.jp/release/a/2008/0605a/index.html,
2026-08-17T05:15:52,スズキ,rss,2008年6月5日,,https://www.suzuki.co.jp/release/d/2008/0605/index.html,
2026-08-17T05:15:52,スズキ,rss,2008年6月4日,,https://www.suzuki.co.jp/release/a/2008/0604/index.html,
2026-08-17T05:15:52,スズキ,rss,2008年5月30日,,https://www.suzuki.co.jp/release/d/2008/0530/index.html,
2026-08-17T05:15:52,スズキ,rss,2008年5月27日,,https://www.suzuki.co.jp/release/d/2008/0527/index.html,
2026-08-17T05:15:52,スズキ,rss,2008年5月26日,,https://www.suzuki.co.jp/release/a/2008/0526/index.html,
2026-08-17T05:15:52,スズキ,rss,2008年5月15日,,https://www.suzuki.co.jp/release/a/2008/0515/index.html,
2026-08-17T05:15:52,スズキ,rss,2008年5月13日,,https://www.suzuki.co.jp/release/d/2008/0513/index.html,
2026-08-17T05:15:52,スズキ,rss,2008年4月24日,,https://www.suzuki.co.jp/release/d/2008/0424/index.html,
2026-08-17T05:15:52,スズキ,rss,2008年4月23日,,https://www.suzuki.co.jp/release/b/2008/0423/index.html,
2026-08-17T05:15:52,スズキ,rss,2008年4月23日,,https://www.suzuki.co.jp/release/d/2008/0423/index.html,
2026-08-17T05:15:52,スズキ,rss,2008年4月8日,,https://www.suzuki.co.jp/release/a/2008/0408/index.html,
2026-08-17T05:15:52,スズキ,rss,2008年4月1日,,https://www.suzuki.co.jp/release/d/2008/0401/index.html,
2026-08-17T05:15:52,スズキ,rss,2008年3月28日,,https://www.suzuki.co.jp/release/d/2007/0328/index.html,
2026-08-17T05:15:52,スズキ,rss,2008年3月27日,,https://www.suzuki.co.jp/release/d/2007/0327/index.html,
2026-08-17T05:15:52,スズキ,rss,2008年3月26日,,https://www.suzuki.co.jp/release/d/2007/0326/index.html,
2026-08-17T05:15:52,スズキ,rss,2008年3月21日,,https://www.suzuki.co.jp/release/d/2007/0321/index.html,
2026-08-17T05:15:52,スズキ,rss,2008年3月14日,,https://www.suzuki.co.jp/release/d/2007/0314/index.html,
2026-08-17T05:15:52,スズキ,rss,2008年3月11日,,https://www.suzuki.co.jp/release/b/2007/0311/index.html,
2026-08-17T05:15:52,スズキ,rss,2008年3月7日,,https://www.suzuki.co.jp/release/d/2007/0307/index.html,
2026-08-17T05:15:52,スズキ,rss,2008年2月29日,,https://www.suzuki.co.jp/release/c/2007/0229/index.html,
2026-08-17T05:15:52,スズキ,rss,2008年2月29日,,https://www.suzuki.co.jp/release/d/2007/0229/index.html,
2026-08-17T05:15:52,スズキ,rss,2008年2月26日,,https://www.suzuki.co.jp/release/b/2007/0226/index.html,
2026-08-17T05:15:52,スズキ,rss,2008年2月26日,,https://www.suzuki.co.jp/release/d/2007/0226/index.html,
2026-08-17T05:15:52,スズキ,rss,2008年2月22日,,https://www.suzuki.co.jp/release/b/2007/0222/index.html,
2026-08-17T05:15:52,スズキ,rss,2008年2月22日,,https://www.suzuki.co.jp/release/d/2007/0222/index.html,
2026-08-17T05:15:52,スズキ,rss,2008年2月20日,,https://www.suzuki.co.jp/release/d/2007/0220/index.html,
2026-08-17T05:15:52,スズキ,rss,2008年2月14日,,https://www.suzuki.co.jp/release/d/2007/0214/index.html,
2026-08-17T05:15:52,スズキ,rss,2008年2月13日,,https://www.suzuki.co.jp/release/d/2007/0213/index.html,
2026-08-17T05:15:52,スズキ,rss,2008年2月12日,,https://www.suzuki.co.jp/release/d/2007/0212/index.html,
2026-08-17T05:15:52,スズキ,rss,2008年2月7日,,https://www.suzuki.co.jp/release/d/2007/0207/index.html,
2026-08-17T05:15:52,スズキ,rss,2008年1月31日,,https://www.suzuki.co.jp/ir/library/financialaffairs/index.html,
2026-08-17T05:15:52,スズキ,rss,2008年1月28日,,https://www.suzuki.co.jp/release/d/2007/0128/index.html,
2026-08-17T05:15:52,スズキ,rss,2008年1月24日,,https://www.suzuki.co.jp/release/a/2007/0124/index.html,
2026-08-17T05:15:52,スズキ,rss,2008年1月24日,,https://www.suzuki.co.jp/release/d/2007/0124/index.html,
2026-08-17T05:15:52,スズキ,rss,2008年1月17日,,https://www.suzuki.co.jp/release/b/2007/0117/index.html,
2026-08-17T05:15:52,スズキ,rss,2008年1月16日,,https://www.suzuki.co.jp/release/a/2007/0116/index.html,
2026-08-17T05:15:52,スズキ,rss,2008年1月16日,,https://www.suzuki.co.jp/release/d/2007/0116/index.html,
2026-08-17T05:15:52,スズキ,rss,2007年12月27日,,https://www.suzuki.co.jp/release/d/2007/1227/index.html,
2026-08-17T05:15:52,スズキ,rss,2007年12月26日,,https://www.suzuki.co.jp/release/d/2007/1226/index.html,
2026-08-17T05:15:52,スズキ,rss,2007年12月21日,,https://www.suzuki.co.jp/release/b/2007/1221a/index.html,
2026-08-17T05:15:52,スズキ,rss,2007年12月21日,,https://www.suzuki.co.jp/release/b/2007/1221b/index.html,
2026-08-17T05:15:52,スズキ,rss,2007年12月12日,,https://www.suzuki.co.jp/release/b/2007/1212a/index.html,
2026-08-17T05:15:52,スズキ,rss,2007年12月12日,,https://www.suzuki.co.jp/release/b/2007/1212b/index.html,
2026-08-17T05:15:52,スズキ,rss,2007年12月12日,,https://www.suzuki.co.jp/release/d/2007/1212/index.html,
2026-08-17T05:15:52,スズキ,rss,2007年12月11日,,https://www.suzuki.co.jp/release/d/2007/1211/index.html,
2026-08-17T05:15:52,スズキ,rss,2007年12月7日,,https://www.suzuki.co.jp/release/d/2007/1207/index.html,
2026-08-17T05:15:52,スズキ,rss,2007年12月5日,,https://www.suzuki.co.jp/release/a/2007/1205/index.html,
2026-08-17T05:15:52,スズキ,rss,2007年12月4日,,https://www.suzuki.co.jp/release/a/2007/1204/index.html,
2026-08-17T05:15:52,スズキ,rss,2007年11月28日,,https://www.suzuki.co.jp/release/d/2007/1128/index.html,
2026-08-17T05:15:52,スズキ,rss,2007年11月27日,,https://www.suzuki.co.jp/release/d/2007/1127b/index.html,
2026-08-17T05:15:52,スズキ,rss,2007年11月27日,,https://www.suzuki.co.jp/release/d/2007/1127a/index.html,
2026-08-17T05:15:52,スズキ,rss,2007年11月20日,,https://www.suzuki.co.jp/release/a/2007/1120/index.html,
2026-08-17T05:15:52,スズキ,rss,2007年11月13日,,https://www.suzuki.co.jp/release/b/2007/1113/index.html,
2026-08-17T05:15:52,スズキ,rss,2007年11月6日,,https://www.suzuki.co.jp/release/a/2007/1106b/index.html,
2026-08-17T05:15:52,スズキ,rss,2007年11月6日,,https://www.suzuki.co.jp/release/a/2007/1106a/index.html,
2026-08-17T05:15:52,スズキ,rss,2007年11月2日,,https://www.suzuki.co.jp/release/d/2007/1102/index.html,
2026-08-17T05:15:52,スズキ,rss,2007年10月29日,,https://www.suzuki.co.jp/release/d/2007/1029a/index.html,
2026-08-17T05:15:52,スズキ,rss,2007年10月29日,,https://www.suzuki.co.jp/release/d/2007/1029/index.html,
2026-08-17T05:15:52,スズキ,rss,2007年10月16日,,https://www.suzuki.co.jp/release/a/2007/1016/index.html,
2026-08-17T05:15:52,スズキ,rss,2007年10月15日,,https://www.suzuki.co.jp/release/d/2007/1015/index.html,
2026-08-17T05:15:52,スズキ,rss,2007年10月11日,,https://www.suzuki.co.jp/release/d/2007/1011/index.html,
2026-08-17T05:15:52,スズキ,rss,2007年10月9日,,https://www.suzuki.co.jp/release/b/2007/1009/index.html,
2026-08-17T05:15:52,スズキ,rss,2007年10月3日,,https://www.suzuki.co.jp/release/d/2007/1003/index.html,
2026-08-17T05:15:52,スズキ,rss,2007年10月2日,,https://www.suzuki.co.jp/release/c/2007/1002/index.html,
2026-08-17T05:15:52,スズキ,rss,2007年10月2日,,https://www.suzuki.co.jp/release/d/2007/1002/index.html,
2026-08-17T05:15:52,スズキ,rss,2007年9月29日,,https://www.suzuki.co.jp/release/d/2007/0929/index.html,
2026-08-17T05:15:52,スズキ,rss,2007年9月28日,,https://www.suzuki.co.jp/release/d/2007/0928/index.html,
2026-08-17T05:15:52,スズキ,rss,2007年9月27日,,https://www.suzuki.co.jp/release/d/2007/0927/index.html,
2026-08-17T05:15:52,スズキ,rss,2007年9月20日,,https://www.suzuki.co.jp/release/b/2007/0920a/index.html,
2026-08-17T05:15:52,スズキ,rss,2007年9月20日,,https://www.suzuki.co.jp/release/b/2007/0920b/index.html,
2026-08-17T05:15:52,スズキ,rss,2007年9月12日,,https://www.suzuki.co.jp/release/a/2007/0912a/index.html,
2026-08-17T05:15:52,スズキ,rss,2007年9月12日,,https://www.suzuki.co.jp/release/d/2007/0912b/index.html,
2026-08-17T05:15:52,スズキ,rss,2007年8月28日,,https://www.suzuki.co.jp/release/d/2007/0828/index.html,
2026-08-17T05:15:52,スズキ,rss,2007年8月10日,,https://www.suzuki.co.jp/release/d/2007/0810/index.html,
2026-08-17T05:15:52,スズキ,rss,2007年8月6日,,https://www.suzuki.co.jp/release/b/2007/0806/index.html,
2026-08-17T05:15:52,スズキ,rss,2007年7月26日,,https://www.suzuki.co.jp/release/d/2007/0726b/index.html,
2026-08-17T05:15:52,スズキ,rss,2007年7月26日,,https://www.suzuki.co.jp/release/d/2007/0726a/index.html,
2026-08-17T05:15:52,スズキ,rss,2007年7月24日,,https://www.suzuki.co.jp/release/a/2007/0724/index.html,
2026-08-17T05:15:52,スズキ,rss,2007年7月24日,,https://www.suzuki.co.jp/release/d/2007/0724/index.html,
2026-08-17T05:15:52,スズキ,rss,2007年7月23日,,https://www.suzuki.co.jp/release/d/2007/0723/index.html,
2026-08-17T05:15:52,スズキ,rss,2007年7月20日,,https://www.suzuki.co.jp/release/d/2007/0720/index.html,
2026-08-17T05:15:52,スズキ,rss,2007年7月19日,,https://www.suzuki.co.jp/release/d/2007/0719/index.html,
2026-08-17T05:15:52,スズキ,rss,2007年7月18日,,https://www.suzuki.co.jp/release/d/2007/0718/index.html,
2026-08-17T05:15:52,スズキ,rss,2007年7月9日,,https://www.suzuki.co.jp/release/a/2007/0709/index.html,
2026-08-17T05:15:52,スズキ,rss,2007年7月5日,,https://www.suzuki.co.jp/release/c/2007/0705/index.html,
2026-08-17T05:15:52,スズキ,rss,2007年7月3日,,https://www.suzuki.co.jp/release/c/2007/0703/index.html,
2026-08-17T05:15:52,スズキ,rss,2007年7月3日,,https://www.suzuki.co.jp/release/d/2007/0703/index.html,
2026-08-17T05:15:52,スズキ,rss,2007年6月25日,,https://www.suzuki.co.jp/release/d/2007/0625/index.html,
2026-08-17T05:15:52,スズキ,rss,2007年6月21日,,https://www.suzuki.co.jp/release/c/2007/0621/index.html,
2026-08-17T05:15:52,スズキ,rss,2007年6月8日,,https://www.suzuki.co.jp/release/d/2007/0608a/index.html,
2026-08-17T05:15:52,スズキ,rss,2007年6月8日,,https://www.suzuki.co.jp/release/d/2007/0608b/index.html,
2026-08-17T05:15:52,スズキ,rss,2007年6月5日,,https://www.suzuki.co.jp/release/a/2007/0605d/index.html,
2026-08-17T05:15:52,スズキ,rss,2007年6月5日,,https://www.suzuki.co.jp/release/a/2007/0605c/index.html,
2026-08-17T05:15:52,スズキ,rss,2007年6月5日,,https://www.suzuki.co.jp/release/a/2007/0605b/index.html,
2026-08-17T05:15:52,スズキ,rss,2007年6月5日,,https://www.suzuki.co.jp/release/a/2007/0605a/index.html,
2026-08-17T05:15:52,スズキ,rss,2007年5月25日,,https://www.suzuki.co.jp/release/d/2007/0525/index.html,
2026-08-17T05:15:52,スズキ,rss,2007年5月24日,,https://www.suzuki.co.jp/release/a/2007/0524/index.html,
2026-08-17T05:15:52,スズキ,rss,2007年5月21日,,https://www.suzuki.co.jp/release/d/2007/0521b/index.html,
2026-08-17T05:15:52,スズキ,rss,2007年5月21日,,https://www.suzuki.co.jp/release/d/2007/0521a/index.html,
2026-08-17T05:15:52,スズキ,rss,2007年5月17日,,https://www.suzuki.co.jp/release/d/2007/0517/index.html,
2026-08-17T05:15:52,スズキ,rss,2007年5月16日,,https://www.suzuki.co.jp/release/a/2007/0516/index.html,
2026-08-17T05:15:52,スズキ,rss,2007年5月15日,,https://www.suzuki.co.jp/release/a/2007/0515b/index.html,
2026-08-17T05:15:52,スズキ,rss,2007年5月15日,,https://www.suzuki.co.jp/release/a/2007/0515a/index.html,
2026-08-17T05:15:52,スズキ,rss,2007年5月11日,,https://www.suzuki.co.jp/release/a/2007/0511/index.html,
2026-08-17T05:15:52,スズキ,rss,2007年5月11日,,https://www.suzuki.co.jp/release/d/2007/0511/index.html,
2026-08-17T05:15:52,スズキ,rss,2007年5月7日,,https://www.suzuki.co.jp/release/d/2007/0507/index.html,
2026-08-17T05:15:52,スズキ,rss,2007年4月26日,,https://www.suzuki.co.jp/release/d/2007/0426/index.html,
2026-08-17T05:15:52,スズキ,rss,2007年4月24日,,https://www.suzuki.co.jp/release/d/2007/0424/index.html,
2026-08-17T05:15:52,スズキ,rss,2007年4月20日,,https://www.suzuki.co.jp/release/d/2007/0420/index.html,
2026-08-17T05:15:52,スズキ,rss,2007年4月19日,,https://www.suzuki.co.jp/release/a/2007/0419/index.html,
2026-08-17T05:15:52,スズキ,rss,2007年3月28日,,https://www.suzuki.co.jp/release/d/d070328.htm,
2026-08-17T05:15:52,スズキ,rss,2007年3月27日,,https://www.suzuki.co.jp/release/d/d070327.htm,
2026-08-17T05:15:52,スズキ,rss,2007年3月22日,,https://www.suzuki.co.jp/release/b/b070322.htm,
2026-08-17T05:15:52,スズキ,rss,2007年3月9日,,https://www.suzuki.co.jp/release/c/c070309.htm,
2026-08-17T05:15:52,スズキ,rss,2007年3月6日,,https://www.suzuki.co.jp/release/d/d070306.htm,
2026-08-17T05:15:52,スズキ,rss,2007年2月27日,,https://www.suzuki.co.jp/release/d/d070227c.htm,
2026-08-17T05:15:52,スズキ,rss,2007年2月27日,,https://www.suzuki.co.jp/release/d/d070227a.htm,
2026-08-17T05:15:52,スズキ,rss,2007年2月27日,,https://www.suzuki.co.jp/release/d/d070227b.htm,
2026-08-17T05:15:52,スズキ,rss,2007年2月23日,,https://www.suzuki.co.jp/release/d/d070223.htm,
2026-08-17T05:15:52,スズキ,rss,2007年2月22日,,https://www.suzuki.co.jp/release/b/b070222.htm,
2026-08-17T05:15:52,スズキ,rss,2007年2月16日,,https://www.suzuki.co.jp/release/d/d070216.htm,
2026-08-17T05:15:52,スズキ,rss,2007年2月14日,,https://www.suzuki.co.jp/release/b/b070214a.htm,
2026-08-17T05:15:52,スズキ,rss,2007年2月14日,,https://www.suzuki.co.jp/release/b/b070214b.htm,
2026-08-17T05:15:52,スズキ,rss,2007年2月9日,,https://www.suzuki.co.jp/release/b/b070209.htm,
2026-08-17T05:15:52,スズキ,rss,2007年2月6日,,https://www.suzuki.co.jp/release/d/d070206.htm,
2026-08-17T05:15:52,スズキ,rss,2007年2月5日,,https://www.suzuki.co.jp/release/a/a070205.htm,
2026-08-17T05:15:52,スズキ,rss,2007年1月30日,,https://www.suzuki.co.jp/release/c/c070130.htm,
2026-08-17T05:15:52,スズキ,rss,2007年1月30日,,https://www.suzuki.co.jp/release/d/d070130.htm,
2026-08-17T05:15:52,スズキ,rss,2007年1月29日,,https://www.suzuki.co.jp/release/d/d070129.htm,
2026-08-17T05:15:52,スズキ,rss,2007年1月26日,,https://www.suzuki.co.jp/release/d/d070126b.htm,
2026-08-17T05:15:52,スズキ,rss,2007年1月26日,,https://www.suzuki.co.jp/release/d/d070126.htm,
2026-08-17T05:15:52,スズキ,rss,2007年1月25日,,https://www.suzuki.co.jp/release/d/d070125.htm,
2026-08-17T05:15:52,スズキ,rss,2007年1月22日,,https://www.suzuki.co.jp/release/a/a070122.htm,
2026-08-17T05:15:52,スズキ,rss,2007年1月19日,,https://www.suzuki.co.jp/release/b/b070119a.htm,
2026-08-17T05:15:52,スズキ,rss,2007年1月19日,,https://www.suzuki.co.jp/release/b/b070119b.htm,
2026-08-17T05:15:52,スズキ,rss,2007年1月12日,,https://www.suzuki.co.jp/release/b/b070112.htm,
2026-08-17T05:15:52,スズキ,rss,2006年12月28日,,https://www.suzuki.co.jp/release/d/d061228.htm,
2026-08-17T05:15:52,スズキ,rss,2006年12月25日,,https://www.suzuki.co.jp/release/d/d061225.htm,
2026-08-17T05:15:52,スズキ,rss,2006年12月15日,,https://www.suzuki.co.jp/release/d/d061215.htm,
2026-08-17T05:15:52,スズキ,rss,2006年12月13日,,https://www.suzuki.co.jp/release/a/a061213.htm,
2026-08-17T05:15:52,スズキ,rss,2006年12月13日,,https://www.suzuki.co.jp/release/b/b061213.htm,
2026-08-17T05:15:52,スズキ,rss,2006年12月11日,,https://www.suzuki.co.jp/release/a/a061211.htm,
2026-08-17T05:15:52,スズキ,rss,2006年12月6日,,https://www.suzuki.co.jp/release/a/a061206.htm,
2026-08-17T05:15:52,スズキ,rss,2006年12月5日,,https://www.suzuki.co.jp/release/a/a061205.htm,
2026-08-17T05:15:52,スズキ,rss,2006年12月4日,,https://www.suzuki.co.jp/release/a/a061204.htm,
2026-08-17T05:15:52,スズキ,rss,2006年11月27日,,https://www.suzuki.co.jp/release/d/d061127b.htm,
2026-08-17T05:15:52,スズキ,rss,2006年11月27日,,https://www.suzuki.co.jp/release/d/d061127a.htm,
2026-08-17T05:15:52,スズキ,rss,2006年11月22日,,https://www.suzuki.co.jp/release/b/b061122.htm,
2026-08-17T05:15:52,スズキ,rss,2006年11月20日,,https://www.suzuki.co.jp/release/d/d061120.htm,
2026-08-17T05:15:52,スズキ,rss,2006年11月8日,,https://www.suzuki.co.jp/release/a/a061108a.htm,
2026-08-17T05:15:52,スズキ,rss,2006年11月8日,,https://www.suzuki.co.jp/release/a/a061108b.htm,
2026-08-17T05:15:52,スズキ,rss,2006年11月7日,,https://www.suzuki.co.jp/release/a/a061107.htm,
2026-08-17T05:15:52,スズキ,rss,2006年11月1日,,https://www.suzuki.co.jp/ir/library/financialaffairs/pdf/h19_mid/gyouseki_yosou_syuusei.pdf,
2026-08-17T05:15:52,スズキ,rss,2006年11月1日,,https://www.suzuki.co.jp/ir/library/financialaffairs/pdf/h19_mid/mid_haito_syuusei.pdf,
2026-08-17T05:15:52,スズキ,rss,2006年10月30日,,https://www.suzuki.co.jp/release/a/a061030.htm,
2026-08-17T05:15:52,スズキ,rss,2006年10月24日,,https://www.suzuki.co.jp/release/d/d061024.htm,
2026-08-17T05:15:52,スズキ,rss,2006年10月19日,,https://www.suzuki.co.jp/release/a/a061019.htm,
2026-08-17T05:15:52,スズキ,rss,2006年10月17日,,https://www.suzuki.co.jp/release/d/d061017.htm,
2026-08-17T05:15:52,スズキ,rss,2006年10月11日,,https://www.suzuki.co.jp/release/a/a061011.htm,
2026-08-17T05:15:52,スズキ,rss,2006年10月10日,,https://www.suzuki.co.jp/release/d/d061010.htm,
2026-08-17T05:15:52,スズキ,rss,2006年10月4日,,https://www.suzuki.co.jp/release/b/b061004.htm,
2026-08-17T05:15:52,スズキ,rss,2006年9月29日,,https://www.suzuki.co.jp/release/d/d060929b.htm,
2026-08-17T05:15:52,スズキ,rss,2006年9月29日,,https://www.suzuki.co.jp/release/d/d060929a.htm,
2026-08-17T05:15:52,スズキ,rss,2006年9月26日,,https://www.suzuki.co.jp/release/c/c060926.htm,
2026-08-17T05:15:52,スズキ,rss,2006年9月25日,,https://www.suzuki.co.jp/release/d/d060925b.htm,
2026-08-17T05:15:52,スズキ,rss,2006年9月25日,,https://www.suzuki.co.jp/release/d/d060925a.htm,
2026-08-17T05:15:52,スズキ,rss,2006年9月21日,,https://www.suzuki.co.jp/release/d/d060921.htm,
2026-08-17T05:15:52,スズキ,rss,2006年9月12日,,https://www.suzuki.co.jp/release/a/a060912.htm,
2026-08-17T05:15:52,スズキ,rss,2006年9月5日,,https://www.suzuki.co.jp/release/b/b060905.htm,
2026-08-17T05:15:52,スズキ,rss,2006年9月4日,,https://www.suzuki.co.jp/release/a/a060904a.htm,
2026-08-17T05:15:52,スズキ,rss,2006年9月4日,,https://www.suzuki.co.jp/release/a/a060904b.htm,
2026-08-17T05:15:52,スズキ,rss,2006年8月28日,,https://www.suzuki.co.jp/release/d/d060828b.htm,
2026-08-17T05:15:52,スズキ,rss,2006年8月28日,,https://www.suzuki.co.jp/release/d/d060828a.htm,
2026-08-17T05:15:52,スズキ,rss,2006年8月11日,,https://www.suzuki.co.jp/release/d/d060811.htm,
2026-08-17T05:15:52,スズキ,rss,2006年8月10日,,https://www.suzuki.co.jp/release/b/b060810.htm,
2026-08-17T05:15:52,スズキ,rss,2006年8月9日,,https://www.suzuki.co.jp/release/d/d060809.htm,
2026-08-17T05:15:52,スズキ,rss,2006年8月7日,,https://www.suzuki.co.jp/release/d/d060807.htm,
2026-08-17T05:15:52,スズキ,rss,2006年7月24日,,https://www.suzuki.co.jp/release/d/d060724.htm,
2026-08-17T05:15:52,スズキ,rss,2006年7月21日,,https://www.suzuki.co.jp/release/d/d060721.htm,
2026-08-17T05:15:52,スズキ,rss,2006年7月10日,,https://www.suzuki.co.jp/release/a/a060710.htm,
2026-08-17T05:15:52,スズキ,rss,2006年7月4日,,https://www.suzuki.co.jp/release/a/a060704.htm,
2026-08-17T05:15:52,スズキ,rss,2006年7月4日,,https://www.suzuki.co.jp/release/d/d060704.htm,
2026-08-17T05:15:52,スズキ,rss,2006年6月29日,,https://www.suzuki.co.jp/release/d/d060629.htm,
2026-08-17T05:15:52,スズキ,rss,2006年6月26日,,https://www.suzuki.co.jp/release/d/d060626.htm,
2026-08-17T05:15:52,スズキ,rss,2006年6月20日,,https://www.suzuki.co.jp/release/d/d060620.htm,
2026-08-17T05:15:52,スズキ,rss,2006年6月13日,,https://www.suzuki.co.jp/release/d/d060613.htm,
2026-08-17T05:15:52,スズキ,rss,2006年6月12日,,https://www.suzuki.co.jp/release/a/a060612.htm,
2026-08-17T05:15:52,スズキ,rss,2006年6月12日,,https://www.suzuki.co.jp/release/d/d060612.htm,
2026-08-17T05:15:52,スズキ,rss,2006年6月8日,,https://www.suzuki.co.jp/release/a/a060608.htm,
2026-08-17T05:15:52,スズキ,rss,2006年6月5日,,https://www.suzuki.co.jp/release/a/a060605.htm,
2026-08-17T05:15:52,スズキ,rss,2006年6月2日,,https://www.suzuki.co.jp/release/d/d060602b.htm,
2026-08-17T05:15:52,スズキ,rss,2006年6月2日,,https://www.suzuki.co.jp/release/d/d060602a.htm,
2026-08-17T05:15:52,スズキ,rss,2006年5月31日,,https://www.suzuki.co.jp/release/d/d060531.htm,
2026-08-17T05:15:52,スズキ,rss,2006年5月25日,,https://www.suzuki.co.jp/release/a/a060525.htm,
2026-08-17T05:15:52,スズキ,rss,2006年5月24日,,https://www.suzuki.co.jp/release/d/d060524.htm,
2026-08-17T05:15:52,スズキ,rss,2006年5月19日,,https://www.suzuki.co.jp/release/b/b060519a.htm,
2026-08-17T05:15:52,スズキ,rss,2006年5月19日,,https://www.suzuki.co.jp/release/b/b060519b.htm,
2026-08-17T05:15:52,スズキ,rss,2006年5月11日,,https://www.suzuki.co.jp/release/a/a060511.htm,
2026-08-17T05:15:52,スズキ,rss,2006年5月8日,,https://www.suzuki.co.jp/release/d/d060508.htm,
2026-08-17T05:15:52,スズキ,rss,2006年4月28日,,https://www.suzuki.co.jp/release/d/d060428.htm,
2026-08-17T05:15:52,スズキ,rss,2006年4月24日,,https://www.suzuki.co.jp/release/d/d060424.htm,
2026-08-17T05:15:52,スズキ,rss,2006年4月21日,,https://www.suzuki.co.jp/release/b/b060421.htm,
2026-08-17T05:15:52,スズキ,rss,2006年4月20日,,https://www.suzuki.co.jp/release/c/c060420.htm,
2026-08-17T05:15:52,スズキ,rss,2006年4月13日,,https://www.suzuki.co.jp/release/d/d060413b.htm,
2026-08-17T05:15:52,スズキ,rss,2006年4月13日,,https://www.suzuki.co.jp/release/d/d060413a.htm,
2026-08-17T05:15:52,スズキ,rss,2006年4月12日,,https://www.suzuki.co.jp/release/a/a060412.htm,
2026-08-17T05:15:52,スズキ,rss,2006年4月11日,,https://www.suzuki.co.jp/release/a/a060411.htm,
2026-08-17T05:15:52,スズキ,rss,2006年4月6日,,https://www.suzuki.co.jp/release/a/a060406.htm,
2026-08-17T05:15:52,スズキ,rss,2006年4月3日,,https://www.suzuki.co.jp/release/d/d060403.htm,
2026-08-17T05:15:52,スズキ,rss,2006年3月31日,,https://www.suzuki.co.jp/release/d/d060331.htm,
2026-08-17T05:15:52,スズキ,rss,2006年3月29日,,https://www.suzuki.co.jp/release/b/b060329.htm,
2026-08-17T05:15:52,スズキ,rss,2006年3月24日,,https://www.suzuki.co.jp/release/d/d060324b.htm,
2026-08-17T05:15:52,スズキ,rss,2006年3月24日,,https://www.suzuki.co.jp/release/d/d060324a.htm,
2026-08-17T05:15:52,スズキ,rss,2006年3月15日,,https://www.suzuki.co.jp/release/b/b060315.htm,
2026-08-17T05:15:52,スズキ,rss,2006年3月7日,,https://www.suzuki.co.jp/release/d/d060307b.htm,
2026-08-17T05:15:52,スズキ,rss,2006年3月7日,,https://www.suzuki.co.jp/release/d/d060307.htm,
2026-08-17T05:15:52,スズキ,rss,2006年3月6日,,https://www.suzuki.co.jp/release/d/d060306b.htm,
2026-08-17T05:15:52,スズキ,rss,2006年3月6日,,https://www.suzuki.co.jp/release/d/d060306a.htm,
2026-08-17T05:15:52,スズキ,rss,2006年3月3日,,https://www.suzuki.co.jp/release/d/d060303.htm,
2026-08-17T05:15:52,スズキ,rss,2006年3月1日,,https://www.suzuki.co.jp/release/d/d060301.htm,
2026-08-17T05:15:52,スズキ,rss,2006年2月24日,,https://www.suzuki.co.jp/release/d/d060224b.htm,
2026-08-17T05:15:52,スズキ,rss,2006年2月24日,,https://www.suzuki.co.jp/release/d/d060224a.htm,
2026-08-17T05:15:52,スズキ,rss,2006年2月23日,,https://www.suzuki.co.jp/release/b/b060223a.htm,
2026-08-17T05:15:52,スズキ,rss,2006年2月22日,,https://www.suzuki.co.jp/release/d/d060222.htm,
2026-08-17T05:15:52,スズキ,rss,2006年2月20日,,https://www.suzuki.co.jp/release/d/d060220.htm,
2026-08-17T05:15:52,スズキ,rss,2006年2月17日,,https://www.suzuki.co.jp/release/d/d060217.htm,
2026-08-17T05:15:52,スズキ,rss,2006年2月13日,,https://www.suzuki.co.jp/release/b/b060213.htm,
2026-08-17T05:15:52,スズキ,rss,2006年2月9日,,https://www.suzuki.co.jp/release/d/d060209.htm,
2026-08-17T05:15:52,スズキ,rss,2006年2月2日,,https://www.suzuki.co.jp/release/a/a060202.htm,
2026-08-17T05:15:52,スズキ,rss,2006年2月1日,,https://www.suzuki.co.jp/release/d/d060201.htm,
2026-08-17T05:15:52,スズキ,rss,2006年1月30日,,https://www.suzuki.co.jp/release/a/a060130.htm,
2026-08-17T05:15:52,スズキ,rss,2006年1月30日,,https://www.suzuki.co.jp/release/c/c060130.htm,
2026-08-17T05:15:52,スズキ,rss,2006年1月26日,,https://www.suzuki.co.jp/release/a/a060126.htm,
2026-08-17T05:15:52,スズキ,rss,2006年1月26日,,https://www.suzuki.co.jp/release/d/d060126.htm,
2026-08-17T05:15:52,スズキ,rss,2006年1月23日,,https://www.suzuki.co.jp/release/b/b060123.htm,
2026-08-17T05:15:52,スズキ,rss,2006年1月20日,,https://www.suzuki.co.jp/release/a/a060120.htm,
2026-08-17T05:15:52,スズキ,rss,2006年1月20日,,https://www.suzuki.co.jp/release/d/d060120.htm,
2026-08-17T05:15:52,スズキ,rss,2006年1月17日,,https://www.suzuki.co.jp/release/a/a060117a.htm,
2026-08-17T05:15:52,スズキ,rss,2006年1月17日,,https://www.suzuki.co.jp/release/a/a060117b.htm,
2026-08-17T05:15:52,スズキ,rss,2006年1月17日,,https://www.suzuki.co.jp/release/a/a060117c.htm,
2026-08-17T05:15:52,スズキ,rss,2006年1月13日,,https://www.suzuki.co.jp/release/d/d060113b.htm,
2026-08-17T05:15:52,スズキ,rss,2006年1月13日,,https://www.suzuki.co.jp/release/d/d060113.htm,
2026-08-17T05:15:52,スズキ,rss,2006年1月10日,,https://www.suzuki.co.jp/release/b/b060110.htm,
2026-08-17T05:15:52,スズキ,rss,2006年1月5日,,https://www.suzuki.co.jp/release/a/a060105.htm,
2026-08-17T05:15:52,スズキ,rss,2005年12月28日,,https://www.suzuki.co.jp/release/b/b051228.htm,
2026-08-17T05:15:52,スズキ,rss,2005年12月28日,,https://www.suzuki.co.jp/release/d/d051228.htm,
2026-08-17T05:15:52,スズキ,rss,2005年12月27日,,https://www.suzuki.co.jp/release/d/d051227.htm,
2026-08-17T05:15:52,スズキ,rss,2005年12月22日,,https://www.suzuki.co.jp/release/d/d051222.htm,
2026-08-17T05:15:52,スズキ,rss,2005年12月15日,,https://www.suzuki.co.jp/release/d/d051215.htm,
2026-08-17T05:15:52,スズキ,rss,2005年12月14日,,https://www.suzuki.co.jp/release/a/a051214.htm,
2026-08-17T05:15:52,スズキ,rss,2005年12月13日,,https://www.suzuki.co.jp/release/d/d051213.htm,
2026-08-17T05:15:52,スズキ,rss,2005年12月8日,,https://www.suzuki.co.jp/release/d/d051208.htm,
2026-08-17T05:15:52,スズキ,rss,2005年12月5日,,https://www.suzuki.co.jp/release/a/a051205b.htm,
2026-08-17T05:15:52,スズキ,rss,2005年12月5日,,https://www.suzuki.co.jp/release/a/a051205a.htm,
2026-08-17T05:15:52,スズキ,rss,2005年12月5日,,https://www.suzuki.co.jp/release/d/d051205a.htm,
2026-08-17T05:15:52,スズキ,rss,2005年12月5日,,https://www.suzuki.co.jp/release/d/d051205b.htm,
2026-08-17T05:15:52,スズキ,rss,2005年12月1日,,https://www.suzuki.co.jp/release/d/d051201.htm,
2026-08-17T05:15:52,スズキ,rss,2005年11月25日,,https://www.suzuki.co.jp/release/d/d051125b.htm,
2026-08-17T05:15:52,スズキ,rss,2005年11月25日,,https://www.suzuki.co.jp/release/d/d051125a.htm,
2026-08-17T05:15:52,スズキ,rss,2005年11月24日,,https://www.suzuki.co.jp/release/a/a051124.htm,
2026-08-17T05:15:52,スズキ,rss,2005年11月16日,,https://www.suzuki.co.jp/release/c/c051116.htm,
2026-08-17T05:15:52,スズキ,rss,2005年11月15日,,https://www.suzuki.co.jp/release/a/a051115.htm,
2026-08-17T05:15:52,スズキ,rss,2005年11月9日,,https://www.suzuki.co.jp/release/a/a051109.htm,
2026-08-17T05:15:52,スズキ,rss,2005年11月4日,,https://www.suzuki.co.jp/release/d/d051104.htm,
2026-08-17T05:15:52,スズキ,rss,2005年10月26日,,https://www.suzuki.co.jp/release/b/b051026.htm,
2026-08-17T05:15:52,スズキ,rss,2005年10月24日,,https://www.suzuki.co.jp/release/d/d051024.htm,
2026-08-17T05:15:52,スズキ,rss,2005年10月20日,,https://www.suzuki.co.jp/release/d/d051020.htm,
2026-08-17T05:15:52,スズキ,rss,2005年10月14日,,https://www.suzuki.co.jp/release/d/d051014.htm,
2026-08-17T05:15:52,スズキ,rss,2005年10月11日,,https://www.suzuki.co.jp/release/d/d051011.htm,
2026-08-17T05:15:52,スズキ,rss,2005年10月7日,,https://www.suzuki.co.jp/release/c/c051007.htm,
2026-08-17T05:15:52,スズキ,rss,2005年10月5日,,https://www.suzuki.co.jp/release/a/a051005.htm,
2026-08-17T05:15:52,スズキ,rss,2005年10月3日,,https://www.suzuki.co.jp/release/c/c051003.htm,
2026-08-17T05:15:52,スズキ,rss,2005年9月29日,,https://www.suzuki.co.jp/release/d/d050929.htm,
2026-08-17T05:15:52,スズキ,rss,2005年9月28日,,https://www.suzuki.co.jp/release/c/c050928.htm,
2026-08-17T05:15:52,スズキ,rss,2005年9月27日,,https://www.suzuki.co.jp/release/c/c050927a.htm,
2026-08-17T05:15:52,スズキ,rss,2005年9月27日,,https://www.suzuki.co.jp/release/d/d050927.htm,
2026-08-17T05:15:52,スズキ,rss,2005年9月26日,,https://www.suzuki.co.jp/release/c/c050926.htm,
2026-08-17T05:15:52,スズキ,rss,2005年9月21日,,https://www.suzuki.co.jp/release/d/d050921.htm,
2026-08-17T05:15:52,スズキ,rss,2005年9月16日,,https://www.suzuki.co.jp/release/d/d050916.htm,
2026-08-17T05:15:52,スズキ,rss,2005年9月12日,,https://www.suzuki.co.jp/release/b/b050912.htm,
2026-08-17T05:15:52,スズキ,rss,2005年9月9日,,https://www.suzuki.co.jp/release/d/d050909.htm,
2026-08-17T05:15:52,スズキ,rss,2005年9月7日,,https://www.suzuki.co.jp/release/a/a050907.htm,
2026-08-17T05:15:52,スズキ,rss,2005年9月5日,,https://www.suzuki.co.jp/release/d/d050905.htm,
2026-08-17T05:15:52,スズキ,rss,2005年9月2日,,https://www.suzuki.co.jp/release/a/a050902.htm,
2026-08-17T05:15:52,スズキ,rss,2005年9月2日,,https://www.suzuki.co.jp/release/d/d050902.htm,
2026-08-17T05:15:52,スズキ,rss,2005年8月26日,,https://www.suzuki.co.jp/release/a/a050826a.htm,
2026-08-17T05:15:52,スズキ,rss,2005年8月26日,,https://www.suzuki.co.jp/release/a/a050826b.htm,
2026-08-17T05:15:52,スズキ,rss,2005年8月26日,,https://www.suzuki.co.jp/release/d/d050826b.htm,
2026-08-17T05:15:52,スズキ,rss,2005年8月26日,,https://www.suzuki.co.jp/release/d/d050826a.htm,
2026-08-17T05:15:52,スズキ,rss,2005年8月22日,,https://www.suzuki.co.jp/release/d/d050822.htm,
2026-08-17T05:15:52,スズキ,rss,2005年8月17日,,https://www.suzuki.co.jp/release/a/a050817.htm,
2026-08-17T05:15:52,スズキ,rss,2005年7月28日,,https://www.suzuki.co.jp/release/d/d050728.htm,
2026-08-17T05:15:52,スズキ,rss,2005年7月27日,,https://www.suzuki.co.jp/release/b/b050727.htm,
2026-08-17T05:15:52,スズキ,rss,2005年7月25日,,https://www.suzuki.co.jp/release/d/d050725.htm,
2026-08-17T05:15:52,スズキ,rss,2005年7月11日,,https://www.suzuki.co.jp/release/c/c050711.htm,
2026-08-17T05:15:52,スズキ,rss,2005年7月11日,,https://www.suzuki.co.jp/release/d/d050711.htm,
2026-08-17T05:15:52,スズキ,rss,2005年6月29日,,https://www.suzuki.co.jp/release/d/d050629.htm,
2026-08-17T05:15:52,スズキ,rss,2005年6月23日,,https://www.suzuki.co.jp/release/d/d050623.htm,
2026-08-17T05:15:52,スズキ,rss,2005年6月21日,,https://www.suzuki.co.jp/release/b/b050621.htm,
2026-08-17T05:15:52,スズキ,rss,2005年6月17日,,https://www.suzuki.co.jp/release/b/b050617.htm,
2026-08-17T05:15:52,スズキ,rss,2005年6月17日,,https://www.suzuki.co.jp/release/d/d050617.htm,
2026-08-17T05:15:52,スズキ,rss,2005年6月15日,,https://www.suzuki.co.jp/release/a/a050615.htm,
2026-08-17T05:15:52,スズキ,rss,2005年6月3日,,https://www.suzuki.co.jp/release/d/d050603.htm,
2026-08-17T05:15:52,スズキ,rss,2005年5月31日,,https://www.suzuki.co.jp/release/d/d050531.htm,
2026-08-17T05:15:52,スズキ,rss,2005年5月27日,,https://www.suzuki.co.jp/release/d/d050527.htm,
2026-08-17T05:15:52,スズキ,rss,2005年5月26日,,https://www.suzuki.co.jp/release/d/d050526b.htm,
2026-08-17T05:15:52,スズキ,rss,2005年5月26日,,https://www.suzuki.co.jp/release/d/d050526.htm,
2026-08-17T05:15:52,スズキ,rss,2005年5月25日,,https://www.suzuki.co.jp/release/d/d050525.htm,
2026-08-17T05:15:52,スズキ,rss,2005年5月19日,,https://www.suzuki.co.jp/release/d/d050519.htm,
2026-08-17T05:15:52,スズキ,rss,2005年5月16日,,https://www.suzuki.co.jp/release/a/a050516.htm,
2026-08-17T05:15:52,スズキ,rss,2005年5月16日,,https://www.suzuki.co.jp/release/d/d050516a.htm,
2026-08-17T05:15:52,スズキ,rss,2005年5月16日,,https://www.suzuki.co.jp/release/d/d050516b.htm,
2026-08-17T05:15:52,スズキ,rss,2005年5月9日,,https://www.suzuki.co.jp/release/a/a050509a.htm,
2026-08-17T05:15:52,スズキ,rss,2005年5月9日,,https://www.suzuki.co.jp/release/a/a050509b.htm,
2026-08-17T05:15:52,スズキ,rss,2005年5月9日,,https://www.suzuki.co.jp/release/a/a050509c.htm,
2026-08-17T05:15:52,スズキ,rss,2005年5月9日,,https://www.suzuki.co.jp/release/a/a050509d.htm,
2026-08-17T05:15:52,スズキ,rss,2005年5月2日,,https://www.suzuki.co.jp/release/d/d050502.htm,
2026-08-17T05:15:52,スズキ,rss,2005年4月28日,,https://www.suzuki.co.jp/release/d/d050428c.htm,
2026-08-17T05:15:52,スズキ,rss,2005年4月28日,,https://www.suzuki.co.jp/release/d/d050428a.htm,
2026-08-17T05:15:52,スズキ,rss,2005年4月28日,,https://www.suzuki.co.jp/release/d/d050428b.htm,
2026-08-17T05:15:52,スズキ,rss,2005年4月27日,,https://www.suzuki.co.jp/release/d/d050427.htm,
2026-08-17T05:15:52,スズキ,rss,2005年4月25日,,https://www.suzuki.co.jp/release/b/b050425.htm,
2026-08-17T05:15:52,スズキ,rss,2005年4月19日,,https://www.suzuki.co.jp/release/d/d050419.htm,
2026-08-17T05:15:52,スズキ,rss,2005年4月12日,,https://www.suzuki.co.jp/release/d/d050412.htm,
2026-08-17T05:15:52,スズキ,rss,2005年4月11日,,https://www.suzuki.co.jp/release/a/a050411.htm,
2026-08-17T05:15:52,スズキ,rss,2005年4月6日,,https://www.suzuki.co.jp/release/a/a050406.htm,
2026-08-17T05:15:52,スズキ,rss,2005年4月4日,,https://www.suzuki.co.jp/release/d/d050404.htm,
2026-08-17T05:15:52,スズキ,rss,2005年3月28日,,https://www.suzuki.co.jp/release/d/d050328.htm,
2026-08-17T05:15:52,スズキ,rss,2005年3月25日,,https://www.suzuki.co.jp/release/d/d050325.htm,
2026-08-17T05:15:52,スズキ,rss,2005年3月24日,,https://www.suzuki.co.jp/release/b/b050324.htm,
2026-08-17T05:15:52,スズキ,rss,2005年3月23日,,https://www.suzuki.co.jp/release/d/d050323.htm,
2026-08-17T05:15:52,スズキ,rss,2005年3月18日,,https://www.suzuki.co.jp/release/b/b050318.htm,
2026-08-17T05:15:52,スズキ,rss,2005年3月11日,,https://www.suzuki.co.jp/release/a/a050311.htm,
2026-08-17T05:15:52,スズキ,rss,2005年2月25日,,https://www.suzuki.co.jp/release/d/d050225.htm,
2026-08-17T05:15:52,スズキ,rss,2005年2月24日,,https://www.suzuki.co.jp/release/d/d050224.htm,
2026-08-17T05:15:52,スズキ,rss,2005年2月21日,,https://www.suzuki.co.jp/release/b/b050221a.htm,
2026-08-17T05:15:52,スズキ,rss,2005年2月21日,,https://www.suzuki.co.jp/release/b/b050221b.htm,
2026-08-17T05:15:52,スズキ,rss,2005年2月18日,,https://www.suzuki.co.jp/release/b/b050218.htm,
2026-08-17T05:15:52,スズキ,rss,2005年2月18日,,https://www.suzuki.co.jp/release/d/d050218.htm,
2026-08-17T05:15:52,スズキ,rss,2005年2月10日,,https://www.suzuki.co.jp/release/d/d050210.htm,
2026-08-17T05:15:52,スズキ,rss,2005年2月7日,,https://www.suzuki.co.jp/release/d/d050207.htm,
2026-08-17T05:15:52,スズキ,rss,2005年2月4日,,https://www.suzuki.co.jp/release/d/d050204.htm,
2026-08-17T05:15:52,スズキ,rss,2005年2月3日,,https://www.suzuki.co.jp/release/b/b050203.htm,
2026-08-17T05:15:52,スズキ,rss,2005年1月31日,,https://www.suzuki.co.jp/release/c/c050131.htm,
2026-08-17T05:15:52,スズキ,rss,2005年1月31日,,https://www.suzuki.co.jp/release/d/d050131.htm,
2026-08-17T05:15:52,スズキ,rss,2005年1月28日,,https://www.suzuki.co.jp/release/d/d050128b.htm,
2026-08-17T05:15:52,スズキ,rss,2005年1月28日,,https://www.suzuki.co.jp/release/d/d050128.htm,
2026-08-17T05:15:52,スズキ,rss,2005年1月25日,,https://www.suzuki.co.jp/release/d/d050125.htm,
2026-08-17T05:15:52,スズキ,rss,2005年1月24日,,https://www.suzuki.co.jp/release/b/b050124a.htm,
2026-08-17T05:15:52,スズキ,rss,2005年1月24日,,https://www.suzuki.co.jp/release/b/b050124b.htm,
2026-08-17T05:15:52,スズキ,rss,2005年1月21日,,https://www.suzuki.co.jp/release/a/a050121.htm,
2026-08-17T05:15:52,スズキ,rss,2005年1月21日,,https://www.suzuki.co.jp/release/d/d050121b.htm,
2026-08-17T05:15:52,スズキ,rss,2005年1月21日,,https://www.suzuki.co.jp/release/d/d050121a.htm,
2026-08-17T05:15:52,スズキ,rss,2005年1月20日,,https://www.suzuki.co.jp/release/b/b050120.htm,
2026-08-17T05:15:52,スズキ,rss,2005年1月12日,,https://www.suzuki.co.jp/release/a/a050112.htm,
2026-08-17T05:15:52,スズキ,rss,2005年1月11日,,https://www.suzuki.co.jp/release/a/a050111.htm,
2026-08-17T05:15:52,スズキ,rss,2005年1月6日,,https://www.suzuki.co.jp/release/b/b050106.htm,
2026-08-17T05:15:52,スズキ,rss,2004年12月29日,,https://www.suzuki.co.jp/release/d/d041229.htm,
2026-08-17T05:15:52,スズキ,rss,2004年12月28日,,https://www.suzuki.co.jp/release/d/d041228.htm,
2026-08-17T05:15:52,スズキ,rss,2004年12月24日,,https://www.suzuki.co.jp/release/d/d041224.htm,
2026-08-17T05:15:52,スズキ,rss,2004年12月22日,,https://www.suzuki.co.jp/release/b/b041222.htm,
2026-08-17T05:15:52,スズキ,rss,2004年12月21日,,https://www.suzuki.co.jp/release/d/d041221.htm,
2026-08-17T05:15:52,スズキ,rss,2004年12月15日,,https://www.suzuki.co.jp/release/a/a041215.htm,
2026-08-17T05:15:52,スズキ,rss,2004年12月14日,,https://www.suzuki.co.jp/release/a/a041214a.htm,
2026-08-17T05:15:52,スズキ,rss,2004年12月14日,,https://www.suzuki.co.jp/release/a/a041214b.htm,
2026-08-17T05:15:52,スズキ,rss,2004年12月8日,,https://www.suzuki.co.jp/release/d/d041208.htm,
2026-08-17T05:15:52,スズキ,rss,2004年12月7日,,https://www.suzuki.co.jp/release/a/a041207a.htm,
2026-08-17T05:15:52,スズキ,rss,2004年12月7日,,https://www.suzuki.co.jp/release/a/a041207b.htm,
2026-08-17T05:15:52,スズキ,rss,2004年12月3日,,https://www.suzuki.co.jp/release/d/d041203.htm,
2026-08-17T05:15:52,スズキ,rss,2004年12月1日,,https://www.suzuki.co.jp/release/a/a041201a.htm,
2026-08-17T05:15:52,スズキ,rss,2004年12月1日,,https://www.suzuki.co.jp/release/a/a041201b.htm,
2026-08-17T05:15:52,スズキ,rss,2004年11月30日,,https://www.suzuki.co.jp/release/d/d041130.htm,
2026-08-17T05:15:52,スズキ,rss,2004年11月19日,,https://www.suzuki.co.jp/release/b/b041119.htm,
2026-08-17T05:15:52,スズキ,rss,2004年11月1日,,https://www.suzuki.co.jp/release/a/a041101.htm,
2026-08-17T05:15:52,スズキ,rss,2004年10月27日,,https://www.suzuki.co.jp/release/d/d041027.htm,
2026-08-17T05:15:52,スズキ,rss,2004年10月20日,,https://www.suzuki.co.jp/release/b/b041020a.htm,
2026-08-17T05:15:52,スズキ,rss,2004年10月20日,,https://www.suzuki.co.jp/release/b/b041020b.htm,
2026-08-17T05:15:52,スズキ,rss,2004年10月14日,,https://www.suzuki.co.jp/release/d/d041014.htm,
2026-08-17T05:15:52,スズキ,rss,2004年10月13日,,https://www.suzuki.co.jp/release/a/a041013a.htm,
2026-08-17T05:15:52,スズキ,rss,2004年10月13日,,https://www.suzuki.co.jp/release/a/a041013b.htm,
2026-08-17T05:15:52,スズキ,rss,2004年10月12日,,https://www.suzuki.co.jp/release/c/c041012.htm,
2026-08-17T05:15:52,スズキ,rss,2004年10月7日,,https://www.suzuki.co.jp/release/b/b041007a.htm,
2026-08-17T05:15:52,スズキ,rss,2004年10月7日,,https://www.suzuki.co.jp/release/b/b041007b.htm,
2026-08-17T05:15:52,スズキ,rss,2004年10月6日,,https://www.suzuki.co.jp/release/d/d041006.htm,
2026-08-17T05:15:52,スズキ,rss,2004年10月5日,,https://www.suzuki.co.jp/release/a/a041005.htm,
2026-08-17T05:15:52,スズキ,rss,2004年10月5日,,https://www.suzuki.co.jp/release/d/d041005.htm,
2026-08-17T05:15:52,スズキ,rss,2004年9月24日,,https://www.suzuki.co.jp/release/d/d040924.htm,
2026-08-17T05:15:52,スズキ,rss,2004年9月21日,,https://www.suzuki.co.jp/release/d/d040921.htm,
2026-08-17T05:15:52,スズキ,rss,2004年9月17日,,https://www.suzuki.co.jp/release/b/b040917.htm,
2026-08-17T05:15:52,スズキ,rss,2004年9月14日,,https://www.suzuki.co.jp/release/d/d040914.htm,
2026-08-17T05:15:52,スズキ,rss,2004年9月13日,,https://www.suzuki.co.jp/release/a/a040913.htm,
2026-08-17T05:15:52,スズキ,rss,2004年9月13日,,https://www.suzuki.co.jp/release/d/d040913a.htm,
2026-08-17T05:15:52,スズキ,rss,2004年9月13日,,https://www.suzuki.co.jp/release/d/d040913b.htm,
2026-08-17T05:15:52,スズキ,rss,2004年9月7日,,https://www.suzuki.co.jp/release/d/d040907.htm,
2026-08-17T05:15:52,スズキ,rss,2004年8月31日,,https://www.suzuki.co.jp/release/d/d040831.htm,
2026-08-17T05:15:52,スズキ,rss,2004年8月30日,,https://www.suzuki.co.jp/release/d/d040830.htm,
2026-08-17T05:15:52,スズキ,rss,2004年8月6日,,https://www.suzuki.co.jp/release/d/d040806.htm,
2026-08-17T05:15:52,スズキ,rss,2004年8月5日,,https://www.suzuki.co.jp/release/d/d040805.htm,
2026-08-17T05:15:52,スズキ,rss,2004年7月30日,,https://www.suzuki.co.jp/release/d/d040730.htm,
2026-08-17T05:15:52,スズキ,rss,2004年7月30日,,https://www.suzuki.co.jp/release/d/d040730b.htm,
2026-08-17T05:15:52,スズキ,rss,2004年7月29日,,https://www.suzuki.co.jp/release/a/a040729.htm,
2026-08-17T05:15:52,スズキ,rss,2004年7月29日,,https://www.suzuki.co.jp/release/d/d040729.htm,
2026-08-17T05:15:52,スズキ,rss,2004年7月23日,,https://www.suzuki.co.jp/release/d/d040723.htm,
2026-08-17T05:15:52,スズキ,rss,2004年7月21日,,https://www.suzuki.co.jp/release/d/d040721.htm,
2026-08-17T05:15:52,スズキ,rss,2004年7月20日,,https://www.suzuki.co.jp/release/a/a040720.htm,
2026-08-17T05:15:52,スズキ,rss,2004年7月7日,,https://www.suzuki.co.jp/release/d/d040707.htm,
2026-08-17T05:15:52,スズキ,rss,2004年7月6日,,https://www.suzuki.co.jp/release/a/a040706.htm,
2026-08-17T05:15:52,スズキ,rss,2004年7月1日,,https://www.suzuki.co.jp/release/d/d040701.htm,
2026-08-17T05:15:52,スズキ,rss,2004年6月24日,,https://www.suzuki.co.jp/release/d/d040624.htm,
2026-08-17T05:15:52,スズキ,rss,2004年6月21日,,https://www.suzuki.co.jp/release/a/a040621.htm,
2026-08-17T05:15:52,スズキ,rss,2004年6月21日,,https://www.suzuki.co.jp/release/b/b040621a.htm,
2026-08-17T05:15:52,スズキ,rss,2004年6月21日,,https://www.suzuki.co.jp/release/b/b040621b.htm,
2026-08-17T05:15:52,スズキ,rss,2004年6月14日,,https://www.suzuki.co.jp/release/b/b040614.htm,
2026-08-17T05:15:52,スズキ,rss,2004年6月9日,,https://www.suzuki.co.jp/release/d/d040609.htm,
2026-08-17T05:15:52,スズキ,rss,2004年5月27日,,https://www.suzuki.co.jp/release/d/d040527.htm,
2026-08-17T05:15:52,スズキ,rss,2004年5月21日,,https://www.suzuki.co.jp/release/c/c040521.htm,
2026-08-17T05:15:52,スズキ,rss,2004年5月20日,,https://www.suzuki.co.jp/release/a/a040520.htm,
2026-08-17T05:15:52,スズキ,rss,2004年5月18日,,https://www.suzuki.co.jp/release/a/a040518.htm,
2026-08-17T05:15:52,スズキ,rss,2004年5月18日,,https://www.suzuki.co.jp/release/d/d040518.htm,
2026-08-17T05:15:52,スズキ,rss,2004年5月17日,,https://www.suzuki.co.jp/release/a/a040517.htm,
2026-08-17T05:15:52,スズキ,rss,2004年5月12日,,https://www.suzuki.co.jp/release/a/a040512.htm,
2026-08-17T05:15:52,スズキ,rss,2004年4月28日,,https://www.suzuki.co.jp/release/d/d040428.htm,
2026-08-17T05:15:52,スズキ,rss,2004年4月27日,,https://www.suzuki.co.jp/release/d/d040427.htm,
2026-08-17T05:15:52,スズキ,rss,2004年4月2日,,https://www.suzuki.co.jp/release/d/d040402b.htm,
2026-08-17T05:15:52,スズキ,rss,2004年4月2日,,https://www.suzuki.co.jp/release/d/d040402a.htm,
2026-08-17T05:15:52,スズキ,rss,2004年3月30日,,https://www.suzuki.co.jp/release/d/d040330.htm,
2026-08-17T05:15:52,スズキ,rss,2004年3月18日,,https://www.suzuki.co.jp/release/b/b040318a.htm,
2026-08-17T05:15:52,スズキ,rss,2004年3月18日,,https://www.suzuki.co.jp/release/b/b040318b.htm,
2026-08-17T05:15:52,スズキ,rss,2004年3月11日,,https://www.suzuki.co.jp/release/b/b040311.htm,
2026-08-17T05:15:52,スズキ,rss,2004年2月20日,,https://www.suzuki.co.jp/release/b/b040220a.htm,
2026-08-17T05:15:52,スズキ,rss,2004年2月20日,,https://www.suzuki.co.jp/release/b/b040220b.htm,
2026-08-17T05:15:52,スズキ,rss,2004年2月13日,,https://www.suzuki.co.jp/release/d/d040213.htm,
2026-08-17T05:15:52,スズキ,rss,2004年2月10日,,https://www.suzuki.co.jp/release/a/a040210.htm,
2026-08-17T05:15:52,スズキ,rss,2004年2月4日,,https://www.suzuki.co.jp/release/a/a040204.htm,
2026-08-17T05:15:52,スズキ,rss,2004年1月30日,,https://www.suzuki.co.jp/release/c/c040130.htm,
2026-08-17T05:15:52,スズキ,rss,2004年1月26日,,https://www.suzuki.co.jp/release/a/a040126a.htm,
2026-08-17T05:15:52,スズキ,rss,2004年1月26日,,https://www.suzuki.co.jp/release/a/a040126b.htm,
2026-08-17T05:15:52,スズキ,rss,2004年1月21日,,https://www.suzuki.co.jp/release/a/a040121.htm,
2026-08-17T05:15:52,スズキ,rss,2004年1月21日,,https://www.suzuki.co.jp/release/d/d040121a.htm,
2026-08-17T05:15:52,スズキ,rss,2004年1月21日,,https://www.suzuki.co.jp/release/d/d040121b.htm,
2026-08-17T05:15:52,スズキ,rss,2004年1月20日,,https://www.suzuki.co.jp/release/b/b040120.htm,
2026-08-17T05:15:52,スズキ,rss,2004年1月9日,,https://www.suzuki.co.jp/release/a/a040109a.htm,
2026-08-17T05:15:52,スズキ,rss,2004年1月9日,,https://www.suzuki.co.jp/release/a/a040109b.htm,
2026-08-17T05:15:52,スズキ,rss,2004年1月9日,,https://www.suzuki.co.jp/release/d/d040109.htm,
2026-08-17T05:15:52,スズキ,rss,2004年1月6日,,https://www.suzuki.co.jp/release/a/a040106.htm,
2026-08-17T05:15:52,スズキ,rss,2003年12月26日,,https://www.suzuki.co.jp/release/d/d031226.htm,
2026-08-17T05:15:52,スズキ,rss,2003年12月22日,,https://www.suzuki.co.jp/release/d/d031222.htm,
2026-08-17T05:15:52,スズキ,rss,2003年12月12日,,https://www.suzuki.co.jp/release/a/a031212.htm,
2026-08-17T05:15:52,スズキ,rss,2003年12月3日,,https://www.suzuki.co.jp/release/b/b031203.htm,
2026-08-17T05:15:52,スズキ,rss,2003年12月1日,,https://www.suzuki.co.jp/release/b/b031201.htm,
2026-08-17T05:15:52,スズキ,rss,2003年11月28日,,https://www.suzuki.co.jp/release/d/d031128.htm,
2026-08-17T05:15:52,スズキ,rss,2003年11月13日,,https://www.suzuki.co.jp/release/a/a031113b.htm,
2026-08-17T05:15:52,スズキ,rss,2003年11月13日,,https://www.suzuki.co.jp/release/a/a031113.htm,
2026-08-17T05:15:52,スズキ,rss,2003年11月7日,,https://www.suzuki.co.jp/release/a/a031107.htm,
2026-08-17T05:15:52,スズキ,rss,2003年10月28日,,https://www.suzuki.co.jp/release/a/a031028.htm,
2026-08-17T05:15:52,スズキ,rss,2003年10月27日,,https://www.suzuki.co.jp/release/c/c031027.htm,
2026-08-17T05:15:52,スズキ,rss,2003年10月14日,,https://www.suzuki.co.jp/release/d/d031014.htm,
2026-08-17T05:15:52,スズキ,rss,2003年10月8日,,https://www.suzuki.co.jp/release/c/c031008.htm,
2026-08-17T05:15:52,スズキ,rss,2003年10月1日,,https://www.suzuki.co.jp/release/d/d031001.htm,
2026-08-17T05:15:52,スズキ,rss,2003年9月30日,,https://www.suzuki.co.jp/release/a/a030930.htm,
2026-08-17T05:15:52,スズキ,rss,2003年9月19日,,https://www.suzuki.co.jp/release/b/b030919.htm,
2026-08-17T05:15:52,スズキ,rss,2003年9月12日,,https://www.suzuki.co.jp/release/a/a030912.htm,
2026-08-17T05:15:52,スズキ,rss,2003年9月12日,,https://www.suzuki.co.jp/release/d/d030912.htm,
2026-08-17T05:15:52,スズキ,rss,2003年9月3日,,https://www.suzuki.co.jp/release/a/a030903a.htm,
2026-08-17T05:15:52,スズキ,rss,2003年9月3日,,https://www.suzuki.co.jp/release/a/a030903b.htm,
2026-08-17T05:15:52,スズキ,rss,2003年9月2日,,https://www.suzuki.co.jp/release/d/d030902.htm,
2026-08-17T05:15:52,スズキ,rss,2003年8月21日,,https://www.suzuki.co.jp/release/b/b030821a.htm,
2026-08-17T05:15:52,スズキ,rss,2003年8月21日,,https://www.suzuki.co.jp/release/b/b030821b.htm,
2026-08-17T05:15:52,スズキ,rss,2003年8月21日,,https://www.suzuki.co.jp/release/b/b030821c.htm,
2026-08-17T05:15:52,スズキ,rss,2003年8月21日,,https://www.suzuki.co.jp/release/d/d030821.htm,
2026-08-17T05:15:52,スズキ,rss,2003年8月8日,,https://www.suzuki.co.jp/release/d/d030808a.htm,
2026-08-17T05:15:52,スズキ,rss,2003年8月8日,,https://www.suzuki.co.jp/release/d/d030808b.htm,
2026-08-17T05:15:52,スズキ,rss,2003年8月4日,,https://www.suzuki.co.jp/release/a/a030804.htm,
2026-08-17T05:15:52,スズキ,rss,2003年7月31日,,https://www.suzuki.co.jp/release/d/d030731.htm,
2026-08-17T05:15:52,スズキ,rss,2003年7月18日,,https://www.suzuki.co.jp/release/b/b030718a.htm,
2026-08-17T05:15:52,スズキ,rss,2003年7月18日,,https://www.suzuki.co.jp/release/b/b030718b.htm,
2026-08-17T05:15:52,スズキ,rss,2003年6月23日,,https://www.suzuki.co.jp/release/d/d030623.htm,
2026-08-17T05:15:52,スズキ,rss,2003年6月19日,,https://www.suzuki.co.jp/release/b/b030619b.htm,
2026-08-17T05:15:52,スズキ,rss,2003年6月19日,,https://www.suzuki.co.jp/release/b/b030619a.htm,
2026-08-17T05:15:52,スズキ,rss,2003年6月18日,,https://www.suzuki.co.jp/release/a/a030618a.htm,
2026-08-17T05:15:52,スズキ,rss,2003年6月18日,,https://www.suzuki.co.jp/release/a/a030618b.htm,
2026-08-17T05:15:52,スズキ,rss,2003年6月12日,,https://www.suzuki.co.jp/release/a/a030612.htm,
2026-08-17T05:15:52,スズキ,rss,2003年6月12日,,https://www.suzuki.co.jp/release/b/b030612.htm,
2026-08-17T05:15:52,スズキ,rss,2003年6月3日,,https://www.suzuki.co.jp/release/a/a030603a.htm,
2026-08-17T05:15:52,スズキ,rss,2003年6月3日,,https://www.suzuki.co.jp/release/a/a030603b.htm,
2026-08-17T05:15:52,スズキ,rss,2003年5月23日,,https://www.suzuki.co.jp/release/d/d030523.htm,
2026-08-17T05:15:52,スズキ,rss,2003年5月20日,,https://www.suzuki.co.jp/release/d/d030520.htm,
2026-08-17T05:15:52,スズキ,rss,2003年5月19日,,https://www.suzuki.co.jp/release/b/b030519.htm,
2026-08-17T05:15:52,スズキ,rss,2003年5月14日,,https://www.suzuki.co.jp/release/a/a030514.htm,
2026-08-17T05:15:52,スズキ,rss,2003年5月8日,,https://www.suzuki.co.jp/release/c/c030508.htm,
2026-08-17T05:15:52,スズキ,rss,2003年4月26日,,https://www.suzuki.co.jp/release/d/d030426.htm,
2026-08-17T05:15:52,スズキ,rss,2003年4月21日,,https://www.suzuki.co.jp/release/b/b030421a.htm,
2026-08-17T05:15:52,スズキ,rss,2003年4月21日,,https://www.suzuki.co.jp/release/b/b030421b.htm,
2026-08-17T05:15:52,スズキ,rss,2003年4月21日,,https://www.suzuki.co.jp/release/d/d030421.htm,
2026-08-17T05:15:52,スズキ,rss,2003年4月18日,,https://www.suzuki.co.jp/release/b/b030418.htm,
2026-08-17T05:15:52,スズキ,rss,2003年4月15日,,https://www.suzuki.co.jp/release/d/d030415.htm,
2026-08-17T05:15:52,スズキ,rss,2003年4月11日,,https://www.suzuki.co.jp/release/d/d030411a.htm,
2026-08-17T05:15:52,スズキ,rss,2003年4月11日,,https://www.suzuki.co.jp/release/d/d030411b.htm,
2026-08-17T05:15:52,スズキ,rss,2003年4月10日,,https://www.suzuki.co.jp/release/a/a030410a.htm,
2026-08-17T05:15:52,スズキ,rss,2003年4月10日,,https://www.suzuki.co.jp/release/a/a030410b.htm,
2026-08-17T05:15:52,スズキ,rss,2003年3月31日,,https://www.suzuki.co.jp/release/d/d030331.htm,
2026-08-17T05:15:52,スズキ,rss,2003年3月20日,,https://www.suzuki.co.jp/release/b/b030320.htm,
2026-08-17T05:15:52,スズキ,rss,2003年3月19日,,https://www.suzuki.co.jp/release/b/b030319c.htm,
2026-08-17T05:15:52,スズキ,rss,2003年3月19日,,https://www.suzuki.co.jp/release/b/b030319.htm,
2026-08-17T05:15:52,スズキ,rss,2003年3月19日,,https://www.suzuki.co.jp/release/b/b030319b.htm,
2026-08-17T05:15:52,スズキ,rss,2003年2月21日,,https://www.suzuki.co.jp/release/b/b030221.htm,
2026-08-17T05:15:52,スズキ,rss,2003年2月20日,,https://www.suzuki.co.jp/release/a/a030220.htm,
2026-08-17T05:15:52,スズキ,rss,2003年2月20日,,https://www.suzuki.co.jp/release/b/b030220.htm,
2026-08-17T05:15:52,スズキ,rss,2003年2月18日,,https://www.suzuki.co.jp/release/d/d030218.htm,
2026-08-17T05:15:52,スズキ,rss,2003年2月14日,,https://www.suzuki.co.jp/release/d/d030214.htm,
2026-08-17T05:15:52,スズキ,rss,2003年2月13日,,https://www.suzuki.co.jp/release/c/c030213.htm,
2026-08-17T05:15:52,スズキ,rss,2003年2月13日,,https://www.suzuki.co.jp/release/d/d030213.htm,
2026-08-17T05:15:52,スズキ,rss,2003年2月7日,,https://www.suzuki.co.jp/release/c/c030207.htm,
2026-08-17T05:15:52,スズキ,rss,2003年2月5日,,https://www.suzuki.co.jp/release/a/a030205.htm,
2026-08-17T05:15:52,スズキ,rss,2003年2月3日,,https://www.suzuki.co.jp/release/d/d030203.htm,
2026-08-17T05:15:52,スズキ,rss,2003年1月31日,,https://www.suzuki.co.jp/release/d/d030131.htm,
2026-08-17T05:15:52,スズキ,rss,2003年1月28日,,https://www.suzuki.co.jp/release/b/b030128.htm,
2026-08-17T05:15:52,スズキ,rss,2003年1月22日,,https://www.suzuki.co.jp/release/a/a030122b.htm,
2026-08-17T05:15:52,スズキ,rss,2003年1月22日,,https://www.suzuki.co.jp/release/a/a030122a.htm,
2026-08-17T05:15:52,スズキ,rss,2003年1月22日,,https://www.suzuki.co.jp/release/b/b030122.htm,
2026-08-17T05:15:52,スズキ,rss,2003年1月22日,,https://www.suzuki.co.jp/release/d/d030122b.htm,
2026-08-17T05:15:52,スズキ,rss,2003年1月22日,,https://www.suzuki.co.jp/release/d/d030122.htm,
2026-08-17T05:15:52,スズキ,rss,2003年1月20日,,https://www.suzuki.co.jp/release/b/b030120.htm,
2026-08-17T05:15:52,スズキ,rss,2003年1月15日,,https://www.suzuki.co.jp/release/d/d030115.htm,
2026-08-17T05:15:52,スズキ,rss,2003年1月14日,,https://www.suzuki.co.jp/release/a/a030114b.htm,
2026-08-17T05:15:52,スズキ,rss,2003年1月14日,,https://www.suzuki.co.jp/release/a/a030114a.htm,
2026-08-17T05:15:52,スズキ,rss,2003年1月10日,,https://www.suzuki.co.jp/release/d/d030110.htm,
2026-08-17T05:15:52,スズキ,rss,2003年1月6日,,https://www.suzuki.co.jp/release/a/a030106.htm,
2026-08-17T05:15:52,スズキ,rss,2002年12月26日,,https://www.suzuki.co.jp/release/d/d021226.htm,
2026-08-17T05:15:52,スズキ,rss,2002年12月24日,,https://www.suzuki.co.jp/release/c/c021224.htm,
2026-08-17T05:15:52,スズキ,rss,2002年12月20日,,https://www.suzuki.co.jp/release/b/b021220a.htm,
2026-08-17T05:15:52,スズキ,rss,2002年12月20日,,https://www.suzuki.co.jp/release/b/b021220b.htm,
2026-08-17T05:15:52,スズキ,rss,2002年12月16日,,https://www.suzuki.co.jp/release/a/a021216.htm,
2026-08-17T05:15:52,スズキ,rss,2002年12月16日,,https://www.suzuki.co.jp/release/d/d021216b.htm,
2026-08-17T05:15:52,スズキ,rss,2002年12月16日,,https://www.suzuki.co.jp/release/d/d021216.htm,
2026-08-17T05:15:52,スズキ,rss,2002年12月13日,,https://www.suzuki.co.jp/release/d/d021213.htm,
2026-08-17T05:15:52,スズキ,rss,2002年12月10日,,https://www.suzuki.co.jp/release/a/a021210.htm,
2026-08-17T05:15:52,スズキ,rss,2002年12月4日,,https://www.suzuki.co.jp/release/a/a021204a.htm,
2026-08-17T05:15:52,スズキ,rss,2002年12月4日,,https://www.suzuki.co.jp/release/a/a021204b.htm,
2026-08-17T05:15:52,スズキ,rss,2002年12月4日,,https://www.suzuki.co.jp/release/a/a021204c.htm,
2026-08-17T05:15:52,スズキ,rss,2002年11月29日,,https://www.suzuki.co.jp/release/d/d021129.htm,
2026-08-17T05:15:52,スズキ,rss,2002年11月29日,,https://www.suzuki.co.jp/release/d/d021129b.htm,
2026-08-17T05:15:52,スズキ,rss,2002年11月28日,,https://www.suzuki.co.jp/release/b/b021128.htm,
2026-08-17T05:15:52,スズキ,rss,2002年11月20日,,https://www.suzuki.co.jp/release/b/b021120.htm,
2026-08-17T05:15:52,スズキ,rss,2002年11月18日,,https://www.suzuki.co.jp/release/a/a021118a.htm,
2026-08-17T05:15:52,スズキ,rss,2002年11月18日,,https://www.suzuki.co.jp/release/a/a021118b.htm,
2026-08-17T05:15:52,スズキ,rss,2002年11月15日,,https://www.suzuki.co.jp/release/d/d021115.htm,
2026-08-17T05:15:52,スズキ,rss,2002年11月12日,,https://www.suzuki.co.jp/release/a/a021112a.htm,
2026-08-17T05:15:52,スズキ,rss,2002年11月12日,,https://www.suzuki.co.jp/release/a/a021112b.htm,
2026-08-17T05:15:52,スズキ,rss,2002年11月12日,,https://www.suzuki.co.jp/release/d/d021112.htm,
2026-08-17T05:15:52,スズキ,rss,2002年11月7日,,https://www.suzuki.co.jp/release/a/a021107.htm,
2026-08-17T05:15:52,スズキ,rss,2002年10月31日,,https://www.suzuki.co.jp/release/d/d021031.htm,
2026-08-17T05:15:52,スズキ,rss,2002年10月30日,,https://www.suzuki.co.jp/release/b/b021030a.htm,
2026-08-17T05:15:52,スズキ,rss,2002年10月30日,,https://www.suzuki.co.jp/release/b/b021030b.htm,
2026-08-17T05:15:52,スズキ,rss,2002年10月23日,,https://www.suzuki.co.jp/release/d/d021023.htm,
2026-08-17T05:15:52,スズキ,rss,2002年10月21日,,https://www.suzuki.co.jp/release/b/b021021b.htm,
2026-08-17T05:15:52,スズキ,rss,2002年10月21日,,https://www.suzuki.co.jp/release/b/b021021a.htm,
2026-08-17T05:15:52,スズキ,rss,2002年10月17日,,https://www.suzuki.co.jp/release/a/a021017.htm,
2026-08-17T05:15:52,スズキ,rss,2002年10月17日,,https://www.suzuki.co.jp/release/d/d021017.htm,
2026-08-17T05:15:52,スズキ,rss,2002年10月11日,,https://www.suzuki.co.jp/release/d/d021011.htm,
2026-08-17T05:15:52,スズキ,rss,2002年10月8日,,https://www.suzuki.co.jp/release/a/a021008.htm,
2026-08-17T05:15:52,スズキ,rss,2002年9月27日,,https://www.suzuki.co.jp/release/d/d020927.htm,
2026-08-17T05:15:52,スズキ,rss,2002年9月25日,,https://www.suzuki.co.jp/release/d/d020925.htm,
2026-08-17T05:15:52,スズキ,rss,2002年9月24日,,https://www.suzuki.co.jp/release/d/d020924b.htm,
2026-08-17T05:15:52,スズキ,rss,2002年9月24日,,https://www.suzuki.co.jp/release/d/d020924.htm,
2026-08-17T05:15:52,スズキ,rss,2002年9月20日,,https://www.suzuki.co.jp/release/b/b020920.htm,
2026-08-17T05:15:52,スズキ,rss,2002年9月20日,,https://www.suzuki.co.jp/release/d/d020920.htm,
2026-08-17T05:15:52,スズキ,rss,2002年9月19日,,https://www.suzuki.co.jp/release/b/b020919.htm,
2026-08-17T05:15:52,スズキ,rss,2002年9月3日,,https://www.suzuki.co.jp/release/a/a020904a.htm,
2026-08-17T05:15:52,スズキ,rss,2002年9月3日,,https://www.suzuki.co.jp/release/a/a020904b.htm,
2026-08-17T05:15:52,スズキ,rss,2002年9月2日,,https://www.suzuki.co.jp/release/d/d020903b.htm,
2026-08-17T05:15:52,スズキ,rss,2002年9月2日,,https://www.suzuki.co.jp/release/d/d020903a.htm,
2026-08-17T05:15:52,スズキ,rss,2002年8月30日,,https://www.suzuki.co.jp/release/d/d020831.htm,
2026-08-17T05:15:52,スズキ,rss,2002年7月29日,,https://www.suzuki.co.jp/release/d/d020730.htm,
2026-08-17T05:15:52,スズキ,rss,2002年7月23日,,https://www.suzuki.co.jp/release/a/a020723.htm,
2026-08-17T05:15:52,スズキ,rss,2002年7月19日,,https://www.suzuki.co.jp/release/b/b020719.htm,
2026-08-17T05:15:52,スズキ,rss,2002年7月16日,,https://www.suzuki.co.jp/release/a/a020716.htm,
2026-08-17T05:15:52,スズキ,rss,2002年7月2日,,https://www.suzuki.co.jp/release/a/a020702.htm,
2026-08-17T05:15:52,スズキ,rss,2002年7月1日,,https://www.suzuki.co.jp/release/d/d020701a.htm,
2026-08-17T05:15:52,スズキ,rss,2002年7月1日,,https://www.suzuki.co.jp/release/d/d020701b.htm,
2026-08-17T05:15:52,スズキ,rss,2002年6月27日,,https://www.suzuki.co.jp/release/d/d020627a.htm,
2026-08-17T05:15:52,スズキ,rss,2002年6月27日,,https://www.suzuki.co.jp/release/d/d020627b.htm,
2026-08-17T05:15:52,スズキ,rss,2002年6月25日,,https://www.suzuki.co.jp/release/d/d020625.htm,
2026-08-17T05:15:52,スズキ,rss,2002年6月21日,,https://www.suzuki.co.jp/release/b/b020621.htm,
2026-08-17T05:15:52,スズキ,rss,2002年6月14日,,https://www.suzuki.co.jp/release/a/a020614.htm,
2026-08-17T05:15:52,スズキ,rss,2002年6月14日,,https://www.suzuki.co.jp/release/b/b020614a.htm,
2026-08-17T05:15:52,スズキ,rss,2002年6月14日,,https://www.suzuki.co.jp/release/b/b020614b.htm,
2026-08-17T05:15:52,スズキ,rss,2002年6月13日,,https://www.suzuki.co.jp/release/a/a020613.htm,
2026-08-17T05:15:52,スズキ,rss,2002年6月11日,,https://www.suzuki.co.jp/release/a/a020611a.htm,
2026-08-17T05:15:52,スズキ,rss,2002年6月11日,,https://www.suzuki.co.jp/release/a/a020611b.htm,
2026-08-17T05:15:52,スズキ,rss,2002年6月11日,,https://www.suzuki.co.jp/release/d/d020611.htm,
2026-08-17T05:15:52,スズキ,rss,2002年6月6日,,https://www.suzuki.co.jp/release/a/a020606.htm,
2026-08-17T05:15:52,スズキ,rss,2002年5月22日,,https://www.suzuki.co.jp/release/a/a020522.htm,
2026-08-17T05:15:52,スズキ,rss,2002年5月22日,,https://www.suzuki.co.jp/release/b/b020522.htm,
2026-08-17T05:15:52,スズキ,rss,2002年5月21日,,https://www.suzuki.co.jp/release/d/d020521.htm,
2026-08-17T05:15:52,スズキ,rss,2002年5月16日,,https://www.suzuki.co.jp/release/a/a020516a.htm,
2026-08-17T05:15:52,スズキ,rss,2002年5月16日,,https://www.suzuki.co.jp/release/a/a020516b.htm,
2026-08-17T05:15:52,スズキ,rss,2002年5月16日,,https://www.suzuki.co.jp/release/d/d020516.htm,
2026-08-17T05:15:52,スズキ,rss,2002年5月15日,,https://www.suzuki.co.jp/release/c/c020515.htm,
2026-08-17T05:15:52,スズキ,rss,2002年5月10日,,https://www.suzuki.co.jp/release/a/a020510.htm,
2026-08-17T05:15:52,スズキ,rss,2002年4月27日,,https://www.suzuki.co.jp/release/d/d020427.htm,
2026-08-17T05:15:52,スズキ,rss,2002年4月26日,,https://www.suzuki.co.jp/release/d/d020426.htm,
2026-08-17T05:15:52,スズキ,rss,2002年4月26日,,https://www.suzuki.co.jp/release/d/d020426b.htm,
2026-08-17T05:15:52,スズキ,rss,2002年4月25日,,https://www.suzuki.co.jp/release/a/a020425.htm,
2026-08-17T05:15:52,スズキ,rss,2002年4月22日,,https://www.suzuki.co.jp/release/b/b020422.htm,
2026-08-17T05:15:52,スズキ,rss,2002年4月10日,,https://www.suzuki.co.jp/release/a/a020410.htm,
2026-08-17T05:15:52,スズキ,rss,2002年4月5日,,https://www.suzuki.co.jp/release/d/d020405.htm,
2026-08-17T05:15:52,スズキ,rss,2002年3月29日,,https://www.suzuki.co.jp/release/d/d020329.htm,
2026-08-17T05:15:52,スズキ,rss,2002年3月26日,,https://www.suzuki.co.jp/release/d/d020326.htm,
2026-08-17T05:15:52,スズキ,rss,2002年3月25日,,https://www.suzuki.co.jp/release/c/c020325.htm,
2026-08-17T05:15:52,スズキ,rss,2002年3月20日,,https://www.suzuki.co.jp/release/b/b020320b.htm,
2026-08-17T05:15:52,スズキ,rss,2002年3月20日,,https://www.suzuki.co.jp/release/b/b020320a.htm,
2026-08-17T05:15:52,スズキ,rss,2002年3月19日,,https://www.suzuki.co.jp/release/b/b020319.htm,
2026-08-17T05:15:52,スズキ,rss,2002年3月15日,,https://www.suzuki.co.jp/release/d/d020315.htm,
2026-08-17T05:15:52,スズキ,rss,2002年3月4日,,https://www.suzuki.co.jp/release/d/d020304.htm,
2026-08-17T05:15:52,スズキ,rss,2002年2月25日,,https://www.suzuki.co.jp/release/d/d020225.htm,
2026-08-17T05:15:52,スズキ,rss,2002年2月12日,,https://www.suzuki.co.jp/release/a/a020212.htm,
2026-08-17T05:15:52,スズキ,rss,2002年2月8日,,https://www.suzuki.co.jp/release/d/d020208.htm,
2026-08-17T05:15:52,スズキ,rss,2002年2月6日,,https://www.suzuki.co.jp/release/d/d020206.htm,
2026-08-17T05:15:52,スズキ,rss,2002年2月5日,,https://www.suzuki.co.jp/release/a/a020205.htm,
2026-08-17T05:15:52,スズキ,rss,2002年2月4日,,https://www.suzuki.co.jp/release/c/c020204a.htm,
2026-08-17T05:15:52,スズキ,rss,2002年2月4日,,https://www.suzuki.co.jp/release/c/c020204b.htm,
2026-08-17T05:15:52,スズキ,rss,2002年1月31日,,https://www.suzuki.co.jp/release/c/c020131.htm,
2026-08-17T05:15:52,スズキ,rss,2002年1月25日,,https://www.suzuki.co.jp/release/b/b020125.htm,
2026-08-17T05:15:52,スズキ,rss,2002年1月25日,,https://www.suzuki.co.jp/release/d/d020125.htm,
2026-08-17T05:15:52,スズキ,rss,2002年1月23日,,https://www.suzuki.co.jp/release/b/b020123.htm,
2026-08-17T05:15:52,スズキ,rss,2002年1月22日,,https://www.suzuki.co.jp/release/a/a020122.htm,
2026-08-17T05:15:52,スズキ,rss,2002年1月22日,,https://www.suzuki.co.jp/release/b/b020122b.htm,
2026-08-17T05:15:52,スズキ,rss,2002年1月22日,,https://www.suzuki.co.jp/release/b/b020122a.htm,
2026-08-17T05:15:52,スズキ,rss,2002年1月22日,,https://www.suzuki.co.jp/release/d/d020122a.htm,
2026-08-17T05:15:52,スズキ,rss,2002年1月22日,,https://www.suzuki.co.jp/release/d/d020122b.htm,
2026-08-17T05:15:52,スズキ,rss,2002年1月21日,,https://www.suzuki.co.jp/release/a/a020121a.htm,
2026-08-17T05:15:52,スズキ,rss,2002年1月21日,,https://www.suzuki.co.jp/release/a/a020121b.htm,
2026-08-17T05:15:52,スズキ,rss,2002年1月21日,,https://www.suzuki.co.jp/release/a/a020121c.htm,
2026-08-17T05:15:52,スズキ,rss,2002年1月21日,,https://www.suzuki.co.jp/release/a/a020121d.htm,
2026-08-17T05:15:52,スズキ,rss,2002年1月9日,,https://www.suzuki.co.jp/release/a/a020109a.htm,
2026-08-17T05:15:52,スズキ,rss,2002年1月9日,,https://www.suzuki.co.jp/release/a/a020109b.htm,
2026-08-17T05:15:52,スズキ,rss,2002年1月9日,,https://www.suzuki.co.jp/release/d/d020109.htm,
2026-08-17T05:15:52,スズキ,rss,2001年12月21日,,https://www.suzuki.co.jp/release/c/c011221.htm,
2026-08-17T05:15:52,スズキ,rss,2001年12月20日,,https://www.suzuki.co.jp/release/b/b011220.htm,
2026-08-17T05:15:52,スズキ,rss,2001年12月11日,,https://www.suzuki.co.jp/release/d/d011211b.htm,
2026-08-17T05:15:52,スズキ,rss,2001年12月11日,,https://www.suzuki.co.jp/release/d/d011211a.htm,
2026-08-17T05:15:52,スズキ,rss,2001年11月16日,,https://www.suzuki.co.jp/release/a/a011116.htm,
2026-08-17T05:15:52,スズキ,rss,2001年11月14日,,https://www.suzuki.co.jp/release/a/a011114a.htm,
2026-08-17T05:15:52,スズキ,rss,2001年11月14日,,https://www.suzuki.co.jp/release/a/a011114b.htm,
2026-08-17T05:15:52,スズキ,rss,2001年11月14日,,https://www.suzuki.co.jp/release/a/a011114c.htm,
2026-08-17T05:15:52,スズキ,rss,2001年11月14日,,https://www.suzuki.co.jp/release/a/a011114d.htm,
2026-08-17T05:15:52,スズキ,rss,2001年11月12日,,https://www.suzuki.co.jp/release/c/c011112.htm,
2026-08-17T05:15:52,スズキ,rss,2001年11月8日,,https://www.suzuki.co.jp/release/d/d011108.htm,
2026-08-17T05:15:52,スズキ,rss,2001年11月2日,,https://www.suzuki.co.jp/release/c/c011102.htm,
2026-08-17T05:15:52,スズキ,rss,2001年10月22日,,https://www.suzuki.co.jp/release/a/a011022.htm,
2026-08-17T05:15:52,スズキ,rss,2001年10月19日,,https://www.suzuki.co.jp/release/d/d011019.htm,
2026-08-17T05:15:52,スズキ,rss,2001年10月17日,,https://www.suzuki.co.jp/release/d/d011017b.htm,
2026-08-17T05:15:52,スズキ,rss,2001年10月17日,,https://www.suzuki.co.jp/release/d/d011017.htm,
2026-08-17T05:15:52,スズキ,rss,2001年10月15日,,https://www.suzuki.co.jp/release/b/b011015.htm,
2026-08-17T05:15:52,スズキ,rss,2001年9月27日,,https://www.suzuki.co.jp/release/d/d010927.htm,
2026-08-17T05:15:52,スズキ,rss,2001年9月18日,,https://www.suzuki.co.jp/release/d/d010918a.htm,
2026-08-17T05:15:52,スズキ,rss,2001年9月18日,,https://www.suzuki.co.jp/release/d/d010918b.htm,
2026-08-17T05:15:52,スズキ,rss,2001年9月5日,,https://www.suzuki.co.jp/release/a/a010905a.htm,
2026-08-17T05:15:52,スズキ,rss,2001年9月5日,,https://www.suzuki.co.jp/release/a/a010905b.htm,
2026-08-17T05:15:52,スズキ,rss,2001年9月4日,,https://www.suzuki.co.jp/release/a/a010904a.htm,
2026-08-17T05:15:52,スズキ,rss,2001年9月4日,,https://www.suzuki.co.jp/release/a/a010904b.htm,
2026-08-17T05:15:52,スズキ,rss,2001年8月29日,,https://www.suzuki.co.jp/release/d/d010829.htm,
2026-08-17T05:15:52,スズキ,rss,2001年8月28日,,https://www.suzuki.co.jp/release/b/b010828.htm,
2026-08-17T05:15:52,スズキ,rss,2001年8月7日,,https://www.suzuki.co.jp/release/d/d010807.htm,
2026-08-17T05:15:52,スズキ,rss,2001年8月1日,,https://www.suzuki.co.jp/release/a/a010801.htm,
2026-08-17T05:15:52,スズキ,rss,2001年7月23日,,https://www.suzuki.co.jp/release/a/a010723.htm,
2026-08-17T05:15:52,スズキ,rss,2001年7月21日,,https://www.suzuki.co.jp/release/d/d010721.htm,
2026-08-17T05:15:52,スズキ,rss,2001年7月19日,,https://www.suzuki.co.jp/release/b/b010719.htm,
2026-08-17T05:15:52,スズキ,rss,2001年7月5日,,https://www.suzuki.co.jp/release/d/d010705.htm,
2026-08-17T05:15:52,スズキ,rss,2001年6月29日,,https://www.suzuki.co.jp/release/b/b010629.htm,
2026-08-17T05:15:52,スズキ,rss,2001年6月28日,,https://www.suzuki.co.jp/release/d/d010628.htm,
2026-08-17T05:15:52,スズキ,rss,2001年6月25日,,https://www.suzuki.co.jp/release/d/d010625.htm,
2026-08-17T05:15:52,スズキ,rss,2001年6月22日,,https://www.suzuki.co.jp/release/b/b010622b.htm,
2026-08-17T05:15:52,スズキ,rss,2001年6月22日,,https://www.suzuki.co.jp/release/b/b010622a.htm,
2026-08-17T05:15:52,スズキ,rss,2001年6月20日,,https://www.suzuki.co.jp/release/a/a010620.htm,
2026-08-17T05:15:52,スズキ,rss,2001年6月18日,,https://www.suzuki.co.jp/release/a/a010618.htm,
2026-08-17T05:15:52,スズキ,rss,2001年6月5日,,https://www.suzuki.co.jp/release/a/a010605.htm,
2026-08-17T05:15:52,スズキ,rss,2001年5月24日,,https://www.suzuki.co.jp/release/a/a010524.htm,
2026-08-17T05:15:52,スズキ,rss,2001年5月24日,,https://www.suzuki.co.jp/release/a/a010524b.htm,
2026-08-17T05:15:52,スズキ,rss,2001年5月22日,,https://www.suzuki.co.jp/release/d/d010522.htm,
2026-08-17T05:15:52,スズキ,rss,2001年5月21日,,https://www.suzuki.co.jp/release/d/d010521.htm,
2026-08-17T05:15:52,スズキ,rss,2001年5月18日,,https://www.suzuki.co.jp/release/c/c010518.htm,
2026-08-17T05:15:52,スズキ,rss,2001年5月16日,,https://www.suzuki.co.jp/release/a/a010516.htm,
2026-08-17T05:15:52,スズキ,rss,2001年5月16日,,https://www.suzuki.co.jp/release/c/c010516.htm,
2026-08-17T05:15:52,スズキ,rss,2001年5月15日,,https://www.suzuki.co.jp/release/a/a010515.htm,
2026-08-17T05:15:52,スズキ,rss,2001年5月14日,,https://www.suzuki.co.jp/release/d/d010514.htm,
2026-08-17T05:15:52,スズキ,rss,2001年5月8日,,https://www.suzuki.co.jp/release/d/d010508.htm,
2026-08-17T05:15:52,スズキ,rss,2001年4月27日,,https://www.suzuki.co.jp/release/d/d010427.htm,
2026-08-17T05:15:52,スズキ,rss,2001年4月27日,,https://www.suzuki.co.jp/release/d/d010427b.htm,
2026-08-17T05:15:52,スズキ,rss,2001年4月26日,,https://www.suzuki.co.jp/release/a/a010426.htm,
2026-08-17T05:15:52,スズキ,rss,2001年4月26日,,https://www.suzuki.co.jp/release/d/d010426.htm,
2026-08-17T05:15:52,スズキ,rss,2001年4月17日,,https://www.suzuki.co.jp/release/a/a010417.htm,
2026-08-17T05:15:52,スズキ,rss,2001年4月9日,,https://www.suzuki.co.jp/release/c/c010409.htm,
2026-08-17T05:15:52,スズキ,rss,2001年4月6日,,https://www.suzuki.co.jp/release/d/d010406.htm,
2026-08-17T05:15:52,スズキ,rss,2001年4月5日,,https://www.suzuki.co.jp/release/d/d010405.htm,
2026-08-17T05:15:52,スズキ,rss,2001年4月2日,,https://www.suzuki.co.jp/release/d/d010402.htm,
2026-08-17T05:15:52,スズキ,rss,2001年3月30日,,https://www.suzuki.co.jp/release/b/b010330.htm,
2026-08-17T05:15:52,スズキ,rss,2001年3月29日,,https://www.suzuki.co.jp/release/c/c010329.htm,
2026-08-17T05:15:52,スズキ,rss,2001年3月23日,,https://www.suzuki.co.jp/release/d/d010323.htm,
2026-08-17T05:15:52,スズキ,rss,2001年3月22日,,https://www.suzuki.co.jp/release/b/b010322b.htm,
2026-08-17T05:15:52,スズキ,rss,2001年3月22日,,https://www.suzuki.co.jp/release/b/b010322a.htm,
2026-08-17T05:15:52,スズキ,rss,2001年3月14日,,https://www.suzuki.co.jp/release/d/d010314.htm,
2026-08-17T05:15:52,スズキ,rss,2001年3月8日,,https://www.suzuki.co.jp/release/d/d010308.htm,
2026-08-17T05:15:52,スズキ,rss,2001年2月28日,,https://www.suzuki.co.jp/release/d/d010228.htm,
2026-08-17T05:15:52,スズキ,rss,2001年2月28日,,https://www.suzuki.co.jp/release/b/b010228.htm,
2026-08-17T05:15:52,スズキ,rss,2001年2月27日,,https://www.suzuki.co.jp/release/b/b010227.htm,
2026-08-17T05:15:52,スズキ,rss,2001年2月16日,,https://www.suzuki.co.jp/release/d/d010216.htm,
2026-08-17T05:15:52,スズキ,rss,2001年2月15日,,https://www.suzuki.co.jp/release/a/a010215b.htm,
2026-08-17T05:15:52,スズキ,rss,2001年2月15日,,https://www.suzuki.co.jp/release/a/a010215a.htm,
2026-08-17T05:15:52,スズキ,rss,2001年2月13日,,https://www.suzuki.co.jp/release/d/d010213.htm,
2026-08-17T05:15:52,スズキ,rss,2001年2月9日,,https://www.suzuki.co.jp/release/a/a010209.htm,
2026-08-17T05:15:52,スズキ,rss,2001年2月7日,,https://www.suzuki.co.jp/release/a/a010207.htm,
2026-08-17T05:15:52,スズキ,rss,2001年1月30日,,https://www.suzuki.co.jp/release/d/d010130.htm,
2026-08-17T05:15:52,スズキ,rss,2001年1月26日,,https://www.suzuki.co.jp/release/c/c010126a.htm,
2026-08-17T05:15:52,スズキ,rss,2001年1月26日,,https://www.suzuki.co.jp/release/c/c010126b.htm,
2026-08-17T05:15:52,スズキ,rss,2001年1月25日,,https://www.suzuki.co.jp/release/d/d010125a.htm,
2026-08-17T05:15:52,スズキ,rss,2001年1月25日,,https://www.suzuki.co.jp/release/d/d010125b.htm,
2026-08-17T05:15:52,スズキ,rss,2001年1月23日,,https://www.suzuki.co.jp/release/a/a010123.htm,
2026-08-17T05:15:52,スズキ,rss,2001年1月23日,,https://www.suzuki.co.jp/release/d/d010123a.htm,
2026-08-17T05:15:52,スズキ,rss,2001年1月23日,,https://www.suzuki.co.jp/release/d/d010123b.htm,
2026-08-17T05:15:52,スズキ,rss,2001年1月23日,,https://www.suzuki.co.jp/release/d/d010123c.htm,
2026-08-17T05:15:52,スズキ,rss,2001年1月22日,,https://www.suzuki.co.jp/release/b/b010122.htm,
2026-08-17T05:15:52,スズキ,rss,2001年1月18日,,https://www.suzuki.co.jp/release/a/a010118.htm,
2026-08-17T05:15:52,スズキ,rss,2001年1月18日,,https://www.suzuki.co.jp/release/a/a010118b.htm,
2026-08-17T05:15:52,スズキ,rss,2001年1月18日,,https://www.suzuki.co.jp/release/d/d010118.htm,
2026-08-17T05:15:52,スズキ,rss,2001年1月3日,,https://www.suzuki.co.jp/release/d/d010103.htm,
2026-08-17T05:15:52,スズキ,rss,2000年12月21日,,https://www.suzuki.co.jp/release/d/d001221.htm,
2026-08-17T05:15:52,スズキ,rss,2000年12月20日,,https://www.suzuki.co.jp/release/a/a001220.htm,
2026-08-17T05:15:52,スズキ,rss,2000年12月20日,,https://www.suzuki.co.jp/release/b/b001220.htm,
2026-08-17T05:15:52,スズキ,rss,2000年12月15日,,https://www.suzuki.co.jp/release/a/a001215.htm,
2026-08-17T05:15:52,スズキ,rss,2000年12月12日,,https://www.suzuki.co.jp/release/a/a001212.htm,
2026-08-17T05:15:52,スズキ,rss,2000年12月12日,,https://www.suzuki.co.jp/release/d/d001212.htm,
2026-08-17T05:15:52,スズキ,rss,2000年12月11日,,https://www.suzuki.co.jp/release/d/d001211.htm,
2026-08-17T05:15:52,スズキ,rss,2000年12月7日,,https://www.suzuki.co.jp/release/c/c001207.htm,
2026-08-17T05:15:52,スズキ,rss,2000年12月7日,,https://www.suzuki.co.jp/release/d/d001207.htm,
2026-08-17T05:15:52,スズキ,rss,2000年12月5日,,https://www.suzuki.co.jp/release/a/a001205.htm,
2026-08-17T05:15:52,スズキ,rss,2000年12月5日,,https://www.suzuki.co.jp/release/a/a001205b.htm,
2026-08-17T05:15:52,スズキ,rss,2000年11月29日,,https://www.suzuki.co.jp/release/a/a001129.htm,
2026-08-17T05:15:52,スズキ,rss,2000年11月28日,,https://www.suzuki.co.jp/release/d/d001128.htm,
2026-08-17T05:15:52,スズキ,rss,2000年11月24日,,https://www.suzuki.co.jp/release/d/d001124.htm,
2026-08-17T05:15:52,スズキ,rss,2000年11月22日,,https://www.suzuki.co.jp/release/b/b001122.htm,
2026-08-17T05:15:52,スズキ,rss,2000年11月15日,,https://www.suzuki.co.jp/release/a/a001115.htm,
2026-08-17T05:15:52,スズキ,rss,2000年11月15日,,https://www.suzuki.co.jp/release/a/a001115b.htm,
2026-08-17T05:15:52,スズキ,rss,2000年11月15日,,https://www.suzuki.co.jp/release/d/d001115.htm,
2026-08-17T05:15:52,スズキ,rss,2000年11月13日,,https://www.suzuki.co.jp/release/d/d001113.htm,
2026-08-17T05:15:52,スズキ,rss,2000年11月7日,,https://www.suzuki.co.jp/release/c/c001107.htm,
2026-08-17T05:15:52,スズキ,rss,2000年11月1日,,https://www.suzuki.co.jp/release/d/d001101.htm,
2026-08-17T05:15:52,スズキ,rss,2000年10月26日,,https://www.suzuki.co.jp/release/c/c001026.htm,
2026-08-17T05:15:52,スズキ,rss,2000年10月20日,,https://www.suzuki.co.jp/release/b/b001020.htm,
2026-08-17T05:15:52,スズキ,rss,2000年10月17日,,https://www.suzuki.co.jp/release/d/d001017.htm,
2026-08-17T05:15:52,スズキ,rss,2000年10月16日,,https://www.suzuki.co.jp/release/d/d001016.htm,
2026-08-17T05:15:52,スズキ,rss,2000年10月12日,,https://www.suzuki.co.jp/release/a/a001012.htm,
2026-08-17T05:15:52,スズキ,rss,2000年10月12日,,https://www.suzuki.co.jp/release/d/d001012.htm,
2026-08-17T05:15:52,スズキ,rss,2000年10月11日,,https://www.suzuki.co.jp/release/d/d001011.htm,
2026-08-17T05:15:52,スズキ,rss,2000年9月28日,,https://www.suzuki.co.jp/release/d/d000928.htm,
2026-08-17T05:15:52,スズキ,rss,2000年9月27日,,https://www.suzuki.co.jp/release/d/d000927.htm,
2026-08-17T05:15:52,スズキ,rss,2000年9月14日,,https://www.suzuki.co.jp/release/d/d000914a.htm,
2026-08-17T05:15:52,スズキ,rss,2000年9月14日,,https://www.suzuki.co.jp/release/d/d000914b.htm,
2026-08-17T05:15:52,スズキ,rss,2000年9月1日,,https://www.suzuki.co.jp/release/a/a000901.htm,
2026-08-17T05:15:52,スズキ,rss,2000年8月30日,,https://www.suzuki.co.jp/release/d/d000830.htm,
2026-08-17T05:15:52,スズキ,rss,2000年8月11日,,https://www.suzuki.co.jp/release/d/d000811.htm,
2026-08-17T05:15:52,スズキ,rss,2000年8月10日,,https://www.suzuki.co.jp/release/b/b000810.htm,
2026-08-17T05:15:52,スズキ,rss,2000年8月1日,,https://www.suzuki.co.jp/release/d/d000801.htm,
2026-08-17T05:15:52,スズキ,rss,2000年7月27日,,https://www.suzuki.co.jp/release/b/b000727.htm,
2026-08-17T05:15:52,スズキ,rss,2000年7月26日,,https://www.suzuki.co.jp/release/d/d000726.htm,
2026-08-17T05:15:52,スズキ,rss,2000年7月19日,,https://www.suzuki.co.jp/release/d/d000719.htm,
2026-08-17T05:15:52,スズキ,rss,2000年7月7日,,https://www.suzuki.co.jp/release/a/a000707.htm,
2026-08-17T05:15:52,スズキ,rss,2000年7月6日,,https://www.suzuki.co.jp/release/d/d000706.htm,
2026-08-17T05:15:52,スズキ,rss,2000年6月30日,,https://www.suzuki.co.jp/release/d/d000630b.htm,
2026-08-17T05:15:52,スズキ,rss,2000年6月22日,,https://www.suzuki.co.jp/release/b/b000622.htm,
2026-08-17T05:15:52,スズキ,rss,2000年6月21日,,https://www.suzuki.co.jp/release/c/c000621.htm,
2026-08-17T05:15:52,スズキ,rss,2000年6月19日,,https://www.suzuki.co.jp/release/b/b000619.htm,
2026-08-17T05:15:52,スズキ,rss,2000年6月8日,,https://www.suzuki.co.jp/release/a/a000608.htm,
2026-08-17T05:15:52,スズキ,rss,2000年5月25日,,https://www.suzuki.co.jp/release/a/a000525.htm,
2026-08-17T05:15:52,スズキ,rss,2000年5月24日,,https://www.suzuki.co.jp/release/d/d000524.htm,
2026-08-17T05:15:52,スズキ,rss,2000年5月18日,,https://www.suzuki.co.jp/release/a/a000518.htm,
2026-08-17T05:15:52,スズキ,rss,2000年5月17日,,https://www.suzuki.co.jp/release/a/a000517.htm,
2026-08-17T05:15:52,スズキ,rss,2000年5月17日,,https://www.suzuki.co.jp/release/a/a000517b.htm,
2026-08-17T05:15:52,スズキ,rss,2000年5月17日,,https://www.suzuki.co.jp/release/a/a000517c.htm,
2026-08-17T05:15:52,スズキ,rss,2000年5月1日,,https://www.suzuki.co.jp/release/d/d000501.htm,
2026-08-17T05:15:52,スズキ,rss,2000年4月28日,,https://www.suzuki.co.jp/release/d/d000428.htm,
2026-08-17T05:15:52,スズキ,rss,2000年4月27日,,https://www.suzuki.co.jp/release/c/c000427.htm,
2026-08-17T05:15:52,スズキ,rss,2000年4月20日,,https://www.suzuki.co.jp/release/b/b000420.htm,
2026-08-17T05:15:52,スズキ,rss,2000年4月19日,,https://www.suzuki.co.jp/release/a/a000419.htm,
2026-08-17T05:15:52,スズキ,rss,2000年4月19日,,https://www.suzuki.co.jp/release/d/d000419.htm,
2026-08-17T05:15:52,スズキ,rss,2000年4月18日,,https://www.suzuki.co.jp/release/c/c000418.htm,
2026-08-17T05:15:52,スズキ,rss,2000年4月13日,,https://www.suzuki.co.jp/release/a/a000413b.htm,
2026-08-17T05:15:52,スズキ,rss,2000年4月13日,,https://www.suzuki.co.jp/release/a/a000413.htm,
2026-08-17T05:15:52,スズキ,rss,2000年4月6日,,https://www.suzuki.co.jp/release/d/d000406.htm,
2026-08-17T05:15:52,スズキ,rss,2000年3月30日,,https://www.suzuki.co.jp/release/b/b000330.htm,
2026-08-17T05:15:52,スズキ,rss,2000年3月30日,,https://www.suzuki.co.jp/release/d/d000330.htm,
2026-08-17T05:15:52,スズキ,rss,2000年3月29日,,https://www.suzuki.co.jp/release/c/c000329.htm,
2026-08-17T05:15:52,スズキ,rss,2000年3月28日,,https://www.suzuki.co.jp/release/b/b000328.htm,
2026-08-17T05:15:52,スズキ,rss,2000年3月22日,,https://www.suzuki.co.jp/release/b/b000322.htm,
2026-08-17T05:15:52,スズキ,rss,2000年3月21日,,https://www.suzuki.co.jp/release/a/a000321.htm,
2026-08-17T05:15:52,スズキ,rss,2000年3月21日,,https://www.suzuki.co.jp/release/b/b000321.htm,
2026-08-17T05:15:52,スズキ,rss,2000年3月16日,,https://www.suzuki.co.jp/release/b/b000316.htm,
2026-08-17T05:15:52,スズキ,rss,2000年3月6日,,https://www.suzuki.co.jp/release/d/d000306.htm,
2026-08-17T05:15:52,スズキ,rss,2000年2月25日,,https://www.suzuki.co.jp/release/d/d000225.htm,
2026-08-17T05:15:52,スズキ,rss,2000年2月23日,,https://www.suzuki.co.jp/release/d/d000223.htm,
2026-08-17T05:15:52,スズキ,rss,2000年2月22日,,https://www.suzuki.co.jp/release/b/b000222.htm,
2026-08-17T05:15:52,スズキ,rss,2000年2月18日,,https://www.suzuki.co.jp/release/d/d000218.htm,
2026-08-17T05:15:52,スズキ,rss,2000年2月16日,,https://www.suzuki.co.jp/release/d/d000216.htm,
2026-08-17T05:15:52,スズキ,rss,2000年2月9日,,https://www.suzuki.co.jp/release/c/c000209.htm,
2026-08-17T05:15:52,スズキ,rss,2000年2月9日,,https://www.suzuki.co.jp/release/c/c000209b.htm,
2026-08-17T05:15:52,スズキ,rss,2000年2月4日,,https://www.suzuki.co.jp/release/a/a000204.htm,
2026-08-17T05:15:52,スズキ,rss,2000年2月1日,,https://www.suzuki.co.jp/release/a/a000201.htm,
2026-08-17T05:15:52,スズキ,rss,2000年1月25日,,https://www.suzuki.co.jp/release/d/d000125.htm,
2026-08-17T05:15:52,スズキ,rss,2000年1月24日,,https://www.suzuki.co.jp/release/a/a000124.htm,
2026-08-17T05:15:52,スズキ,rss,2000年1月24日,,https://www.suzuki.co.jp/release/d/d000124a.htm,
2026-08-17T05:15:52,スズキ,rss,2000年1月24日,,https://www.suzuki.co.jp/release/d/d000124b.htm,
2026-08-17T05:15:52,スズキ,rss,2000年1月24日,,https://www.suzuki.co.jp/release/d/d000124c.htm,
2026-08-17T05:15:52,スズキ,rss,2000年1月19日,,https://www.suzuki.co.jp/release/c/c000119.htm,
2026-08-17T05:15:52,スズキ,rss,1999年12月25日,,https://www.suzuki.co.jp/release/d/d991225.htm,
2026-08-17T05:15:52,スズキ,rss,1999年12月22日,,https://www.suzuki.co.jp/release/c/c991222.htm,
2026-08-17T05:15:52,スズキ,rss,1999年12月20日,,https://www.suzuki.co.jp/release/d/d991220.htm,
2026-08-17T05:15:52,スズキ,rss,1999年12月14日,,https://www.suzuki.co.jp/release/a/a991214.htm,
2026-08-17T05:15:52,スズキ,rss,1999年12月10日,,https://www.suzuki.co.jp/release/d/d991210.htm,
2026-08-17T05:15:52,スズキ,rss,1999年12月8日,,https://www.suzuki.co.jp/release/a/a991208b.htm,
2026-08-17T05:15:52,スズキ,rss,1999年12月8日,,https://www.suzuki.co.jp/release/a/a991208.htm,
2026-08-17T05:15:52,スズキ,rss,1999年12月3日,,https://www.suzuki.co.jp/release/a/a991203.htm,
2026-08-17T05:15:52,スズキ,rss,1999年11月29日,,https://www.suzuki.co.jp/release/c/c991129.htm,
2026-08-17T05:15:52,スズキ,rss,1999年11月25日,,https://www.suzuki.co.jp/release/a/a991125b.htm,
2026-08-17T05:15:52,スズキ,rss,1999年11月25日,,https://www.suzuki.co.jp/release/a/a991125.htm,
2026-08-17T05:15:52,スズキ,rss,1999年11月22日,,https://www.suzuki.co.jp/release/b/b991122.htm,
2026-08-17T05:15:52,スズキ,rss,1999年11月4日,,https://www.suzuki.co.jp/release/a/a991104.htm,
2026-08-17T05:15:52,スズキ,rss,1999年11月4日,,https://www.suzuki.co.jp/release/d/d991104.htm,
2026-08-17T05:15:52,スズキ,rss,1999年11月1日,,https://www.suzuki.co.jp/release/d/d991101b.htm,
2026-08-17T05:15:52,スズキ,rss,1999年11月1日,,https://www.suzuki.co.jp/release/d/d991101.htm,
2026-08-17T05:15:52,スズキ,rss,1999年10月29日,,https://www.suzuki.co.jp/release/b/b991029.htm,
2026-08-17T05:15:52,スズキ,rss,1999年10月29日,,https://www.suzuki.co.jp/release/d/d991029.htm,
2026-08-17T05:15:52,スズキ,rss,1999年10月28日,,https://www.suzuki.co.jp/release/c/c991028.htm,
2026-08-17T05:15:52,スズキ,rss,1999年10月27日,,https://www.suzuki.co.jp/release/c/c991027.htm,
2026-08-17T05:15:52,スズキ,rss,1999年10月21日,,https://www.suzuki.co.jp/release/d/d991021.htm,
2026-08-17T05:15:52,スズキ,rss,1999年10月13日,,https://www.suzuki.co.jp/release/d/d991013.htm,
2026-08-17T05:15:52,スズキ,rss,1999年10月12日,,https://www.suzuki.co.jp/release/b/b991012.htm,
2026-08-17T05:15:52,スズキ,rss,1999年10月8日,,https://www.suzuki.co.jp/release/d/d991008.htm,
2026-08-17T05:15:52,スズキ,rss,1999年10月7日,,https://www.suzuki.co.jp/release/a/a991007.htm,
2026-08-17T05:15:52,スズキ,rss,1999年10月1日,,https://www.suzuki.co.jp/release/a/a991001.htm,
2026-08-17T05:15:52,スズキ,rss,1999年9月27日,,https://www.suzuki.co.jp/release/d/d990927.htm,
2026-08-17T05:15:52,スズキ,rss,1999年9月22日,,https://www.suzuki.co.jp/release/b/b990922.htm,
2026-08-17T05:15:52,スズキ,rss,1999年9月20日,,https://www.suzuki.co.jp/release/d/d990920.htm,
2026-08-17T05:15:52,スズキ,rss,1999年9月10日,,https://www.suzuki.co.jp/release/d/d990910.htm,
2026-08-17T05:15:52,スズキ,rss,1999年9月1日,,https://www.suzuki.co.jp/release/d/d990901.htm,
2026-08-17T05:15:52,スズキ,rss,1999年8月27日,,https://www.suzuki.co.jp/release/c/c990827.htm,
2026-08-17T05:15:52,スズキ,rss,1999年8月9日,,https://www.suzuki.co.jp/release/a/a990809.htm,
2026-08-17T05:15:52,スズキ,rss,1999年8月6日,,https://www.suzuki.co.jp/release/d/d990806.htm,
2026-08-17T05:15:52,スズキ,rss,1999年7月29日,,https://www.suzuki.co.jp/release/d/d990729.htm,
2026-08-17T05:15:52,スズキ,rss,1999年6月23日,,https://www.suzuki.co.jp/release/a/a990623.htm,
2026-08-17T05:15:52,スズキ,rss,1999年6月21日,,https://www.suzuki.co.jp/release/a/a990621.htm,
2026-08-17T05:15:52,スズキ,rss,1999年6月21日,,https://www.suzuki.co.jp/release/b/b990621.htm,
2026-08-17T05:15:52,スズキ,rss,1999年6月18日,,https://www.suzuki.co.jp/release/b/b990618.htm,
2026-08-17T05:15:52,スズキ,rss,1999年6月17日,,https://www.suzuki.co.jp/release/a/a990617.htm,
2026-08-17T05:15:52,スズキ,rss,1999年6月17日,,https://www.suzuki.co.jp/release/a/a990617b.htm,
2026-08-17T05:15:52,スズキ,rss,1999年6月16日,,https://www.suzuki.co.jp/release/a/a990616.htm,
2026-08-17T05:15:52,スズキ,rss,1999年6月15日,,https://www.suzuki.co.jp/release/d/d990615.htm,
2026-08-17T05:15:52,スズキ,rss,1999年6月10日,,https://www.suzuki.co.jp/release/a/a990610b.htm,
2026-08-17T05:15:52,スズキ,rss,1999年6月10日,,https://www.suzuki.co.jp/release/a/a990610.htm,
2026-08-17T05:15:52,スズキ,rss,1999年6月8日,,https://www.suzuki.co.jp/release/d/d990608.htm,
2026-08-17T05:15:52,スズキ,rss,1999年5月24日,,https://www.suzuki.co.jp/release/a/a990524.htm,
2026-08-17T05:15:52,スズキ,rss,1999年5月12日,,https://www.suzuki.co.jp/release/a/a990512.htm,
2026-08-17T05:15:52,スズキ,rss,1999年5月6日,,https://www.suzuki.co.jp/release/a/a990506.htm,
2026-08-17T05:15:52,スズキ,rss,1999年4月28日,,https://www.suzuki.co.jp/release/b/b990428.htm,
2026-08-17T05:15:52,スズキ,rss,1999年4月27日,,https://www.suzuki.co.jp/release/d/d990427b.htm,
2026-08-17T05:15:52,スズキ,rss,1999年4月27日,,https://www.suzuki.co.jp/release/d/d990427.htm,
2026-08-17T05:15:52,スズキ,rss,1999年4月21日,,https://www.suzuki.co.jp/release/a/a990421.htm,
2026-08-17T05:15:52,スズキ,rss,1999年4月20日,,https://www.suzuki.co.jp/release/d/d990420.htm,
2026-08-17T05:15:52,スズキ,rss,1999年3月31日,,https://www.suzuki.co.jp/release/d/d990331.htm,
2026-08-17T05:15:52,スズキ,rss,1999年3月30日,,https://www.suzuki.co.jp/release/b/b990330.htm,
2026-08-17T05:15:52,スズキ,rss,1999年3月23日,,https://www.suzuki.co.jp/release/d/d990323.htm,
2026-08-17T05:15:52,スズキ,rss,1999年3月12日,,https://www.suzuki.co.jp/release/d/d990312.htm,
2026-08-17T05:15:52,スズキ,rss,1999年3月16日,,https://www.suzuki.co.jp/release/a/a990316.htm,
2026-08-17T05:15:52,スズキ,rss,1999年3月10日,,https://www.suzuki.co.jp/release/a/a990310.htm,
2026-08-17T05:15:52,スズキ,rss,1999年3月4日,,https://www.suzuki.co.jp/release/a/a990304.htm,
2026-08-17T05:15:52,スズキ,rss,1999年2月25日,,https://www.suzuki.co.jp/release/c/c990225.htm,
2026-08-17T05:15:52,スズキ,rss,1999年2月24日,,https://www.suzuki.co.jp/release/d/d990224.htm,
2026-08-17T05:15:52,スズキ,rss,1999年2月19日,,https://www.suzuki.co.jp/release/d/d990219.htm,
2026-08-17T05:15:52,スズキ,rss,1999年2月15日,,https://www.suzuki.co.jp/release/d/d990215.htm,
2026-08-17T05:15:52,スズキ,rss,1999年2月8日,,https://www.suzuki.co.jp/release/c/c990208.htm,
2026-08-17T05:15:52,スズキ,rss,1999年2月4日,,https://www.suzuki.co.jp/release/d/d990204.htm,
2026-08-17T05:15:52,スズキ,rss,1999年2月4日,,https://www.suzuki.co.jp/release/a/a990204c.htm,
2026-08-17T05:15:52,スズキ,rss,1999年2月4日,,https://www.suzuki.co.jp/release/a/a990204b.htm,
2026-08-17T05:15:52,スズキ,rss,1999年2月4日,,https://www.suzuki.co.jp/release/a/a990204.htm,
2026-08-17T05:15:52,スズキ,rss,1999年2月1日,,https://www.suzuki.co.jp/release/b/b990201.htm,
2026-08-17T05:15:52,スズキ,rss,1999年1月22日,,https://www.suzuki.co.jp/release/d/d990122.htm,
2026-08-17T05:15:52,スズキ,rss,1999年1月18日,,https://www.suzuki.co.jp/release/d/d990118.htm,
2026-08-17T05:15:52,スズキ,rss,1999年1月6日,,https://www.suzuki.co.jp/release/a/a990106.htm,
2026-08-17T05:15:52,スズキ,rss,1998年12月24日,,https://www.suzuki.co.jp/release/d/d981224.htm,
2026-08-17T05:15:52,スズキ,rss,1998年12月21日,,https://www.suzuki.co.jp/release/b/b981221.htm,
2026-08-17T05:15:52,スズキ,rss,1998年12月16日,,https://www.suzuki.co.jp/release/d/d981216.htm,
2026-08-17T05:15:52,スズキ,rss,1998年12月7日,,https://www.suzuki.co.jp/release/c/c981207.htm,
2026-08-17T05:15:52,スズキ,rss,1998年12月2日,,https://www.suzuki.co.jp/release/a/a981202.htm,
2026-08-17T05:15:52,スズキ,rss,1998年12月1日,,https://www.suzuki.co.jp/release/d/d981201.htm,
2026-08-17T05:15:52,スズキ,rss,1998年11月20日,,https://www.suzuki.co.jp/release/a/a981120.htm,
2026-08-17T05:15:52,スズキ,rss,1998年11月12日,,https://www.suzuki.co.jp/release/d/d981112.htm,
2026-08-17T05:15:52,スズキ,rss,1998年10月30日,,https://www.suzuki.co.jp/release/d/d981030.htm,
2026-08-17T05:15:52,スズキ,rss,1998年10月30日,,https://www.suzuki.co.jp/release/d/d981030b.htm,
2026-08-17T05:15:52,スズキ,rss,1998年10月21日,,https://www.suzuki.co.jp/release/b/b981021.htm,
2026-08-17T05:15:52,スズキ,rss,1998年10月15日,,https://www.suzuki.co.jp/release/a/a981015.htm,
2026-08-17T05:15:52,スズキ,rss,1998年10月14日,,https://www.suzuki.co.jp/release/d/d981014.htm,
2026-08-17T05:15:52,スズキ,rss,1998年10月13日,,https://www.suzuki.co.jp/release/d/d981013.htm,
2026-08-17T05:15:52,スズキ,rss,1998年10月7日,,https://www.suzuki.co.jp/release/a/a981007.htm,
2026-08-17T05:15:52,スズキ,rss,1998年9月29日,,https://www.suzuki.co.jp/release/d/d980929.htm,
2026-08-17T05:15:52,スズキ,rss,1998年9月24日,,https://www.suzuki.co.jp/release/c/c980924.htm,
2026-08-17T05:15:52,スズキ,rss,1998年9月22日,,https://www.suzuki.co.jp/release/b/b980922.htm,
2026-08-17T05:15:52,スズキ,rss,1998年9月17日,,https://www.suzuki.co.jp/release/d/d980917.htm,
2026-08-17T05:15:52,スズキ,rss,1998年9月16日,,https://www.suzuki.co.jp/release/d/d980916.htm,
2026-08-17T05:15:52,スズキ,rss,1998年8月27日,,https://www.suzuki.co.jp/release/b/b980827.htm,
2026-08-17T05:15:52,スズキ,rss,1998年8月26日,,https://www.suzuki.co.jp/release/a/a980826.htm,
2026-08-17T05:15:52,スズキ,rss,1998年7月21日,,https://www.suzuki.co.jp/release/d/d980721.htm,
2026-08-17T05:15:52,スズキ,rss,1998年7月6日,,https://www.suzuki.co.jp/release/d/d980706.htm,
2026-08-17T05:15:52,スズキ,rss,1998年6月22日,,https://www.suzuki.co.jp/release/b/b980622.htm,
2026-08-17T05:15:52,スズキ,rss,1998年6月10日,,https://www.suzuki.co.jp/release/d/d980610.htm,
2026-08-17T05:15:52,スズキ,rss,1998年6月8日,,https://www.suzuki.co.jp/release/d/d980608.htm,
2026-08-17T05:15:52,スズキ,rss,1998年6月4日,,https://www.suzuki.co.jp/release/a/a980604.htm,
2026-08-17T05:15:52,スズキ,rss,1998年5月27日,,https://www.suzuki.co.jp/release/d/d980527.htm,
2026-08-17T05:15:52,スズキ,rss,1998年5月26日,,https://www.suzuki.co.jp/release/c/c980526.htm,
2026-08-17T05:15:52,スズキ,rss,1998年5月21日,,https://www.suzuki.co.jp/release/a/a980521.htm,
2026-08-17T05:15:52,スズキ,rss,1998年5月20日,,https://www.suzuki.co.jp/release/b/b980520.htm,
2026-08-17T05:15:52,スズキ,rss,1998年5月18日,,https://www.suzuki.co.jp/release/a/a980518.htm,
2026-08-17T05:15:52,スズキ,rss,1998年5月14日,,https://www.suzuki.co.jp/release/d/d980514.htm,
2026-08-17T05:15:52,スズキ,rss,1998年5月12日,,https://www.suzuki.co.jp/release/a/a980512.htm,
2026-08-17T05:15:52,スズキ,rss,1998年5月7日,,https://www.suzuki.co.jp/release/a/a980507.htm,
2026-08-17T05:15:52,スズキ,rss,1998年4月22日,,https://www.suzuki.co.jp/release/b/b980422.htm,
2026-08-17T05:15:52,スズキ,rss,1998年4月20日,,https://www.suzuki.co.jp/release/b/b980420.htm,
2026-08-17T05:15:52,スズキ,rss,1998年4月16日,,https://www.suzuki.co.jp/release/b/b980416.htm,
2026-08-17T05:23:12,トヨタ,rss,"Mon, 03 Aug 2026 13:30:00 +0900",ヤリス クロス GR SPORTグレードを一部改良,https://global.toyota/jp/newsroom/toyota/44698459.html,○
2026-08-17T05:23:12,トヨタ,rss,"Mon, 03 Aug 2026 13:30:00 +0900",【画像差替】ハリアーを一部改良,https://global.toyota/jp/newsroom/toyota/44698256.html,○
2026-08-17T05:23:12,トヨタ,rss,"Mon, 03 Aug 2026 13:30:00 +0900",シエンタを一部改良,https://global.toyota/jp/newsroom/toyota/44698107.html,○
2026-08-17T05:23:12,トヨタ,rss,"Wed, 29 Jul 2026 13:30:00 +0900",コースターを一部改良,https://global.toyota/jp/newsroom/toyota/44679233.html,○
2026-08-17T05:23:12,トヨタ,rss,"Wed, 15 Jul 2026 13:30:00 +0900",新型クラウン（クロスオーバー）のデザインを先行公開,https://global.toyota/jp/newsroom/toyota/44641170.html,○
2026-08-17T05:23:12,トヨタ,rss,"Mon, 13 Jul 2026 13:30:00 +0900",カローラ スポーツを一部改良するとともに、特別仕様車 G“Z・ACTIVE ELEGANCE”を設定,https://global.toyota/jp/newsroom/toyota/44626118.html,○
2026-08-17T05:23:12,トヨタ,rss,"Mon, 06 Jul 2026 13:30:00 +0900",アクアを一部改良しGR SPORTグレードを追加,https://global.toyota/jp/newsroom/toyota/44600338.html,○
2026-08-17T05:23:12,トヨタ,rss,"Wed, 01 Jul 2026 13:30:00 +0900",プリウスを一部改良,https://global.toyota/jp/newsroom/toyota/44548404.html,○
2026-08-17T05:23:12,トヨタ,rss,"Wed, 01 Jul 2026 13:30:00 +0900",カローラ クロスを一部改良するとともに、特別仕様車 Z“Adventure”を設定,https://global.toyota/jp/newsroom/toyota/44548254.html,○
2026-08-17T05:23:14,日産,page,,新型「エルグランド」を発表,https://global.nissannews.com/ja-JP/releases/260716-01-j,○
2026-08-17T05:23:14,日産,page,,日産自動車株式会社（本社：神奈川県横浜市西区、社長：イヴァン エスピノーサ）は16日、昨年のJapan Mobility Show2025にて先行公開した新型「エルグランド」を同日より発売すると発表しました。,https://global.nissannews.com/ja-JP/releases/260716-01-j,○
2026-08-17T05:23:14,日産,page,,日産、新型SUV「テクトン」を発表,https://global.nissannews.com/ja-JP/releases/260709-01-j,○
2026-08-17T05:23:14,日産,page,,日産自動車株式会社（本社：神奈川県横浜市西区、代表執行役社長兼CEO：イヴァン エスピノーサ）は9日、インドで行われたワールドプレミアにおいて、新型SUV日産「テクトン」を発表しました。これは、日産の変革における重要なマイルストーンであり、日産の将来に向けてインドが果たす重要な役割を示すものです。,https://global.nissannews.com/ja-JP/releases/260709-01-j,○
2026-08-17T05:23:17,スバル,page,,「SUBARU BRZ」改良モデルを発表,https://www.subaru.co.jp/news/2026_07_30_094952,○
2026-08-17T05:23:17,スバル,page,,SUBARU　レヴォーグの一部改良モデルを発表,https://www.subaru.co.jp/news/2026_06_04_143345,○
2026-08-17T05:23:17,スバル,page,,SUBARU　レヴォーグ レイバックの一部改良モデルを発表,https://www.subaru.co.jp/news/2026_06_04_143024,○
2026-08-17T05:23:17,スバル,page,,SUBARU　フォレスター改良モデルを発表,https://www.subaru.co.jp/news/2026_05_21_144616,○
2026-08-17T05:23:17,スバル,page,,SUBARU　新型「トレイルシーカー」を発表,https://www.subaru.co.jp/news/2026_04_09_145609,○
2026-08-17T05:23:17,スバル,page,,SUBARU　新型バッテリーEV「ゲッタウェイ」を世界初公開,https://www.subaru.co.jp/news/2026_04_02_151658,○
2026-08-17T05:23:17,スバル,page,,SUBARU　新型「ステラ」を発表,https://www.subaru.co.jp/news/2025_06_12_141532,○
2026-08-17T05:23:17,スバル,page,,「SUBARU BRZ」の一部改良モデルを発表,https://www.subaru.co.jp/news/2025_05_22_175727,○
2026-08-17T05:23:17,スバル,page,,SUBARU　バッテリーEV 2台を世界初公開,https://www.subaru.co.jp/news/2025_04_18_101302,○
2026-08-17T05:23:17,スバル,page,,SUBARU　新型「アウトバック」を世界初公開,https://www.subaru.co.jp/news/2025_04_18_101030,○
2026-08-17T05:23:17,スバル,page,,SUBARU　新型「フォレスター」を発表,https://www.subaru.co.jp/news/2025_04_17_164724,○
2026-08-17T05:23:17,スバル,page,,SUBARU クロストレック特別仕様車「Limited Sun Blaze Edition」を発表,https://www.subaru.co.jp/news/2025_03_13_122344,○
2026-08-17T05:23:17,スバル,page,,SUBARU インプレッサ特別仕様車「ST Black Selection」を発表,https://www.subaru.co.jp/news/2025_03_13_121939,○
2026-08-17T05:23:17,スバル,page,,SUBARU　レヴォーグ特別仕様車として2つのモデルを発表,https://www.subaru.co.jp/news/2025_03_13_115253,○
2026-08-17T05:23:17,スバル,page,,SUBARU BRZ特別仕様車「STI Sport PURPLE EDITION」を発表,https://www.subaru.co.jp/news/2025_01_09_173141,○
2026-08-17T05:23:17,スバル,page,,SUBARU　WRX S4の一部改良モデルを発表,https://www.subaru.co.jp/news/2024_12_12_115057,○
2026-08-17T05:23:17,スバル,page,,SUBARU　レヴォーグの一部改良モデルを発表,https://www.subaru.co.jp/news/2024_12_12_114134,○
2026-08-17T05:23:17,スバル,page,,SUBARU　レヴォーグ レイバックの一部改良モデルを発表,https://www.subaru.co.jp/news/2024_12_12_113441,○
2026-08-17T05:23:17,スバル,page,,SUBARU　ジャスティの一部改良モデルを発表,https://www.subaru.co.jp/news/2024_12_12_113136,○
2026-08-17T05:23:17,スバル,page,,SUBARU　新型「クロストレック」e-BOXER（ストロングハイブリッド）を発表,https://www.subaru.co.jp/news/2024_12_05_160746,○
2026-08-17T05:23:17,スバル,page,,SUBARU　REXの一部改良モデルを発表,https://www.subaru.co.jp/news/2024_11_07_142002,○
2026-08-17T05:23:17,スバル,page,,SUBARU　サンバーバンの一部改良モデルを発表,https://www.subaru.co.jp/news/2024_11_07_141255,○
2026-08-17T05:23:17,スバル,page,,SUBARU　レガシィ アウトバック特別仕様車「30th Anniversary」を公開,https://www.subaru.co.jp/news/2024_10_24_122621,○
2026-08-17T05:23:17,スバル,page,,SUBARU　シフォンの一部改良モデルを発表,https://www.subaru.co.jp/news/2024_10_03_123406,○
2026-08-17T05:23:17,スバル,page,,SUBARU　プレオ プラスの一部改良モデルを発表,https://www.subaru.co.jp/news/2024_10_03_122530,○
2026-08-17T05:23:17,スバル,page,,SUBARU　クロストレックを一部改良,https://www.subaru.co.jp/news/2024_09_13_134855,○
2026-08-17T05:23:17,スバル,page,,SUBARU　インプレッサを一部改良,https://www.subaru.co.jp/news/2024_09_13_134633,○
2026-08-17T05:23:17,スバル,page,,SUBARU　レガシィ アウトバックの一部改良モデルを発表,https://www.subaru.co.jp/news/2024_09_06_163340,○
2026-08-17T05:23:17,スバル,page,,「SUBARU BRZ」改良モデルを発表,https://www.subaru.co.jp/news/2024_07_12_110548,○
2026-08-17T05:23:17,スバル,page,,SUBARU　フォレスター特別仕様車「Urban Selection」を発表,https://www.subaru.co.jp/news/2024_07_11_121309,○
2026-08-17T05:23:17,スバル,page,,SUBARU　フォレスター特別仕様車「STI Sport Black Interior Selection」を発表,https://www.subaru.co.jp/news/2024_04_11_174717,○
2026-08-17T05:23:17,スバル,page,,SUBARU　フォレスター特別仕様車「X-EDITION」・「XT-EDITION」にボディカラー「ガイザーブルー」を設定,https://www.subaru.co.jp/news/2024_04_11_174205,○
2026-08-17T05:23:17,スバル,page,,SUBARU　特別仕様車「WRX S4 STI Sport♯」を発表,https://www.subaru.co.jp/news/2024_01_12_105245,○
2026-08-17T05:23:17,スバル,page,,SUBARU　新型「フォレスター」 を世界初公開,https://www.subaru.co.jp/news/2023_11_17_164127,○
2026-08-17T05:23:17,スバル,page,,SUBARU　新型SUV「レヴォーグ レイバック」を発表,https://www.subaru.co.jp/news/2023_10_25_154428,○
2026-08-17T05:23:17,スバル,page,,SUBARU 「ソルテラ」改良モデルを発表,https://www.subaru.co.jp/news/2023_10_25_154547,○
2026-08-17T05:23:17,スバル,page,,SUBARU　フォレスター 特別仕様車 「X-EDITION」を発表,https://www.subaru.co.jp/news/2023_10_25_153648,○
2026-08-17T05:23:17,スバル,page,,SUBARU 「レヴォーグ」改良モデルを発表,https://www.subaru.co.jp/news/2023_10_25_154247,○
2026-08-17T05:23:17,スバル,page,,SUBARU　「WRX S4」改良モデルを発表,https://www.subaru.co.jp/news/2023_10_25_154032,○
2026-08-17T05:23:17,スバル,page,,「SUBARU BRZ」一部改良モデルを発表,https://www.subaru.co.jp/news/2023_09_22_135116,○
2026-08-17T05:23:17,スバル,page,,SUBARU　「レガシィ アウトバック」の改良モデルを発表,https://www.subaru.co.jp/news/2023_09_07_145107,○
2026-08-17T05:23:17,スバル,page,,SUBARU 「フォレスター」 一部改良モデルを発表,https://www.subaru.co.jp/news/2023_08_24_141135,○
2026-08-17T05:23:17,スバル,page,,SUBARU 新型SUV「LEVORG LAYBACK」ティザー画像を公開,https://www.subaru.co.jp/news/2023_08_03_151403,○
2026-08-17T05:23:17,スバル,page,,SUBARU 「レガシィ アウトバック」改良モデルの専用サイトを公開,https://www.subaru.co.jp/news/2023_07_20_102357,○
2026-08-17T05:23:17,スバル,page,,SUBARU レヴォーグ特別仕様車「Smart Edition」を発表,https://www.subaru.co.jp/news/2023_07_03_120245,○
2026-08-17T05:23:17,スバル,page,,SUBARU マニュアルトランスミッション車向け「アイサイト」を開発　今秋発表予定のSUBARU BRZ改良モデルに初採用,https://www.subaru.co.jp/news/2023_06_20_172015,○
2026-08-17T05:23:17,スバル,page,,SUBARU　新型「インプレッサ」の価格を発表,https://www.subaru.co.jp/news/2023_04_20_132329,○
2026-08-17T05:23:17,スバル,page,,SUBARU　新型「インプレッサ」 専用サイトを公開,https://www.subaru.co.jp/news/2023_02_16_172136,○
2026-08-17T05:23:17,スバル,page,,SUBARU　新型「インプレッサ」（日本仕様車・プロトタイプ）を初公開,https://www.subaru.co.jp/news/2023_01_13_170612,○
2026-08-17T05:23:17,スバル,page,,SUBARU　特別仕様車「レヴォーグSTI Sport♯」を発表,https://www.subaru.co.jp/news/2023_01_13_170507,○
2026-08-17T05:23:17,スバル,page,,SUBARU　フォレスター特別仕様車「XT-EDITION」を発表,https://www.subaru.co.jp/news/2022_12_22_114506,○
2026-08-17T05:23:17,スバル,page,,SUBARU　新型「クロストレック」の価格を発表,https://www.subaru.co.jp/news/2022_12_01_135725,○
2026-08-17T05:23:17,スバル,page,,SUBARU　「レヴォーグ」一部改良モデルを発表,https://www.subaru.co.jp/news/2022_11_24_164639,○
2026-08-17T05:23:17,スバル,page,,SUBARU　「WRX S4」一部改良モデルを発表,https://www.subaru.co.jp/news/2022_11_24_162559,○
2026-08-17T05:23:17,スバル,page,,SUBARU　新型「インプレッサ」 を世界初公開,https://www.subaru.co.jp/news/2022_11_18_165728,○
2026-08-17T05:23:17,スバル,page,,SUBARU　「シフォン」一部改良モデルを発表,https://www.subaru.co.jp/news/2022_10_13_183834,○
2026-08-17T05:23:17,スバル,page,,SUBARU　新型「CROSSTREK」 を世界初公開,https://www.subaru.co.jp/news/2022_09_15_150743,○
2026-08-17T05:23:17,スバル,page,,SUBARU　「レガシィ アウトバック」一部改良モデルを発表,https://www.subaru.co.jp/news/2022_09_08_111846,○
2026-08-17T05:23:17,スバル,page,,SUBARU BRZ特別仕様車「S “10th Anniversary Limited”」を発表,https://www.subaru.co.jp/news/2022_07_24_135715,○
2026-08-17T05:23:17,スバル,page,,「SUBARU BRZ」一部改良モデルを発表,https://www.subaru.co.jp/news/2022_05_26_151055,○
2026-08-17T05:23:17,スバル,page,,SUBARU 新型BEV「SOLTERRA」（日本仕様車）の価格を発表,https://www.subaru.co.jp/news/2022_04_14_093616,○
2026-08-17T05:23:17,スバル,page,,SUBARU　新型「サンバーバン」および「サンバートラック」大幅改良モデルを発表,https://www.subaru.co.jp/news/2022_01_13_124658,○
2026-08-17T05:23:17,スバル,page,,「SUBARU XV」 一部改良モデルを発表,https://www.subaru.co.jp/news/2021_12_16_172030,○
2026-08-17T05:23:17,スバル,page,,SUBARU 「インプレッサ」 一部改良モデルを発表,https://www.subaru.co.jp/news/2021_12_16_170623,○
2026-08-17T05:23:17,スバル,page,,SUBARU　新型「WRX S4」を発表,https://www.subaru.co.jp/news/2021_11_25_133325,○
2026-08-17T05:23:17,スバル,page,,SUBARU　「レヴォーグ」一部改良モデルを発表,https://www.subaru.co.jp/news/2021_11_25_133106,○
2026-08-17T05:23:17,スバル,page,,SUBARU　新型「レガシィ アウトバック」を発表,https://www.subaru.co.jp/press/news/2021_10_07_11214,○
2026-08-17T05:23:17,スバル,page,,SUBARU　「シフォン」一部改良モデルを発表,https://www.subaru.co.jp/news/2021_09_30_11088,○
2026-08-17T05:23:17,スバル,page,,SUBARU 新型「アウトバック」がユーロNCAPの2021年安全性能テストで最高評価「ファイブスター」を獲得,https://www.subaru.co.jp/press/news/2021_09_21_10971,○
2026-08-17T05:23:17,スバル,page,,SUBARU　新型「WRX」を世界初公開,https://www.subaru.co.jp/press/news/2021_09_10_10869,○
2026-08-17T05:23:17,スバル,page,,SUBARU　「ステラ」一部改良モデルを発表,https://www.subaru.co.jp/press/news/2021_09_09_10842,○
2026-08-17T05:23:17,スバル,page,,SUBARU　新型「レガシィ アウトバック」を初公開,https://www.subaru.co.jp/press/news/2021_09_02_10761,○
2026-08-17T05:23:17,スバル,page,,SUBARU「フォレスター」大幅改良モデルを発表,https://www.subaru.co.jp/press/news/2021_08_19_10617,○
2026-08-17T05:23:17,スバル,page,,新型「SUBARU BRZ」を発表,https://www.subaru.co.jp/press/news/2021_07_29_10329,○
2026-08-17T05:23:17,スバル,page,,SUBARU XV特別仕様車「2.0e-L EyeSight Smart Edition」を発表,https://www.subaru.co.jp/press/news/2021_06_17_9937,○
2026-08-17T05:23:17,スバル,page,,SUBARU　「フォレスター」大幅改良モデルを初公開,https://www.subaru.co.jp/press/news/2021_06_14_9929,○
2026-08-17T05:23:17,スバル,page,,SUBARU 2022年に発売する新型EVの名称を「SOLTERRA（ソルテラ）」に決定,https://www.subaru.co.jp/press/news/2021_05_11_9750,○
2026-08-17T05:23:17,スバル,page,,新型「SUBARU BRZ」（日本仕様）を公開,https://www.subaru.co.jp/press/news/2021_04_05_9684,○
2026-08-17T05:23:17,スバル,page,,TOYOTA GAZOO RacingとSUBARU、共同開発の新型車両を公開 「いっしょにいいクルマつくろう！トークセッション」 4月5日にオンラインにて合同開催,https://www.subaru.co.jp/press/news/2021_03_25_9636,○
2026-08-17T05:23:17,スバル,page,,SUBARU　「シフォン」一部改良モデルを発表,https://www.subaru.co.jp/press/news/2020_12_08_9332,○
2026-08-17T05:23:17,スバル,page,,SUBARU　新型「レヴォーグ」が「2020–2021日本カー・オブ・ザ・イヤー」を受賞,https://www.subaru.co.jp/press/news/2020_12_07_9322,○
2026-08-17T05:23:17,スバル,page,,SUBARU　「プレオ プラス」一部改良モデルを発表,https://www.subaru.co.jp/press/news/2020_12_01_9307,○
2026-08-17T05:23:17,スバル,page,,新型「SUBARU BRZ」を世界初公開,https://www.subaru.co.jp/press/news/2020_11_18_9247,○
2026-08-17T05:23:17,スバル,page,,SUBARU　「フォレスター」改良モデルを発表,https://www.subaru.co.jp/press/news/2020_10_22_9106,○
2026-08-17T05:23:17,スバル,page,,SUBARU　新型「レヴォーグ」を発表,https://www.subaru.co.jp/press/news/2020_10_15_9094,○
2026-08-17T05:23:17,スバル,page,,SUBARU　新型「レヴォーグ」TVCMを放映開始,https://www.subaru.co.jp/press/news/2020_10_15_9084,○
2026-08-17T05:23:17,スバル,page,,SUBARU　「インプレッサ」一部改良モデルを発表,https://www.subaru.co.jp/press/news/2020_10_08_9060,○
2026-08-17T05:23:17,スバル,page,,SUBARU　「ジャスティ」一部改良モデルを発売,https://www.subaru.co.jp/press/news/2020_09_24_9025,○
2026-08-17T05:23:17,スバル,page,,SUBARU　「インプレッサ」一部改良モデルの先行予約を開始,https://www.subaru.co.jp/press/news/2020_09_17_9015,○
2026-08-17T05:23:17,スバル,page,,「SUBARU XV」大幅改良モデルを発表,https://www.subaru.co.jp/press/news/2020_09_04_9004,○
2026-08-17T05:23:17,スバル,page,,SUBARU　「サンバートラック」「サンバーバン」一部改良モデルを発売,https://www.subaru.co.jp/press/news/2020_09_03_8997,○
2026-08-17T05:23:17,スバル,page,,SUBARU　「ステラ」一部改良モデルを発売,https://www.subaru.co.jp/press/news/2020_08_27_8948,○
2026-08-17T05:23:17,スバル,page,,SUBARU　新型「レヴォーグ」先行予約を開始,https://www.subaru.co.jp/press/news/2020_08_20_8925,○
2026-08-17T05:23:17,スバル,page,,SUBARU フォレスター特別仕様車「X-Edition」を発表,https://www.subaru.co.jp/press/news/2019_11_26_8061,○
2026-08-17T05:23:17,スバル,page,,SUBARU レヴォーグ 特別仕様車「2.0GT EyeSight V-SPORT」を発表,https://www.subaru.co.jp/press/news/2019_11_07_7993,○
2026-08-17T05:23:17,スバル,page,,SUBARU　「サンバーバン」「ディアスワゴン」一部改良モデルを発売,https://www.subaru.co.jp/press/news/2019_11_07_7954,○
2026-08-17T05:23:17,スバル,page,,WRX STI 特別仕様車「EJ20 Final Edition」プロトタイプを公開,https://www.subaru.co.jp/press/news/2019_10_23_7915,○
2026-08-17T05:23:17,スバル,page,,SUBARU　「サンバートラック」一部改良モデルを発売,https://www.subaru.co.jp/press/news/2019_10_17_7903,○
2026-08-17T05:23:17,スバル,page,,SUBARU　「インプレッサ」大幅改良モデルを発表,https://www.subaru.co.jp/press/news/2019_10_10_7806,○
2026-08-17T05:23:17,スバル,page,,「SUBARU XV」改良モデルを発表,https://www.subaru.co.jp/press/news/2019_10_10_7797,○
2026-08-17T05:23:17,スバル,page,,SUBARU　「レガシィ　アウトバック／B4」一部改良モデルを発表,https://www.subaru.co.jp/press/news/2019_09_03_7643,○
2026-08-17T05:23:17,スバル,page,,SUBARU 「インプレッサ」大幅改良モデル　専用サイトで事前情報を公開,https://www.subaru.co.jp/press/news/2019_08_27_7620,○
2026-08-17T05:23:17,スバル,page,,SUBARU 新型「レガシィ」・「アウトバック」の米国生産を開始,https://www.subaru.co.jp/press/news/2019_07_30_7538,○
2026-08-17T05:23:17,スバル,page,,SUBARU　新型「シフォン」を発表,https://www.subaru.co.jp/press/news/2019_07_16_7510,○
2026-08-17T05:23:17,スバル,page,,SUBARU　「フォレスター」一部改良モデルを発表,https://www.subaru.co.jp/press/news/2019_06_10_7347,○
2026-08-17T05:23:17,スバル,page,,SUBARU 「WRX S4/STI」改良モデルを発表,https://www.subaru.co.jp/press/news/2019_05_14_7217,○
2026-08-17T05:23:17,スバル,page,,SUBARU「レヴォーグ」改良モデルを発表,https://www.subaru.co.jp/press/news/2019_05_07_7176,○
2026-08-17T05:23:17,スバル,page,,SUBARU 新型「アウトバック」を世界初公開,https://www.subaru.co.jp/press/news/2019_04_18_7137,○
2026-08-17T05:23:17,スバル,page,,「SUBARU BRZ」改良モデルを発表,https://www.subaru.co.jp/press/news/2019_04_09_7079,○
2026-08-17T05:23:17,スバル,page,,SUBARU 「サンバーバン」を一部改良し発売,https://www.subaru.co.jp/press/news/2018_12_17_6660,○
2026-08-17T05:23:17,スバル,page,,SUBARU シフォン特別仕様車「G Special Sport スマートアシスト」を発売,https://www.subaru.co.jp/press/news/2018_12_10_6623,○
2026-08-17T05:23:17,スバル,page,,SUBARU　新型フォレスターがJNCAP予防安全性能アセスメントで 最高ランク（ASV+++）を獲得,https://www.subaru.co.jp/press/news/2018_11_29_6581,○
2026-08-17T05:23:17,スバル,page,,SUBARU　レヴォーグ特別仕様車「1.6GT EyeSight V-SPORT」を発表,https://www.subaru.co.jp/press/news/2018_11_27_6561,○
2026-08-17T05:23:17,スバル,page,,SUBARU 「ジャスティ」「ジャスティカスタム」改良モデルを発売,https://www.subaru.co.jp/press/news/2018_11_08_6515,○
2026-08-17T05:23:17,スバル,page,,SUBARU 新型「フォレスター」が2018年度グッドデザイン賞を受賞,https://www.subaru.co.jp/press/news/2018_10_15_6401,○
2026-08-17T05:23:17,スバル,page,,「SUBARU XV」改良モデルを発表,https://www.subaru.co.jp/press/news/2018_10_11_6378,○
2026-08-17T05:23:17,スバル,page,,「インプレッサ」改良モデルを発表,https://www.subaru.co.jp/press/news/2018_10_11_6377,○
2026-08-17T05:23:17,スバル,page,,新型「フォレスター」の受注が好調,https://www.subaru.co.jp/press/news/2018_09_14_6250,○
2026-08-17T05:23:17,スバル,page,,「SUBARU BRZ」改良モデルを発表,https://www.subaru.co.jp/press/news/2018_09_11_6224,○
2026-08-17T05:23:17,スバル,page,,SUBARU　「レガシィ　アウトバック／B4」改良モデルを発表,https://www.subaru.co.jp/press/news/2018_09_10_6216,○
2026-08-17T05:23:17,スバル,page,,SUBARU　WRX STI 特別仕様車 「TYPE RA-R」を500台限定発売,https://www.subaru.co.jp/press/news/2018_07_19_6099,○
2026-08-17T05:23:17,スバル,page,,新型「フォレスター」を発表,https://www.subaru.co.jp/press/news/2018_06_20_5987,○
2026-08-17T05:23:17,スバル,page,,新型「フォレスター」 TVCM放送開始,https://www.subaru.co.jp/press/news/2018_06_20_5981,○
2026-08-17T05:23:17,スバル,page,,新型「フォレスター」 先行予約を開始,https://www.subaru.co.jp/press/news/2018_05_18_5842,○
2026-08-17T05:23:17,スバル,page,,新型フォレスターを恵比寿ショールームで先行展示,https://www.subaru.co.jp/press/news/2018_05_18_5851,○
2026-08-17T05:23:17,スバル,page,,「サンバートラック」改良モデルを発売,https://www.subaru.co.jp/press/news/2018_05_14_5824,○
2026-08-17T05:23:17,スバル,page,,SUBARU 新型3列SUV「ASCENT（アセント）」の米国生産を開始,https://www.subaru.co.jp/press/news/2018_05_08_5758,○
2026-08-17T05:23:17,スバル,page,,「レヴォーグ」改良モデルを発表,https://www.subaru.co.jp/press/news/2018_04_27_5691,○
2026-08-17T05:23:17,スバル,page,,「WRX STI/S4」改良モデルを発表,https://www.subaru.co.jp/press/news/2018_04_27_5690,○
2026-08-17T05:23:17,スバル,page,,インプレッサSPORT/G4 特別仕様車「1.6i-L EyeSight S-style」発表,https://www.subaru.co.jp/press/news/2018_02_26_5415,○
2026-08-17T05:23:17,スバル,page,,「シフォン」「シフォンカスタム」改良モデルを発売,https://www.subaru.co.jp/press/news/2017_12_18_5218,○
2026-08-17T05:23:17,スバル,page,,SUBARU 北米市場専用新型3列SUV「ASCENT（アセント）」を世界初公開,https://www.subaru.co.jp/press/news/2017_11_29_5102,○
2026-08-17T05:23:17,スバル,page,,「サンバーバン」「ディアスワゴン」改良モデルを発売,https://www.subaru.co.jp/press/news/2017_11_13_5062,○
2026-08-17T05:23:17,スバル,page,,WRX STI 特別仕様車 「S208」を450台限定発売,https://www.subaru.co.jp/press/news/2017_10_25_4932,○
2026-08-17T05:23:17,スバル,page,,「インプレッサ」改良モデルを発表,https://www.subaru.co.jp/press/news/2017_09_11_4711,○
2026-08-17T05:23:17,スバル,page,,「SUBARU BRZ」改良モデルを発表,https://www.subaru.co.jp/press/news/2017_09_11_4703,○
2026-08-17T05:23:17,スバル,page,,「レガシィ　アウトバック／B4」大幅改良モデルを発表,https://www.subaru.co.jp/press/news/2017_09_04_4680,○
2026-08-17T05:23:17,スバル,page,,新型「レヴォーグ」・「WRX S4」の受注状況について,https://www.subaru.co.jp/press/news/2017_08_07_4588,○
2026-08-17T05:23:17,スバル,page,,「ステラ」「ステラカスタム」大幅改良モデルを発売,https://www.subaru.co.jp/press/news/2017_08_01_4543,○
2026-08-17T05:23:17,スバル,page,,特別仕様車　フォレスター「Smart Edition」を発表,https://www.subaru.co.jp/press/news/2017_07_25_4517,○
2026-08-17T05:23:17,スバル,page,,「レヴォーグ」大幅改良モデルを発表,https://www.subaru.co.jp/press/news/2017_07_03_4414,○
2026-08-17T05:23:17,スバル,page,,「WRX S4」大幅改良モデルを発表,https://www.subaru.co.jp/press/news/2017_07_03_4413,○
2026-08-17T05:23:17,スバル,page,,新型「SUBARU XV」の受注状況について,https://www.subaru.co.jp/press/news/2017_06_29_4403,○
2026-08-17T05:23:17,スバル,page,,新型「レヴォーグ」「WRX S4」を本年夏に発表  ～進化したアイサイトを搭載し運転負荷を大幅に軽減～,https://www.subaru.co.jp/press/news/2017_06_05_4245,○
2026-08-17T05:23:17,スバル,page,,「WRX STI」大幅改良モデルを発表,https://www.subaru.co.jp/press/news/2017_05_24_4173,○
2026-08-17T05:23:17,スバル,page,,SUBARU　新型「プレオ プラス」を発売,https://www.subaru.co.jp/press/news/2017_05_09_4065,○
2026-08-17T05:23:17,スバル,page,,新型「SUBARU XV」を発表 ～2016年度自動車アセスメント「衝突安全性能評価大賞」を受賞～,https://www.subaru.co.jp/press/news/2017_04_06_3925,○
2026-08-17T05:23:17,スバル,page,,スバル　フォレスター　改良モデルを発表,https://www.subaru.co.jp/press/news/2017_03_13_3786,○
2026-08-17T05:23:17,スバル,page,,スバル　CROSSOVER7　改良モデルを発表,https://www.subaru.co.jp/press/news/2017_03_13_3778,○
2026-08-17T05:23:17,スバル,page,,スバル 新型「SUBARU XV」 先行予約を開始,https://www.subaru.co.jp/press/news/2017_03_08_3771,○
2026-08-17T05:23:17,スバル,page,,スバル 新型「シフォン」を発売 ～衝突回避支援システム「スマートアシストⅢ」を全車標準装備～,https://www.subaru.co.jp/press/news/2016_12_13_3372,○
2026-08-17T05:23:17,スバル,page,,スバル 新型インプレッサSPORT/G4が「2016–2017日本カー・オブ・ザ・イヤー」を受賞 ～ 2003年 レガシィ以来 13年ぶり2度目の受賞 ～,https://www.subaru.co.jp/press/news/2016_12_09_3359,○
2026-08-17T05:23:17,スバル,page,,スバル「アイサイト」を搭載する新型インプレッサ、レガシィ、フォレスター、レヴォーグ/WRX S4が 2016年度予防安全性能アセスメントで最高ランクを獲得,https://www.subaru.co.jp/press/news/2016_12_01_3315,○
2026-08-17T05:23:17,スバル,page,,スバル　新型「インプレッサ」 1.6Lエンジン搭載グレードを発売 ～11月28日よりTVCM「愛で選ぶクルマ」クリスマス特別篇を放送開始～,https://www.subaru.co.jp/press/news/2016_11_28_3297,○
2026-08-17T05:23:17,スバル,page,,スバル　新型「インプレッサ」の受注状況について,https://www.subaru.co.jp/press/news/2016_11_15_3206,○
2026-08-17T05:23:17,スバル,page,,スバル 新型「ジャスティ」を発表 ～衝突回避支援システム「スマートアシストⅡ」を全車標準装備～,https://www.subaru.co.jp/press/news/2016_11_09_3171,○
2026-08-17T05:23:17,スバル,page,,"スバル 新型「インプレッサ」を発表 ～先行予約期間に約6,000台のご予約～",https://www.subaru.co.jp/press/news/2016_10_13_3045,○
2026-08-17T05:23:17,スバル,page,,スバル　特別仕様車「WRX S4 tS」を期間限定発売,https://www.subaru.co.jp/press/news/2016_10_04_2981,○
2026-08-17T05:23:17,スバル,page,,スバル　特別仕様車　フォレスター 「Style Modern」を発売 ～BOXERエンジン50周年特別記念車の第六弾～,https://www.subaru.co.jp/press/news/2016_10_03_2972,○
2026-08-17T05:23:17,スバル,page,,スバル　特別仕様車　CROSSOVER 7 「Active Style」を発売 ～BOXERエンジン50周年特別記念車の第五弾～,https://www.subaru.co.jp/press/news/2016_10_03_2971,○
2026-08-17T05:23:17,スバル,page,,スバル　特別仕様車　レヴォーグ 「1.6GT EyeSight Smart Edition」を発表 ～BOXERエンジン50周年特別記念車の第四弾～,https://www.subaru.co.jp/press/news/2016_10_03_2964,○
2026-08-17T05:23:17,スバル,page,,スバル 新型「インプレッサ」 TVCM放送開始 ～TVCM楽曲にDREAMS COME TRUEの「LOVE LOVE LOVE」を採用～,https://www.subaru.co.jp/press/news/2016_09_21_2902,○
2026-08-17T05:23:17,スバル,page,,スバル　特別仕様車「SUBARU XV HYBRID tS」を発表 ～SUBARUトレイルジャム in Mt.FUJIにて特別展示～,https://www.subaru.co.jp/press/news/2016_09_20_2889,○
2026-08-17T05:23:17,スバル,page,,スバル　レガシィ　アウトバック/B4 を改良,https://www.subaru.co.jp/press/news/2016_09_08_2845,○
2026-08-17T05:23:17,スバル,page,,スバル　特別仕様車「LEGACY B4 SporVita」を300台限定発売 ～イタリアの老舗革製品サプライヤーMARIO LEVI社とのコラボレーション第二弾～,https://www.subaru.co.jp/press/news/2016_09_08_2853,○
2026-08-17T05:23:17,スバル,page,,スバル　特別仕様車　「LEGACY OUTBACK X-ADVANCE」を発表 ～BOXERエンジン50周年特別記念車の第三弾～,https://www.subaru.co.jp/press/news/2016_09_08_2849,○
2026-08-17T05:23:17,スバル,page,,スバル 新型「インプレッサ」 先行予約を開始 ～国産初の歩行者保護エアバッグと7つの乗員保護エアバッグを全車標準装備～,https://www.subaru.co.jp/press/news/2016_09_01_2835,○
2026-08-17T05:23:17,スバル,page,,"スバル　レヴォーグ「STI Sport」の受注状況について ～ 発売1ヶ月で3,000台超え、レヴォーグ全体の4割を占める受注、好調なスタート ～",https://www.subaru.co.jp/press/news/2016_08_23_2800,○
2026-08-17T05:23:17,スバル,page,,スバル　特別仕様車「SUBARU XV HYBRID tS」先行予約を開始,https://www.subaru.co.jp/press/news/2016_07_28_2643,○
2026-08-17T05:23:17,スバル,page,,スバル 新型「インプレッサ」（国内仕様車）を公開  ～　スバル初の歩行者保護エアバッグと、アイサイト(ver.3)を全車に標準装備 ～,https://www.subaru.co.jp/press/news/2016_07_26_2626,○
2026-08-17T05:23:17,スバル,page,,スバル　特別仕様車　「フォレスター Brown Leather Selection」を発表,https://www.subaru.co.jp/press/news/2016_07_11_2595,○
2026-08-17T05:23:17,スバル,page,,スバル 「SUBARU BRZ」の大幅改良モデルを発表 ～2016年秋に走りのポテンシャルを高めた最上級グレードを追加予定～,https://www.subaru.co.jp/press/news/2016_07_05_2584,○
2026-08-17T05:23:17,スバル,page,,スバル ステラを改良　～ステラカスタムに新グレード追加～,https://www.subaru.co.jp/press/news/2016_06_21_2513,○
2026-08-17T05:23:17,スバル,page,,スバル　特別仕様車　「SUBARU XV 2.0i EyeSight Proud Edition」を発表 ～BOXERエンジン50周年特別記念車の第一弾～,https://www.subaru.co.jp/press/news/2016_05_10_2271,○
2026-08-17T05:23:17,スバル,page,,スバル　WRX S4／STIを改良,https://www.subaru.co.jp/press/news/2016_04_11_2174,○
2026-08-17T05:23:17,スバル,page,,スバル　レヴォーグを改良 ～2016年夏にSTIブランドの新グレード追加予定～,https://www.subaru.co.jp/press/news/2016_04_11_2166,○
2026-08-17T05:23:17,スバル,page,,スバル　特別仕様車　「CROSSOVER 7　Modern Style」を発表 ～お洒落なインテリアにダークブラウン色の新たな仕様を追加～,https://www.subaru.co.jp/press/news/2015_12_10_1559,○
2026-08-17T05:23:17,スバル,page,,スバル　特別仕様車　「レガシィ　アウトバック　Limited　Smart Edition」を発表,https://www.subaru.co.jp/press/news/2015_12_10_1567,○
2026-08-17T05:23:17,スバル,page,,スバル　特別仕様車　「レヴォーグ　1.6GT EyeSight S-style」を発売,https://www.subaru.co.jp/press/news/2015_12_10_1566,○
2026-08-17T05:23:17,スバル,page,,スバル フォレスター 大幅改良モデルを発売,https://www.subaru.co.jp/press/news/2015_10_28_1311,○
2026-08-17T05:23:17,スバル,page,,スバルWRX STI 特別仕様車「 S207」を400台限定発売,https://www.subaru.co.jp/press/news/2015_10_28_1327,○
2026-08-17T05:23:17,スバル,page,,スバル 特別仕様車 WRX S4 SporVitaを500台限定発売 ～イタリアの老舗皮革製品サプライヤー MARIO LEVI社とのコラボレーションモデル～,https://www.subaru.co.jp/press/news/2015_10_28_1364,○
2026-08-17T05:23:17,スバル,page,,SUBARU XV／SUBARU XV HYBRID 大幅改良モデルを発売,https://www.subaru.co.jp/press/news/2015_10_28_1319,○
2026-08-17T05:23:17,スバル,page,,スバル　フォレスター　大幅改良モデルを公開 ～アイサイト（ver.3）や新開発ヘッドランプ機能など、先進安全装備を採用～,https://www.subaru.co.jp/press/news/2015_10_06_1165,○
2026-08-17T05:23:17,スバル,page,,SUBARU XV / SUBARU XV HYBRID　大幅改良モデルを公開 ～先進安全装備「アドバンスドセイフティパッケージ」を採用～,https://www.subaru.co.jp/press/news/2015_10_06_1172,○
2026-08-17T05:23:17,スバル,page,,スバル　インプレッサ　SPORT／G4を改良 ～1.6Lモデルにアイサイト（ver.3）を設定～,https://www.subaru.co.jp/press/news/2015_10_06_1176,○
2026-08-17T05:23:17,スバル,page,,スバル　レガシィ　アウトバック／B4を改良 ～アドバンスドセイフティパッケージを標準装備～,https://www.subaru.co.jp/press/news/2015_09_10_1014,○
2026-08-17T05:23:17,スバル,page,,「SUBARU BRZ tS」を300台限定発売,https://www.subaru.co.jp/press/news/2015_06_30_11,○
2026-08-17T05:23:17,スバル,page,,スバル WRX S4／STIを改良,https://www.subaru.co.jp/press/news/2015_06_30_50,○
2026-08-17T05:23:17,スバル,page,,スバル　特別仕様車 「Proud Edition」シリーズをレヴォーグに設定し発売,https://www.subaru.co.jp/press/news/2015_06_01_65,○
2026-08-17T05:23:17,スバル,page,,スバル ステラを改良,https://www.subaru.co.jp/press/news/2015_05_20_72,○
2026-08-17T05:23:17,スバル,page,,特別仕様車 スバル プレオ プラス「Black Edition」を発売,https://www.subaru.co.jp/press/news/2015_04_22_113,○
2026-08-17T05:23:17,スバル,page,,スバル　新型　「CROSSOVER 7（クロスオーバーセブン）」を発売,https://www.subaru.co.jp/press/news/2015_04_16_120,○
2026-08-17T05:23:17,スバル,page,,スバル　レヴォーグを改良,https://www.subaru.co.jp/press/news/2015_04_16_125,○
2026-08-17T05:23:17,スバル,page,,スバル　特別仕様車「Proud Edition」シリーズを発表～アイサイト搭載車の予防安全性能アセスメント最高ランク獲得を記念～,https://www.subaru.co.jp/press/news/2015_04_14_129,○
2026-08-17T05:23:17,スバル,page,,スバル プレオ プラスを改良,https://www.subaru.co.jp/press/news/2015_04_08_135,○
2026-08-17T05:23:17,スバル,page,,スバル 「サンバーバン」および「ディアスワゴン」を改良,https://www.subaru.co.jp/press/news/2015_04_03_139,○
2026-08-17T05:23:17,スバル,page,,SUBARU BRZを改良,https://www.subaru.co.jp/press/news/2015_02_10_161,○
2026-08-17T05:23:21,ダイハツ,page,,DAIHATSU,https://www.daihatsu.co.jp/top.htm,
2026-08-17T05:23:21,ダイハツ,page,,MY DAIHATSU,https://www.daihatsu.co.jp/mydaihatsu/index.htm,
2026-08-17T05:23:21,ダイハツ,page,,事業概要（国内・海外）,https://www.daihatsu.com/jp/company/business/index.html,
2026-08-17T05:23:21,ダイハツ,page,,データで見るダイハツ,https://www.daihatsu.com/jp/company/data/index.html,
2026-08-17T05:23:21,ダイハツ,page,,施設見学・体験教室,https://www.daihatsu.com/jp/company/facilities/index.html,
2026-08-17T05:23:21,ダイハツ,page,,モノづくり・コトづくり,https://www.daihatsu.com/jp/car_information/index.html,
2026-08-17T05:23:21,ダイハツ,page,,ダイハツのモノづくり,https://www.daihatsu.com/jp/car_information/monodukuri/index.html,
2026-08-17T05:23:21,ダイハツ,page,,ダイハツのコトづくり,https://www.daihatsu.com/jp/car_information/kotodukuri/index.html,
2026-08-17T05:23:21,ダイハツ,page,,品質保証の取組み,https://www.daihatsu.com/jp/csr/social/warranty.html,
2026-08-17T05:23:21,ダイハツ,page,,持続可能な社会へ（サステナビリティの取組み）,https://www.daihatsu.com/jp/csr/index.html,
2026-08-17T05:23:21,ダイハツ,page,,サステナビリティトップメッセージ,https://www.daihatsu.com/jp/csr/message/topmessage.html,
2026-08-17T05:23:21,ダイハツ,page,,ダイハツのサステナビリティ,https://www.daihatsu.com/jp/csr/sustainability/index.html,
2026-08-17T05:23:21,ダイハツ,page,,サステナビリティストーリーズ,https://www.daihatsu.com/jp/csr/stories/stories.html,
2026-08-17T05:23:21,ダイハツ,page,,健康経営への取組み,https://www.daihatsu.com/jp/csr/social/workplace.html#health,
2026-08-17T05:23:21,ダイハツ,page,,再発防止のための「三つの誓い」,https://www.daihatsu.com/jp/three_pledges/index.htm,
2026-08-17T05:23:21,ダイハツ,page,,ニュースリリース,https://www.daihatsu.com/jp/news/index.html,
2026-08-17T05:23:21,ダイハツ,page,,"2026/08/07
お知らせ
その他
「令和8年熊本地震」への支援について",https://www.daihatsu.com/jp/news/2026/20260807-1.html,
2026-08-17T05:23:21,ダイハツ,page,,"2026/08/03
製品・技術
サービス
「福祉介護・共同送迎サービス『ゴイッショ』」の正式運行が大阪市阿倍野区で開始～ゴイッショとして全国３例目となる本格運行～",https://www.daihatsu.com/jp/news/2026/20260803-1.html,
2026-08-17T05:23:21,ダイハツ,page,,"2026/07/30
経営
実績
2026年6月および1-6月　生産･販売･輸出実績",https://www.daihatsu.com/jp/news/2026/20260730-3.html,
2026-08-17T05:23:21,ダイハツ,page,,"2026/07/30
経営
人事
役員人事について",https://www.daihatsu.com/jp/news/2026/20260730-1.html,
2026-08-17T05:23:21,ダイハツ,page,,"2026/07/29
イベント・トピックス
海外
車（モデル）
ダイハツ、ガイキンド インドネシア国際オートショー2026に出展",https://www.daihatsu.com/jp/news/2026/20260729-3.html,
2026-08-17T05:23:21,ダイハツ,page,,"2026/07/29
製品・技術
車（モデル）
軽乗用車「ムーヴ キャンバス」、「ムーヴ」を一部改良するとともに、「ムーヴ キャンバス」に世界観を広げる特別仕様車を設定",https://www.daihatsu.com/jp/news/2026/20260729-1.html,○
2026-08-17T05:23:21,ダイハツ,page,,"2026/07/15
製品・技術
車（モデル）
軽クロスオーバー「タフト」を一部改良するとともに、レジャー要素を強めた２種類の特別仕様車を設定",https://www.daihatsu.com/jp/news/2026/20260715-1.html,○
2026-08-17T05:23:21,ダイハツ,page,,"2026/07/10
お知らせ
イベント・トピックス
車（モデル）
【お知らせ】お客様への感謝を込めたファイナルセレモニー　「コペン」スペシャルイベント　第三弾「OPEN FUTURE DAY」を8月31日（月）に開催",https://www.daihatsu.com/jp/news/2026/20260710-1.html,
2026-08-17T05:23:21,ダイハツ,page,,"2026/07/02
製品・技術
サービス
「福祉介護・共同送迎サービス『ゴイッショ』」の実証実験を大阪府豊中市で開始～通所介護施設同士の「互助」で支える新モデルを構築～",https://www.daihatsu.com/jp/news/2026/20260702-1.html,
2026-08-17T05:23:21,ダイハツ,page,,"2026/06/30
製品・技術
テクノロジー
鉄道を活用した「紙」と「自動車」の異業種ラウンドマッチング輸送が 「第１回 日本物流大賞」において「モーダルシフト賞」を受賞",https://www.daihatsu.com/jp/news/2026/20260630-1.html,
2026-08-17T05:23:21,ダイハツ,page,,"2026/06/29
経営
実績
2026年5月 生産･販売･輸出実績",https://www.daihatsu.com/jp/news/2026/20260629-1.html,
2026-08-17T05:23:21,ダイハツ,page,,"2026/06/22
製品・技術
テクノロジー
現場主導のDX推進の取り組みとして、 AIを用いた自動車部品の品質検査を滋賀（竜王）工場に導入～VRAIN Solutionとシステムを共同開発～",https://www.daihatsu.com/jp/news/2026/20260622-1.html,
2026-08-17T05:23:21,ダイハツ,page,,"2026/06/12
製品・技術
サービス
ダイハツ、「らくぴた送迎」を認知症高齢者向け小規模施設へ導入～長谷工グループ 株式会社ふるさとと利用契約を締結～",https://www.daihatsu.com/jp/news/2026/20260612-1.html,
2026-08-17T05:23:21,ダイハツ,page,,"2026/06/10
お知らせ
イベント・トピックス
車（モデル）
【お知らせ】お客様への感謝を込めた「コペン」スペシャルイベント「Keep it OPEN」第二弾「OPEN BIRTH DAY」を6月19日(金)YouTube Liveで開催",https://www.daihatsu.com/jp/news/2026/copy_of_20260610-1.html,
2026-08-17T05:23:21,ダイハツ,page,,"2026/06/04
製品・技術
車（モデル）
ダイハツ、軽商用車「ハイゼット カーゴ」、「アトレー」を一部改良し、安全性を向上",https://www.daihatsu.com/jp/news/2026/20260604-1.html,○
2026-08-17T05:23:21,ダイハツ,page,,"2026/05/28
経営
実績
2026年4月　生産･販売･輸出実績",https://www.daihatsu.com/jp/news/2026/20260528-1.html,
2026-08-17T05:23:21,ダイハツ,page,,"2026/05/22
お知らせ
イベント・トピックス
モータースポーツ
【お知らせ】FIA 世界ラリー選手権（WRC）第7戦 フォーラムエイト・ラリージャパン2026参戦のお知らせ",https://www.daihatsu.com/jp/news/2026/20260522-1.html,
2026-08-17T05:23:21,ダイハツ,page,,"2026/05/20
お知らせ
イベント・トピックス
イベント
【お知らせ】「人とクルマのテクノロジー展2026」（横浜・名古屋）に出展",https://www.daihatsu.com/jp/news/2026/20260520-1.html,
2026-08-17T05:23:21,ダイハツ,page,,"2026/05/14
製品・技術
海外
車（モデル）
「令和６年度補正グローバルサウス未来志向型共創等事業費補助金 （大型実証ASEAN加盟国）」に採択～マレーシアでハイブリッド車の現地生産・販売実証事業を推進～",https://www.daihatsu.com/jp/news/2026/20260514-1.html,
2026-08-17T05:23:21,ダイハツ,page,,"2026/05/08
経営
経営方針・戦略
サービス
自動車整備をサポートする「点検結果音声入力システム」を大幅にリニューアルし、新機能を追加",https://www.daihatsu.com/jp/news/2026/20260508-1.html,
2026-08-17T05:23:21,ダイハツ,page,,"2026/04/28
経営
人事
役員人事について",https://www.daihatsu.com/jp/news/2026/20260428-1.html,
2026-08-17T05:23:21,ダイハツ,page,,"2026/04/27
経営
実績
2026年3月および2025年度　生産･販売･輸出実績",https://www.daihatsu.com/jp/news/2026/20260427-1.html,
2026-08-17T05:23:21,ダイハツ,page,,"2026/04/03
イベント・トピックス
イベント
車（モデル）
総合福祉展「バリアフリー2026」に軽福祉車両や福祉介護におけるモビリティサービスを出展",https://www.daihatsu.com/jp/news/2026/20260403-1.html,
2026-08-17T05:23:21,ダイハツ,page,,"2026/04/01
イベント・トピックス
ダイハツ、ユニフォームを25年ぶりにリニューアル",https://www.daihatsu.com/jp/news/2026/20260401-3.html,
2026-08-17T05:23:21,ダイハツ,page,,"2026/04/01
製品・技術
サービス
香川県三豊市の福祉介護・共同送迎サービス 「ゴイッショみとよ」において異業種事業者の共同送迎を開始",https://www.daihatsu.com/jp/news/2026/20260401-1.html,
2026-08-17T05:23:21,ダイハツ,page,,"2026/03/30
経営
実績
2026年2月　生産･販売･輸出実績",https://www.daihatsu.com/jp/news/2026/20260330-1.html,
2026-08-17T05:23:21,ダイハツ,page,,"2026/03/25
お知らせ
製品・技術
サービス
【お知らせ】ダイハツ「福祉介護・共同送迎サービス『ゴイッショ』」が「日本のサービスイノベーション2025」に選定",https://www.daihatsu.com/jp/news/2026/20260325-1.html,
2026-08-17T05:23:21,ダイハツ,page,,"2026/03/19
イベント・トピックス
モータースポーツ
JAFモータースポーツジャパン 2026 in 横浜に 「ミラ イース tuned by D-SPORT Racing K4-GP 7時間耐久レース参戦車両」を出展",https://www.daihatsu.com/jp/news/2026/20260319-3.html,
2026-08-17T05:23:21,ダイハツ,page,,"2026/03/19
製品・技術
車（モデル）
ダイハツ、軽商用車「ハイゼット トラック」を一部改良し、安全性を向上",https://www.daihatsu.com/jp/news/2026/20260319-1.html,○
2026-08-17T05:23:21,ダイハツ,page,,"2026/03/06
イベント・トピックス
イベント
車（モデル）
お客様への感謝を込めた「コペン」スペシャルイベント「Keep it OPEN」第一弾「OPEN DRIVE DAY」を5月16日(土)富士スピードウェイにて開催",https://www.daihatsu.com/jp/news/2026/20260306-1.html,
2026-08-17T05:23:21,ダイハツ,page,,"2026/03/02
製品・技術
サービス
SDGs・CSR・環境
兵庫県川西市において福祉介護・共同送迎サービス「ゴイッショ」の実証実験を実施",https://www.daihatsu.com/jp/news/2026/20260302-1.html,
2026-08-17T05:23:21,ダイハツ,page,,"2026/02/26
経営
実績
2026年1月　生産･販売･輸出実績",https://www.daihatsu.com/jp/news/2026/20260226-1.html,
2026-08-17T05:23:21,ダイハツ,page,,"2026/02/13
お知らせ
製品・技術
サービス
【お知らせ】厚生労働省主催「介護現場における生産性向上推進フォーラム2025」に福祉介護・送迎支援システム『らくぴた送迎』を出展",https://www.daihatsu.com/jp/news/2026/20260213-1.html,
2026-08-17T05:23:21,ダイハツ,page,,"2026/02/02
製品・技術
車（モデル）
ダイハツ、初の量産BEVとなる「e-ハイゼット カーゴ」、「e-アトレー」を発売",https://www.daihatsu.com/jp/news/2026/20260202-1.html,○
2026-08-17T05:23:21,ダイハツ,page,,"2026/01/29
経営
実績
2025年12月および1-12月　生産･販売･輸出実績",https://www.daihatsu.com/jp/news/2026/20260129-1.html,
2026-08-17T05:23:21,ダイハツ,page,,"2026/01/09
イベント・トピックス
モータースポーツ
D-SPORT Racing Team 2026年体制のお知らせ",https://www.daihatsu.com/jp/news/2026/20260109-3.html,
2026-08-17T05:23:21,ダイハツ,page,,"2026/01/09
イベント・トピックス
イベント
車（モデル）
東京オートサロン2026 初公開の「K-OPENランニングプロト2」を含むモータースポーツ車両を追加公開",https://www.daihatsu.com/jp/news/2026/20260109-1.html,
2026-08-17T05:23:21,ダイハツ,page,,JAPAN MOBILITY SHOW 2025,https://www.daihatsu.co.jp/learning/event/japan_ms2025/?utm_source=press_release&utm_medium=pr&utm_campaign=jms&_gl=1*asq6gu*_ga*MjAwMjg1OTkyMi4xNzUwOTI0OTY0*_ga_ZLVTYZQHWE*czE3NjI4MjM0NDIkbzEyODgkZzEkdDE3NjI4MjQ0MjEkajUyJGwwJGgw,
2026-08-17T05:23:21,ダイハツ,page,,ダイハツONE!,https://www.daihatsu.com/jp/one/,
2026-08-17T05:23:21,ダイハツ,page,,DAIHATSU GAZOO Racing,https://www.daihatsu.com/jp/dgr/index.html,
2026-08-17T05:23:21,ダイハツ,page,,サステナビリティの取組み,https://www.daihatsu.com/jp/csr/index.html,
2026-08-17T05:23:21,ダイハツ,page,,Nibako特設サイト,https://nibako.daihatsu.co.jp/,
2026-08-17T05:23:21,ダイハツ,page,,メッセージ・ビジョン,https://www.daihatsu.com/jp/vision/,
2026-08-17T05:23:21,ダイハツ,page,,DNGA・技術・品質・安全,https://www.daihatsu.com/jp/car_information/,
2026-08-17T05:23:21,ダイハツ,page,,CSR・環境の取組み,https://www.daihatsu.com/jp/csr/,
2026-08-17T05:23:21,ダイハツ,page,,ニュースリリース,https://www.daihatsu.com/jp/news/,
2026-08-17T05:23:21,ダイハツ,page,,プライバシーポリシー,https://www.daihatsu.co.jp/privacy/index.htm,
2026-08-17T05:23:21,ダイハツ,page,,サイトのご利用について,https://www.daihatsu.co.jp/site/index.htm,
2026-08-17T05:23:21,ダイハツ,page,,"© DAIHATSU MOTOR CO., LTD.",https://www.daihatsu.co.jp/copyright/index.htm,
2026-08-17T05:23:22,三菱,page,,2026年08月17日三菱自動車、オーストラリア、ニュージーランド向け新型バッテリーEV『ASX VR-e』を年内に発売（別ウィンドウで開く）,https://www.mitsubishi-motors.com/jp/newsroom/newsrelease/2026/20260817_2.html,○
2026-08-17T05:23:22,三菱,page,,2026年08月17日チーム三菱ラリーアート、アジアクロスカントリーラリー2026を連覇（別ウィンドウで開く）,https://www.mitsubishi-motors.com/jp/newsroom/newsrelease/2026/20260817_1.html,
2026-08-17T05:23:22,三菱,page,,2026年08月07日チーム三菱ラリーアート、アジアクロスカントリーラリー2026で連覇に挑む（別ウィンドウで開く）,https://www.mitsubishi-motors.com/jp/newsroom/newsrelease/2026/20260807_1.html,
2026-08-17T05:23:22,三菱,page,,2026年08月04日三菱自動車、新型クロスカントリーSUV『パジェロ』で路面を選ばない走破性と上質かつ快適な乗り心地を実現（別ウィンドウで開く）,https://www.mitsubishi-motors.com/jp/newsroom/newsrelease/2026/20260804_1.html,○
2026-08-17T05:23:22,三菱,page,,2026年08月03日三菱自動車、2026年度第1四半期決算を発表（別ウィンドウで開く）,https://www.mitsubishi-motors.com/jp/newsroom/newsrelease/2026/20260803_1.html,
2026-08-17T05:23:22,三菱,page,,2026年07月31日人事異動（別ウィンドウで開く）,https://www.mitsubishi-motors.com/jp/newsroom/newsrelease/2026/20260731_1.html,
2026-08-17T05:23:22,三菱,page,,2026年07月30日三菱自動車 2026年6月単月、2026年上半期　生産・販売・輸出実績（別ウィンドウで開く）,https://www.mitsubishi-motors.com/jp/newsroom/newsrelease/2026/20260730_1.html,
2026-08-17T05:23:22,三菱,page,,2026年07月24日北ジャカルタ市マングローブ林再生事業の1年 ～7月26日は国際マングローブデー～［インドネシア］（別ウィンドウで開く）,https://www.mitsubishi-motors.com/jp/sustainability/society/contribution/report/2026/07/24.html,
2026-08-17T05:23:22,三菱,page,,2026年08月17日三菱自動車、オーストラリア、ニュージーランド向け新型バッテリーEV『ASX VR-e』を年内に発売（別ウィンドウで開く）商品・技術情報,https://www.mitsubishi-motors.com/jp/newsroom/newsrelease/2026/20260817_2.html,○
2026-08-17T05:23:22,三菱,page,,2026年08月17日チーム三菱ラリーアート、アジアクロスカントリーラリー2026を連覇（別ウィンドウで開く）モータースポーツ,https://www.mitsubishi-motors.com/jp/newsroom/newsrelease/2026/20260817_1.html,
2026-08-17T05:23:22,三菱,page,,2026年08月07日チーム三菱ラリーアート、アジアクロスカントリーラリー2026で連覇に挑む（別ウィンドウで開く）モータースポーツ,https://www.mitsubishi-motors.com/jp/newsroom/newsrelease/2026/20260807_1.html,
2026-08-17T05:23:22,三菱,page,,2026年08月04日三菱自動車、新型クロスカントリーSUV『パジェロ』で路面を選ばない走破性と上質かつ快適な乗り心地を実現（別ウィンドウで開く）商品・技術情報,https://www.mitsubishi-motors.com/jp/newsroom/newsrelease/2026/20260804_1.html,○
2026-08-17T05:23:22,三菱,page,,2026年08月03日三菱自動車、2026年度第1四半期決算を発表（別ウィンドウで開く）企業情報IR,https://www.mitsubishi-motors.com/jp/newsroom/newsrelease/2026/20260803_1.html,
2026-08-17T05:23:22,三菱,page,,2026年07月31日人事異動（別ウィンドウで開く）企業情報,https://www.mitsubishi-motors.com/jp/newsroom/newsrelease/2026/20260731_1.html,
2026-08-17T05:23:22,三菱,page,,ニュースリリース,https://www.mitsubishi-motors.com/jp/newsroom/newsrelease/index.html,
2026-08-17T05:23:22,三菱,page,,その他のお知らせはこちら,https://www.mitsubishi-motors.com/jp/newsroom/notice/index.html,
2026-08-17T05:23:22,三菱,page,,2026年08月03日 「令和8年熊本地震」への支援について,https://www.mitsubishi-motors.com/jp/newsroom/notice/notice20260803/index.html,
2026-08-17T05:23:22,三菱,page,,三菱自動車、FTSE4Good Index Series、FTSE JPX Blossom Japan IndexおよびFTSE JPX Blossom Japan Sector Relative Indexの構成銘柄に継続選定（別ウィンドウで開く）,https://www.mitsubishi-motors.com/jp/sustainability/strategy/evaluation/index.html,
2026-08-17T05:23:22,三菱,page,,コーポレートガバナンス報告書を更新（別ウィンドウで開く）,https://www.mitsubishi-motors.com/jp/sustainability/pdf/governance.pdf,
2026-08-17T05:23:22,三菱,page,,2025年度自動車リサイクル法再資源化等の実績（別ウィンドウで開く）,https://www.mitsubishi-motors.com/jp/sustainability/environment/recyclelow/result2025.html,
2026-08-17T05:23:22,三菱,page,,サステナビリティニュース,https://www.mitsubishi-motors.com/jp/sustainability/sustainabilitynews/index.html,
2026-08-17T05:23:22,三菱,page,,2026年07月16日次世代育成のため、MMKIが地域の職業訓練校と連携を強化[インドネシア]（別ウィンドウで開く）,https://www.mitsubishi-motors.com/jp/sustainability/society/contribution/report/2026/07/16.html,
2026-08-17T05:23:22,三菱,page,,2026年07月06日「生き方探求・チャレンジ体験」中学生職場体験授業の受入れ実施（別ウィンドウで開く）,https://www.mitsubishi-motors.com/jp/sustainability/society/contribution/report/2026/07/06.html,
2026-08-17T05:23:22,三菱,page,,2026年07月02日カルガモのヒナの巣立ち～京都工場 生物多様性保全活動～（別ウィンドウで開く）,https://www.mitsubishi-motors.com/jp/sustainability/society/contribution/report/2026/07/02.html,
2026-08-17T05:23:22,三菱,page,,2026年07月01日MMThが洪水の被災地に『トライトン』を10台配置し、さらにHatyai病院へ12万バーツを寄付 [タイ]（別ウィンドウで開く）,https://www.mitsubishi-motors.com/jp/sustainability/society/contribution/report/2026/07/01.html,
2026-08-17T05:23:22,三菱,page,,2026年06月23日「KYOTO学防災（まなぼうさい）in 京都文教大学」に参加～災害時の『アウトランダーPHEV』活用方法や魅力を紹介～（別ウィンドウで開く）,https://www.mitsubishi-motors.com/jp/sustainability/society/contribution/report/2026/06/23.html,
2026-08-17T05:23:22,三菱,page,,2026年06月05日「南太秦ふれあい春まつり」＆「右京ファミリー防災フェスタ」で 社会貢献活動を実施！（別ウィンドウで開く）,https://www.mitsubishi-motors.com/jp/sustainability/society/contribution/report/2026/06/05.html,
2026-08-17T05:23:22,三菱,page,,2026年06月02日京都工場「憩いの広場」で育てたフタバアオイを上賀茂神社へ奉納（別ウィンドウで開く）,https://www.mitsubishi-motors.com/jp/sustainability/society/contribution/report/2026/06/02.html,
2026-08-17T05:23:22,三菱,page,,社会貢献活動レポート,https://www.mitsubishi-motors.com/jp/sustainability/society/contribution/report/index.html,
2026-08-17T05:23:22,三菱,page,,"Mitsubishi Motors Stories


三菱自動車の人、商品、技術が生み出すワクワクと情熱にあふれるストーリーを紹介します。",https://www.mitsubishi-motors.com/jp/newsroom/stories/index.html,
2026-08-17T05:23:22,三菱,page,,"MITSUBISHI MOTORS R&D


三菱自動車のR&Dの取り組みを紹介します。",https://www.mitsubishi-motors.com/jp/newsroom/RandD/index.html,
2026-08-17T23:15:29,トヨタ,rss,"Mon, 03 Aug 2026 13:30:00 +0900",ヤリス クロス GR SPORTグレードを一部改良,https://global.toyota/jp/newsroom/toyota/44698459.html,○
2026-08-17T23:15:29,トヨタ,rss,"Mon, 03 Aug 2026 13:30:00 +0900",【画像差替】ハリアーを一部改良,https://global.toyota/jp/newsroom/toyota/44698256.html,○
2026-08-17T23:15:29,トヨタ,rss,"Mon, 03 Aug 2026 13:30:00 +0900",シエンタを一部改良,https://global.toyota/jp/newsroom/toyota/44698107.html,○
2026-08-17T23:15:29,トヨタ,rss,"Wed, 29 Jul 2026 13:30:00 +0900",コースターを一部改良,https://global.toyota/jp/newsroom/toyota/44679233.html,○
2026-08-17T23:15:29,トヨタ,rss,"Wed, 15 Jul 2026 13:30:00 +0900",新型クラウン（クロスオーバー）のデザインを先行公開,https://global.toyota/jp/newsroom/toyota/44641170.html,○
2026-08-17T23:15:29,トヨタ,rss,"Mon, 13 Jul 2026 13:30:00 +0900",カローラ スポーツを一部改良するとともに、特別仕様車 G“Z・ACTIVE ELEGANCE”を設定,https://global.toyota/jp/newsroom/toyota/44626118.html,○
2026-08-17T23:15:29,トヨタ,rss,"Mon, 06 Jul 2026 13:30:00 +0900",アクアを一部改良しGR SPORTグレードを追加,https://global.toyota/jp/newsroom/toyota/44600338.html,○
2026-08-17T23:15:29,トヨタ,rss,"Wed, 01 Jul 2026 13:30:00 +0900",プリウスを一部改良,https://global.toyota/jp/newsroom/toyota/44548404.html,○
2026-08-17T23:15:29,トヨタ,rss,"Wed, 01 Jul 2026 13:30:00 +0900",カローラ クロスを一部改良するとともに、特別仕様車 Z“Adventure”を設定,https://global.toyota/jp/newsroom/toyota/44548254.html,○
2026-08-17T23:15:30,日産,page,,新型「エルグランド」を発表,https://global.nissannews.com/ja-JP/releases/260716-01-j,○
2026-08-17T23:15:30,日産,page,,日産フォーミュラEチーム、ロンドン大会の両レースで入賞しシーズン12を締めくくる,https://global.nissannews.com/ja-JP/releases/260817-01-j,
2026-08-17T23:15:30,日産,page,,日産自動車株式会社（本社：神奈川県横浜市西区、社長：イヴァン エスピノーサ）は、同社のフォーミュラEチームが、ABB FIAフォーミュラE世界選手権シーズン12（2025/26）の最終戦となるロンドンE-Prixの第16戦と第17戦に参戦し、両レースでポイントを獲得したことを発表しました。オリバー ローランドは両レースともに入賞し、ノーマン ナトーも第17戦でトップ10フィニッシュを果たし、チームはシーズン12およびGEN3時代を締めくくりました。,https://global.nissannews.com/ja-JP/releases/260817-01-j,
2026-08-17T23:15:30,日産,page,,日産自動車株式会社（本社：神奈川県横浜市西区、社長：イヴァン エスピノーサ）は16日、昨年のJapan Mobility Show2025にて先行公開した新型「エルグランド」を同日より発売すると発表しました。,https://global.nissannews.com/ja-JP/releases/260716-01-j,○
2026-08-17T23:15:30,日産,page,,日産、新型SUV「テクトン」を発表,https://global.nissannews.com/ja-JP/releases/260709-01-j,○
2026-08-17T23:15:30,日産,page,,日産自動車株式会社（本社：神奈川県横浜市西区、代表執行役社長兼CEO：イヴァン エスピノーサ）は9日、インドで行われたワールドプレミアにおいて、新型SUV日産「テクトン」を発表しました。これは、日産の変革における重要なマイルストーンであり、日産の将来に向けてインドが果たす重要な役割を示すものです。,https://global.nissannews.com/ja-JP/releases/260709-01-j,○
2026-08-17T23:15:34,スバル,page,,「SUBARU BRZ」改良モデルを発表,https://www.subaru.co.jp/news/2026_07_30_094952,○
2026-08-17T23:15:34,スバル,page,,SUBARU　レヴォーグの一部改良モデルを発表,https://www.subaru.co.jp/news/2026_06_04_143345,○
2026-08-17T23:15:34,スバル,page,,SUBARU　レヴォーグ レイバックの一部改良モデルを発表,https://www.subaru.co.jp/news/2026_06_04_143024,○
2026-08-17T23:15:34,スバル,page,,SUBARU　フォレスター改良モデルを発表,https://www.subaru.co.jp/news/2026_05_21_144616,○
2026-08-17T23:15:34,スバル,page,,SUBARU　新型「トレイルシーカー」を発表,https://www.subaru.co.jp/news/2026_04_09_145609,○
2026-08-17T23:15:34,スバル,page,,SUBARU　新型バッテリーEV「ゲッタウェイ」を世界初公開,https://www.subaru.co.jp/news/2026_04_02_151658,○
2026-08-17T23:15:34,スバル,page,,SUBARU　サンバーバンの一部改良モデルを発表,https://www.subaru.co.jp/news/2024_11_07_141255,○
2026-08-17T23:15:34,スバル,page,,SUBARU　レガシィ アウトバック特別仕様車「30th Anniversary」を公開,https://www.subaru.co.jp/news/2024_10_24_122621,○
2026-08-17T23:15:34,スバル,page,,SUBARU　シフォンの一部改良モデルを発表,https://www.subaru.co.jp/news/2024_10_03_123406,○
2026-08-17T23:15:34,スバル,page,,SUBARU　プレオ プラスの一部改良モデルを発表,https://www.subaru.co.jp/news/2024_10_03_122530,○
2026-08-17T23:15:34,スバル,page,,SUBARU　クロストレックを一部改良,https://www.subaru.co.jp/news/2024_09_13_134855,○
2026-08-17T23:15:34,スバル,page,,SUBARU　インプレッサを一部改良,https://www.subaru.co.jp/news/2024_09_13_134633,○
2026-08-17T23:15:34,スバル,page,,SUBARU　レガシィ アウトバックの一部改良モデルを発表,https://www.subaru.co.jp/news/2024_09_06_163340,○
2026-08-17T23:15:34,スバル,page,,「SUBARU BRZ」改良モデルを発表,https://www.subaru.co.jp/news/2024_07_12_110548,○
2026-08-17T23:15:34,スバル,page,,SUBARU　フォレスター特別仕様車「Urban Selection」を発表,https://www.subaru.co.jp/news/2024_07_11_121309,○
2026-08-17T23:15:34,スバル,page,,SUBARU　フォレスター特別仕様車「STI Sport Black Interior Selection」を発表,https://www.subaru.co.jp/news/2024_04_11_174717,○
2026-08-17T23:15:34,スバル,page,,SUBARU　フォレスター特別仕様車「X-EDITION」・「XT-EDITION」にボディカラー「ガイザーブルー」を設定,https://www.subaru.co.jp/news/2024_04_11_174205,○
2026-08-17T23:15:34,スバル,page,,SUBARU　特別仕様車「WRX S4 STI Sport♯」を発表,https://www.subaru.co.jp/news/2024_01_12_105245,○
2026-08-17T23:15:34,スバル,page,,SUBARU　新型「フォレスター」 を世界初公開,https://www.subaru.co.jp/news/2023_11_17_164127,○
2026-08-17T23:15:34,スバル,page,,SUBARU　新型SUV「レヴォーグ レイバック」を発表,https://www.subaru.co.jp/news/2023_10_25_154428,○
2026-08-17T23:15:34,スバル,page,,SUBARU 「ソルテラ」改良モデルを発表,https://www.subaru.co.jp/news/2023_10_25_154547,○
2026-08-17T23:15:34,スバル,page,,SUBARU　フォレスター 特別仕様車 「X-EDITION」を発表,https://www.subaru.co.jp/news/2023_10_25_153648,○
2026-08-17T23:15:34,スバル,page,,SUBARU 「レヴォーグ」改良モデルを発表,https://www.subaru.co.jp/news/2023_10_25_154247,○
2026-08-17T23:15:34,スバル,page,,SUBARU　「WRX S4」改良モデルを発表,https://www.subaru.co.jp/news/2023_10_25_154032,○
2026-08-17T23:15:34,スバル,page,,「SUBARU BRZ」一部改良モデルを発表,https://www.subaru.co.jp/news/2023_09_22_135116,○
2026-08-17T23:15:34,スバル,page,,SUBARU　「レガシィ アウトバック」の改良モデルを発表,https://www.subaru.co.jp/news/2023_09_07_145107,○
2026-08-17T23:15:34,スバル,page,,SUBARU 「フォレスター」 一部改良モデルを発表,https://www.subaru.co.jp/news/2023_08_24_141135,○
2026-08-17T23:15:34,スバル,page,,SUBARU 新型SUV「LEVORG LAYBACK」ティザー画像を公開,https://www.subaru.co.jp/news/2023_08_03_151403,○
2026-08-17T23:15:34,スバル,page,,SUBARU 「レガシィ アウトバック」改良モデルの専用サイトを公開,https://www.subaru.co.jp/news/2023_07_20_102357,○
2026-08-17T23:15:34,スバル,page,,SUBARU レヴォーグ特別仕様車「Smart Edition」を発表,https://www.subaru.co.jp/news/2023_07_03_120245,○
2026-08-17T23:15:34,スバル,page,,SUBARU マニュアルトランスミッション車向け「アイサイト」を開発　今秋発表予定のSUBARU BRZ改良モデルに初採用,https://www.subaru.co.jp/news/2023_06_20_172015,○
2026-08-17T23:15:34,スバル,page,,SUBARU　新型「インプレッサ」の価格を発表,https://www.subaru.co.jp/news/2023_04_20_132329,○
2026-08-17T23:15:34,スバル,page,,SUBARU　新型「インプレッサ」 専用サイトを公開,https://www.subaru.co.jp/news/2023_02_16_172136,○
2026-08-17T23:15:34,スバル,page,,SUBARU　新型「インプレッサ」（日本仕様車・プロトタイプ）を初公開,https://www.subaru.co.jp/news/2023_01_13_170612,○
2026-08-17T23:15:34,スバル,page,,SUBARU　特別仕様車「レヴォーグSTI Sport♯」を発表,https://www.subaru.co.jp/news/2023_01_13_170507,○
2026-08-17T23:15:34,スバル,page,,SUBARU　フォレスター特別仕様車「XT-EDITION」を発表,https://www.subaru.co.jp/news/2022_12_22_114506,○
2026-08-17T23:15:34,スバル,page,,SUBARU　新型「クロストレック」の価格を発表,https://www.subaru.co.jp/news/2022_12_01_135725,○
2026-08-17T23:15:34,スバル,page,,SUBARU　「レヴォーグ」一部改良モデルを発表,https://www.subaru.co.jp/news/2022_11_24_164639,○
2026-08-17T23:15:34,スバル,page,,SUBARU　「WRX S4」一部改良モデルを発表,https://www.subaru.co.jp/news/2022_11_24_162559,○
2026-08-17T23:15:34,スバル,page,,SUBARU　新型「インプレッサ」 を世界初公開,https://www.subaru.co.jp/news/2022_11_18_165728,○
2026-08-17T23:15:34,スバル,page,,SUBARU　「シフォン」一部改良モデルを発表,https://www.subaru.co.jp/news/2022_10_13_183834,○
2026-08-17T23:15:34,スバル,page,,SUBARU　新型「CROSSTREK」 を世界初公開,https://www.subaru.co.jp/news/2022_09_15_150743,○
2026-08-17T23:15:34,スバル,page,,SUBARU　「レガシィ アウトバック」一部改良モデルを発表,https://www.subaru.co.jp/news/2022_09_08_111846,○
2026-08-17T23:15:34,スバル,page,,SUBARU BRZ特別仕様車「S “10th Anniversary Limited”」を発表,https://www.subaru.co.jp/news/2022_07_24_135715,○
2026-08-17T23:15:34,スバル,page,,「SUBARU BRZ」一部改良モデルを発表,https://www.subaru.co.jp/news/2022_05_26_151055,○
2026-08-17T23:15:34,スバル,page,,SUBARU 新型BEV「SOLTERRA」（日本仕様車）の価格を発表,https://www.subaru.co.jp/news/2022_04_14_093616,○
2026-08-17T23:15:34,スバル,page,,SUBARU　新型「サンバーバン」および「サンバートラック」大幅改良モデルを発表,https://www.subaru.co.jp/news/2022_01_13_124658,○
2026-08-17T23:15:34,スバル,page,,「SUBARU XV」 一部改良モデルを発表,https://www.subaru.co.jp/news/2021_12_16_172030,○
2026-08-17T23:15:34,スバル,page,,SUBARU 「インプレッサ」 一部改良モデルを発表,https://www.subaru.co.jp/news/2021_12_16_170623,○
2026-08-17T23:15:34,スバル,page,,SUBARU　新型「WRX S4」を発表,https://www.subaru.co.jp/news/2021_11_25_133325,○
2026-08-17T23:15:34,スバル,page,,SUBARU　「レヴォーグ」一部改良モデルを発表,https://www.subaru.co.jp/news/2021_11_25_133106,○
2026-08-17T23:15:34,スバル,page,,SUBARU　新型「レガシィ アウトバック」を発表,https://www.subaru.co.jp/press/news/2021_10_07_11214,○
2026-08-17T23:15:34,スバル,page,,SUBARU　「シフォン」一部改良モデルを発表,https://www.subaru.co.jp/news/2021_09_30_11088,○
2026-08-17T23:15:34,スバル,page,,SUBARU 新型「アウトバック」がユーロNCAPの2021年安全性能テストで最高評価「ファイブスター」を獲得,https://www.subaru.co.jp/press/news/2021_09_21_10971,○
2026-08-17T23:15:34,スバル,page,,SUBARU　新型「WRX」を世界初公開,https://www.subaru.co.jp/press/news/2021_09_10_10869,○
2026-08-17T23:15:34,スバル,page,,SUBARU　「ステラ」一部改良モデルを発表,https://www.subaru.co.jp/press/news/2021_09_09_10842,○
2026-08-17T23:15:34,スバル,page,,SUBARU　新型「レガシィ アウトバック」を初公開,https://www.subaru.co.jp/press/news/2021_09_02_10761,○
2026-08-17T23:15:34,スバル,page,,SUBARU「フォレスター」大幅改良モデルを発表,https://www.subaru.co.jp/press/news/2021_08_19_10617,○
2026-08-17T23:15:34,スバル,page,,新型「SUBARU BRZ」を発表,https://www.subaru.co.jp/press/news/2021_07_29_10329,○
2026-08-17T23:15:34,スバル,page,,SUBARU XV特別仕様車「2.0e-L EyeSight Smart Edition」を発表,https://www.subaru.co.jp/press/news/2021_06_17_9937,○
2026-08-17T23:15:34,スバル,page,,SUBARU　「フォレスター」大幅改良モデルを初公開,https://www.subaru.co.jp/press/news/2021_06_14_9929,○
2026-08-17T23:15:34,スバル,page,,SUBARU 2022年に発売する新型EVの名称を「SOLTERRA（ソルテラ）」に決定,https://www.subaru.co.jp/press/news/2021_05_11_9750,○
2026-08-17T23:15:34,スバル,page,,新型「SUBARU BRZ」（日本仕様）を公開,https://www.subaru.co.jp/press/news/2021_04_05_9684,○
2026-08-17T23:15:34,スバル,page,,TOYOTA GAZOO RacingとSUBARU、共同開発の新型車両を公開 「いっしょにいいクルマつくろう！トークセッション」 4月5日にオンラインにて合同開催,https://www.subaru.co.jp/press/news/2021_03_25_9636,○
2026-08-17T23:15:34,スバル,page,,SUBARU　「シフォン」一部改良モデルを発表,https://www.subaru.co.jp/press/news/2020_12_08_9332,○
2026-08-17T23:15:34,スバル,page,,SUBARU　新型「レヴォーグ」が「2020–2021日本カー・オブ・ザ・イヤー」を受賞,https://www.subaru.co.jp/press/news/2020_12_07_9322,○
2026-08-17T23:15:34,スバル,page,,SUBARU　「プレオ プラス」一部改良モデルを発表,https://www.subaru.co.jp/press/news/2020_12_01_9307,○
2026-08-17T23:15:34,スバル,page,,新型「SUBARU BRZ」を世界初公開,https://www.subaru.co.jp/press/news/2020_11_18_9247,○
2026-08-17T23:15:34,スバル,page,,SUBARU　「フォレスター」改良モデルを発表,https://www.subaru.co.jp/press/news/2020_10_22_9106,○
2026-08-17T23:15:34,スバル,page,,SUBARU　新型「レヴォーグ」を発表,https://www.subaru.co.jp/press/news/2020_10_15_9094,○
2026-08-17T23:15:34,スバル,page,,SUBARU　新型「レヴォーグ」TVCMを放映開始,https://www.subaru.co.jp/press/news/2020_10_15_9084,○
2026-08-17T23:15:34,スバル,page,,SUBARU　「インプレッサ」一部改良モデルを発表,https://www.subaru.co.jp/press/news/2020_10_08_9060,○
2026-08-17T23:15:34,スバル,page,,SUBARU　「ジャスティ」一部改良モデルを発売,https://www.subaru.co.jp/press/news/2020_09_24_9025,○
2026-08-17T23:15:34,スバル,page,,SUBARU　「インプレッサ」一部改良モデルの先行予約を開始,https://www.subaru.co.jp/press/news/2020_09_17_9015,○
2026-08-17T23:15:34,スバル,page,,「SUBARU XV」大幅改良モデルを発表,https://www.subaru.co.jp/press/news/2020_09_04_9004,○
2026-08-17T23:15:34,スバル,page,,SUBARU　「サンバートラック」「サンバーバン」一部改良モデルを発売,https://www.subaru.co.jp/press/news/2020_09_03_8997,○
2026-08-17T23:15:34,スバル,page,,SUBARU　「ステラ」一部改良モデルを発売,https://www.subaru.co.jp/press/news/2020_08_27_8948,○
2026-08-17T23:15:34,スバル,page,,SUBARU　新型「レヴォーグ」先行予約を開始,https://www.subaru.co.jp/press/news/2020_08_20_8925,○
2026-08-17T23:15:34,スバル,page,,SUBARU フォレスター特別仕様車「X-Edition」を発表,https://www.subaru.co.jp/press/news/2019_11_26_8061,○
2026-08-17T23:15:34,スバル,page,,SUBARU レヴォーグ 特別仕様車「2.0GT EyeSight V-SPORT」を発表,https://www.subaru.co.jp/press/news/2019_11_07_7993,○
2026-08-17T23:15:34,スバル,page,,SUBARU　「サンバーバン」「ディアスワゴン」一部改良モデルを発売,https://www.subaru.co.jp/press/news/2019_11_07_7954,○
2026-08-17T23:15:34,スバル,page,,WRX STI 特別仕様車「EJ20 Final Edition」プロトタイプを公開,https://www.subaru.co.jp/press/news/2019_10_23_7915,○
2026-08-17T23:15:34,スバル,page,,SUBARU　「サンバートラック」一部改良モデルを発売,https://www.subaru.co.jp/press/news/2019_10_17_7903,○
2026-08-17T23:15:34,スバル,page,,SUBARU　「インプレッサ」大幅改良モデルを発表,https://www.subaru.co.jp/press/news/2019_10_10_7806,○
2026-08-17T23:15:34,スバル,page,,「SUBARU XV」改良モデルを発表,https://www.subaru.co.jp/press/news/2019_10_10_7797,○
2026-08-17T23:15:34,スバル,page,,SUBARU　「レガシィ　アウトバック／B4」一部改良モデルを発表,https://www.subaru.co.jp/press/news/2019_09_03_7643,○
2026-08-17T23:15:34,スバル,page,,SUBARU 「インプレッサ」大幅改良モデル　専用サイトで事前情報を公開,https://www.subaru.co.jp/press/news/2019_08_27_7620,○
2026-08-17T23:15:34,スバル,page,,SUBARU 新型「レガシィ」・「アウトバック」の米国生産を開始,https://www.subaru.co.jp/press/news/2019_07_30_7538,○
2026-08-17T23:15:34,スバル,page,,SUBARU　新型「シフォン」を発表,https://www.subaru.co.jp/press/news/2019_07_16_7510,○
2026-08-17T23:15:34,スバル,page,,SUBARU　「フォレスター」一部改良モデルを発表,https://www.subaru.co.jp/press/news/2019_06_10_7347,○
2026-08-17T23:15:34,スバル,page,,SUBARU 「WRX S4/STI」改良モデルを発表,https://www.subaru.co.jp/press/news/2019_05_14_7217,○
2026-08-17T23:15:34,スバル,page,,SUBARU「レヴォーグ」改良モデルを発表,https://www.subaru.co.jp/press/news/2019_05_07_7176,○
2026-08-17T23:15:34,スバル,page,,SUBARU 新型「アウトバック」を世界初公開,https://www.subaru.co.jp/press/news/2019_04_18_7137,○
2026-08-17T23:15:34,スバル,page,,「SUBARU BRZ」改良モデルを発表,https://www.subaru.co.jp/press/news/2019_04_09_7079,○
2026-08-17T23:15:34,スバル,page,,SUBARU 「サンバーバン」を一部改良し発売,https://www.subaru.co.jp/press/news/2018_12_17_6660,○
2026-08-17T23:15:34,スバル,page,,SUBARU シフォン特別仕様車「G Special Sport スマートアシスト」を発売,https://www.subaru.co.jp/press/news/2018_12_10_6623,○
2026-08-17T23:15:34,スバル,page,,SUBARU　新型フォレスターがJNCAP予防安全性能アセスメントで 最高ランク（ASV+++）を獲得,https://www.subaru.co.jp/press/news/2018_11_29_6581,○
2026-08-17T23:15:34,スバル,page,,SUBARU　レヴォーグ特別仕様車「1.6GT EyeSight V-SPORT」を発表,https://www.subaru.co.jp/press/news/2018_11_27_6561,○
2026-08-17T23:15:34,スバル,page,,SUBARU 「ジャスティ」「ジャスティカスタム」改良モデルを発売,https://www.subaru.co.jp/press/news/2018_11_08_6515,○
2026-08-17T23:15:34,スバル,page,,SUBARU 新型「フォレスター」が2018年度グッドデザイン賞を受賞,https://www.subaru.co.jp/press/news/2018_10_15_6401,○
2026-08-17T23:15:34,スバル,page,,「SUBARU XV」改良モデルを発表,https://www.subaru.co.jp/press/news/2018_10_11_6378,○
2026-08-17T23:15:34,スバル,page,,「インプレッサ」改良モデルを発表,https://www.subaru.co.jp/press/news/2018_10_11_6377,○
2026-08-17T23:15:34,スバル,page,,新型「フォレスター」の受注が好調,https://www.subaru.co.jp/press/news/2018_09_14_6250,○
2026-08-17T23:15:34,スバル,page,,「SUBARU BRZ」改良モデルを発表,https://www.subaru.co.jp/press/news/2018_09_11_6224,○
2026-08-17T23:15:34,スバル,page,,SUBARU　「レガシィ　アウトバック／B4」改良モデルを発表,https://www.subaru.co.jp/press/news/2018_09_10_6216,○
2026-08-17T23:15:34,スバル,page,,SUBARU　WRX STI 特別仕様車 「TYPE RA-R」を500台限定発売,https://www.subaru.co.jp/press/news/2018_07_19_6099,○
2026-08-17T23:15:34,スバル,page,,新型「フォレスター」を発表,https://www.subaru.co.jp/press/news/2018_06_20_5987,○
2026-08-17T23:15:34,スバル,page,,新型「フォレスター」 TVCM放送開始,https://www.subaru.co.jp/press/news/2018_06_20_5981,○
2026-08-17T23:15:34,スバル,page,,新型「フォレスター」 先行予約を開始,https://www.subaru.co.jp/press/news/2018_05_18_5842,○
2026-08-17T23:15:34,スバル,page,,新型フォレスターを恵比寿ショールームで先行展示,https://www.subaru.co.jp/press/news/2018_05_18_5851,○
2026-08-17T23:15:34,スバル,page,,「サンバートラック」改良モデルを発売,https://www.subaru.co.jp/press/news/2018_05_14_5824,○
2026-08-17T23:15:34,スバル,page,,SUBARU 新型3列SUV「ASCENT（アセント）」の米国生産を開始,https://www.subaru.co.jp/press/news/2018_05_08_5758,○
2026-08-17T23:15:34,スバル,page,,「レヴォーグ」改良モデルを発表,https://www.subaru.co.jp/press/news/2018_04_27_5691,○
2026-08-17T23:15:34,スバル,page,,「WRX STI/S4」改良モデルを発表,https://www.subaru.co.jp/press/news/2018_04_27_5690,○
2026-08-17T23:15:34,スバル,page,,インプレッサSPORT/G4 特別仕様車「1.6i-L EyeSight S-style」発表,https://www.subaru.co.jp/press/news/2018_02_26_5415,○
2026-08-17T23:15:34,スバル,page,,「シフォン」「シフォンカスタム」改良モデルを発売,https://www.subaru.co.jp/press/news/2017_12_18_5218,○
2026-08-17T23:15:34,スバル,page,,SUBARU 北米市場専用新型3列SUV「ASCENT（アセント）」を世界初公開,https://www.subaru.co.jp/press/news/2017_11_29_5102,○
2026-08-17T23:15:34,スバル,page,,「サンバーバン」「ディアスワゴン」改良モデルを発売,https://www.subaru.co.jp/press/news/2017_11_13_5062,○
2026-08-17T23:15:34,スバル,page,,WRX STI 特別仕様車 「S208」を450台限定発売,https://www.subaru.co.jp/press/news/2017_10_25_4932,○
2026-08-17T23:15:34,スバル,page,,「インプレッサ」改良モデルを発表,https://www.subaru.co.jp/press/news/2017_09_11_4711,○
2026-08-17T23:15:34,スバル,page,,「SUBARU BRZ」改良モデルを発表,https://www.subaru.co.jp/press/news/2017_09_11_4703,○
2026-08-17T23:15:34,スバル,page,,「レガシィ　アウトバック／B4」大幅改良モデルを発表,https://www.subaru.co.jp/press/news/2017_09_04_4680,○
2026-08-17T23:15:34,スバル,page,,新型「レヴォーグ」・「WRX S4」の受注状況について,https://www.subaru.co.jp/press/news/2017_08_07_4588,○
2026-08-17T23:15:34,スバル,page,,「ステラ」「ステラカスタム」大幅改良モデルを発売,https://www.subaru.co.jp/press/news/2017_08_01_4543,○
2026-08-17T23:15:34,スバル,page,,特別仕様車　フォレスター「Smart Edition」を発表,https://www.subaru.co.jp/press/news/2017_07_25_4517,○
2026-08-17T23:15:34,スバル,page,,「レヴォーグ」大幅改良モデルを発表,https://www.subaru.co.jp/press/news/2017_07_03_4414,○
2026-08-17T23:15:34,スバル,page,,「WRX S4」大幅改良モデルを発表,https://www.subaru.co.jp/press/news/2017_07_03_4413,○
2026-08-17T23:15:34,スバル,page,,新型「SUBARU XV」の受注状況について,https://www.subaru.co.jp/press/news/2017_06_29_4403,○
2026-08-17T23:15:34,スバル,page,,新型「レヴォーグ」「WRX S4」を本年夏に発表  ～進化したアイサイトを搭載し運転負荷を大幅に軽減～,https://www.subaru.co.jp/press/news/2017_06_05_4245,○
2026-08-17T23:15:34,スバル,page,,「WRX STI」大幅改良モデルを発表,https://www.subaru.co.jp/press/news/2017_05_24_4173,○
2026-08-17T23:15:34,スバル,page,,SUBARU　新型「プレオ プラス」を発売,https://www.subaru.co.jp/press/news/2017_05_09_4065,○
2026-08-17T23:15:34,スバル,page,,新型「SUBARU XV」を発表 ～2016年度自動車アセスメント「衝突安全性能評価大賞」を受賞～,https://www.subaru.co.jp/press/news/2017_04_06_3925,○
2026-08-17T23:15:34,スバル,page,,スバル　フォレスター　改良モデルを発表,https://www.subaru.co.jp/press/news/2017_03_13_3786,○
2026-08-17T23:15:34,スバル,page,,スバル　CROSSOVER7　改良モデルを発表,https://www.subaru.co.jp/press/news/2017_03_13_3778,○
2026-08-17T23:15:34,スバル,page,,スバル 新型「SUBARU XV」 先行予約を開始,https://www.subaru.co.jp/press/news/2017_03_08_3771,○
2026-08-17T23:15:34,スバル,page,,スバル 新型「シフォン」を発売 ～衝突回避支援システム「スマートアシストⅢ」を全車標準装備～,https://www.subaru.co.jp/press/news/2016_12_13_3372,○
2026-08-17T23:15:34,スバル,page,,スバル 新型インプレッサSPORT/G4が「2016–2017日本カー・オブ・ザ・イヤー」を受賞 ～ 2003年 レガシィ以来 13年ぶり2度目の受賞 ～,https://www.subaru.co.jp/press/news/2016_12_09_3359,○
2026-08-17T23:15:34,スバル,page,,スバル「アイサイト」を搭載する新型インプレッサ、レガシィ、フォレスター、レヴォーグ/WRX S4が 2016年度予防安全性能アセスメントで最高ランクを獲得,https://www.subaru.co.jp/press/news/2016_12_01_3315,○
2026-08-17T23:15:34,スバル,page,,スバル　新型「インプレッサ」 1.6Lエンジン搭載グレードを発売 ～11月28日よりTVCM「愛で選ぶクルマ」クリスマス特別篇を放送開始～,https://www.subaru.co.jp/press/news/2016_11_28_3297,○
2026-08-17T23:15:34,スバル,page,,スバル　新型「インプレッサ」の受注状況について,https://www.subaru.co.jp/press/news/2016_11_15_3206,○
2026-08-17T23:15:34,スバル,page,,スバル 新型「ジャスティ」を発表 ～衝突回避支援システム「スマートアシストⅡ」を全車標準装備～,https://www.subaru.co.jp/press/news/2016_11_09_3171,○
2026-08-17T23:15:34,スバル,page,,"スバル 新型「インプレッサ」を発表 ～先行予約期間に約6,000台のご予約～",https://www.subaru.co.jp/press/news/2016_10_13_3045,○
2026-08-17T23:15:34,スバル,page,,スバル　特別仕様車「WRX S4 tS」を期間限定発売,https://www.subaru.co.jp/press/news/2016_10_04_2981,○
2026-08-17T23:15:34,スバル,page,,スバル　特別仕様車　フォレスター 「Style Modern」を発売 ～BOXERエンジン50周年特別記念車の第六弾～,https://www.subaru.co.jp/press/news/2016_10_03_2972,○
2026-08-17T23:15:34,スバル,page,,スバル　特別仕様車　CROSSOVER 7 「Active Style」を発売 ～BOXERエンジン50周年特別記念車の第五弾～,https://www.subaru.co.jp/press/news/2016_10_03_2971,○
2026-08-17T23:15:34,スバル,page,,スバル　特別仕様車　レヴォーグ 「1.6GT EyeSight Smart Edition」を発表 ～BOXERエンジン50周年特別記念車の第四弾～,https://www.subaru.co.jp/press/news/2016_10_03_2964,○
2026-08-17T23:15:34,スバル,page,,スバル 新型「インプレッサ」 TVCM放送開始 ～TVCM楽曲にDREAMS COME TRUEの「LOVE LOVE LOVE」を採用～,https://www.subaru.co.jp/press/news/2016_09_21_2902,○
2026-08-17T23:15:34,スバル,page,,スバル　特別仕様車「SUBARU XV HYBRID tS」を発表 ～SUBARUトレイルジャム in Mt.FUJIにて特別展示～,https://www.subaru.co.jp/press/news/2016_09_20_2889,○
2026-08-17T23:15:34,スバル,page,,スバル　レガシィ　アウトバック/B4 を改良,https://www.subaru.co.jp/press/news/2016_09_08_2845,○
2026-08-17T23:15:34,スバル,page,,スバル　特別仕様車「LEGACY B4 SporVita」を300台限定発売 ～イタリアの老舗革製品サプライヤーMARIO LEVI社とのコラボレーション第二弾～,https://www.subaru.co.jp/press/news/2016_09_08_2853,○
2026-08-17T23:15:34,スバル,page,,スバル　特別仕様車　「LEGACY OUTBACK X-ADVANCE」を発表 ～BOXERエンジン50周年特別記念車の第三弾～,https://www.subaru.co.jp/press/news/2016_09_08_2849,○
2026-08-17T23:15:34,スバル,page,,スバル 新型「インプレッサ」 先行予約を開始 ～国産初の歩行者保護エアバッグと7つの乗員保護エアバッグを全車標準装備～,https://www.subaru.co.jp/press/news/2016_09_01_2835,○
2026-08-17T23:15:34,スバル,page,,"スバル　レヴォーグ「STI Sport」の受注状況について ～ 発売1ヶ月で3,000台超え、レヴォーグ全体の4割を占める受注、好調なスタート ～",https://www.subaru.co.jp/press/news/2016_08_23_2800,○
2026-08-17T23:15:34,スバル,page,,スバル　特別仕様車「SUBARU XV HYBRID tS」先行予約を開始,https://www.subaru.co.jp/press/news/2016_07_28_2643,○
2026-08-17T23:15:34,スバル,page,,スバル 新型「インプレッサ」（国内仕様車）を公開  ～　スバル初の歩行者保護エアバッグと、アイサイト(ver.3)を全車に標準装備 ～,https://www.subaru.co.jp/press/news/2016_07_26_2626,○
2026-08-17T23:15:34,スバル,page,,スバル　特別仕様車　「フォレスター Brown Leather Selection」を発表,https://www.subaru.co.jp/press/news/2016_07_11_2595,○
2026-08-17T23:15:34,スバル,page,,スバル 「SUBARU BRZ」の大幅改良モデルを発表 ～2016年秋に走りのポテンシャルを高めた最上級グレードを追加予定～,https://www.subaru.co.jp/press/news/2016_07_05_2584,○
2026-08-17T23:15:34,スバル,page,,スバル ステラを改良　～ステラカスタムに新グレード追加～,https://www.subaru.co.jp/press/news/2016_06_21_2513,○
2026-08-17T23:15:34,スバル,page,,スバル　特別仕様車　「SUBARU XV 2.0i EyeSight Proud Edition」を発表 ～BOXERエンジン50周年特別記念車の第一弾～,https://www.subaru.co.jp/press/news/2016_05_10_2271,○
2026-08-17T23:15:34,スバル,page,,スバル　WRX S4／STIを改良,https://www.subaru.co.jp/press/news/2016_04_11_2174,○
2026-08-17T23:15:34,スバル,page,,スバル　レヴォーグを改良 ～2016年夏にSTIブランドの新グレード追加予定～,https://www.subaru.co.jp/press/news/2016_04_11_2166,○
2026-08-17T23:15:34,スバル,page,,スバル　特別仕様車　「CROSSOVER 7　Modern Style」を発表 ～お洒落なインテリアにダークブラウン色の新たな仕様を追加～,https://www.subaru.co.jp/press/news/2015_12_10_1559,○
2026-08-17T23:15:34,スバル,page,,スバル　特別仕様車　「レガシィ　アウトバック　Limited　Smart Edition」を発表,https://www.subaru.co.jp/press/news/2015_12_10_1567,○
2026-08-17T23:15:34,スバル,page,,スバル　特別仕様車　「レヴォーグ　1.6GT EyeSight S-style」を発売,https://www.subaru.co.jp/press/news/2015_12_10_1566,○
2026-08-17T23:15:34,スバル,page,,スバル フォレスター 大幅改良モデルを発売,https://www.subaru.co.jp/press/news/2015_10_28_1311,○
2026-08-17T23:15:34,スバル,page,,スバルWRX STI 特別仕様車「 S207」を400台限定発売,https://www.subaru.co.jp/press/news/2015_10_28_1327,○
2026-08-17T23:15:34,スバル,page,,スバル 特別仕様車 WRX S4 SporVitaを500台限定発売 ～イタリアの老舗皮革製品サプライヤー MARIO LEVI社とのコラボレーションモデル～,https://www.subaru.co.jp/press/news/2015_10_28_1364,○
2026-08-17T23:15:34,スバル,page,,SUBARU XV／SUBARU XV HYBRID 大幅改良モデルを発売,https://www.subaru.co.jp/press/news/2015_10_28_1319,○
2026-08-17T23:15:34,スバル,page,,スバル　フォレスター　大幅改良モデルを公開 ～アイサイト（ver.3）や新開発ヘッドランプ機能など、先進安全装備を採用～,https://www.subaru.co.jp/press/news/2015_10_06_1165,○
2026-08-17T23:15:34,スバル,page,,SUBARU XV / SUBARU XV HYBRID　大幅改良モデルを公開 ～先進安全装備「アドバンスドセイフティパッケージ」を採用～,https://www.subaru.co.jp/press/news/2015_10_06_1172,○
2026-08-17T23:15:34,スバル,page,,スバル　インプレッサ　SPORT／G4を改良 ～1.6Lモデルにアイサイト（ver.3）を設定～,https://www.subaru.co.jp/press/news/2015_10_06_1176,○
2026-08-17T23:15:34,スバル,page,,スバル　レガシィ　アウトバック／B4を改良 ～アドバンスドセイフティパッケージを標準装備～,https://www.subaru.co.jp/press/news/2015_09_10_1014,○
2026-08-17T23:15:34,スバル,page,,「SUBARU BRZ tS」を300台限定発売,https://www.subaru.co.jp/press/news/2015_06_30_11,○
2026-08-17T23:15:34,スバル,page,,スバル WRX S4／STIを改良,https://www.subaru.co.jp/press/news/2015_06_30_50,○
2026-08-17T23:15:34,スバル,page,,スバル　特別仕様車 「Proud Edition」シリーズをレヴォーグに設定し発売,https://www.subaru.co.jp/press/news/2015_06_01_65,○
2026-08-17T23:15:34,スバル,page,,スバル ステラを改良,https://www.subaru.co.jp/press/news/2015_05_20_72,○
2026-08-17T23:15:34,スバル,page,,特別仕様車 スバル プレオ プラス「Black Edition」を発売,https://www.subaru.co.jp/press/news/2015_04_22_113,○
2026-08-17T23:15:34,スバル,page,,スバル　新型　「CROSSOVER 7（クロスオーバーセブン）」を発売,https://www.subaru.co.jp/press/news/2015_04_16_120,○
2026-08-17T23:15:34,スバル,page,,スバル　レヴォーグを改良,https://www.subaru.co.jp/press/news/2015_04_16_125,○
2026-08-17T23:15:34,スバル,page,,スバル　特別仕様車「Proud Edition」シリーズを発表～アイサイト搭載車の予防安全性能アセスメント最高ランク獲得を記念～,https://www.subaru.co.jp/press/news/2015_04_14_129,○
2026-08-17T23:15:34,スバル,page,,スバル プレオ プラスを改良,https://www.subaru.co.jp/press/news/2015_04_08_135,○
2026-08-17T23:15:34,スバル,page,,スバル 「サンバーバン」および「ディアスワゴン」を改良,https://www.subaru.co.jp/press/news/2015_04_03_139,○
2026-08-17T23:15:34,スバル,page,,SUBARU BRZを改良,https://www.subaru.co.jp/press/news/2015_02_10_161,○
2026-08-17T23:15:36,ダイハツ,page,,"2026/07/29
製品・技術
車（モデル）
軽乗用車「ムーヴ キャンバス」、「ムーヴ」を一部改良するとともに、「ムーヴ キャンバス」に世界観を広げる特別仕様車を設定",https://www.daihatsu.com/jp/news/2026/20260729-1.html,○
2026-08-17T23:15:36,ダイハツ,page,,"2026/07/15
製品・技術
車（モデル）
軽クロスオーバー「タフト」を一部改良するとともに、レジャー要素を強めた２種類の特別仕様車を設定",https://www.daihatsu.com/jp/news/2026/20260715-1.html,○
2026-08-17T23:15:36,ダイハツ,page,,"2026/06/04
製品・技術
車（モデル）
ダイハツ、軽商用車「ハイゼット カーゴ」、「アトレー」を一部改良し、安全性を向上",https://www.daihatsu.com/jp/news/2026/20260604-1.html,○
2026-08-17T23:15:36,ダイハツ,page,,"2026/03/19
製品・技術
車（モデル）
ダイハツ、軽商用車「ハイゼット トラック」を一部改良し、安全性を向上",https://www.daihatsu.com/jp/news/2026/20260319-1.html,○
2026-08-17T23:15:36,ダイハツ,page,,"2026/02/02
製品・技術
車（モデル）
ダイハツ、初の量産BEVとなる「e-ハイゼット カーゴ」、「e-アトレー」を発売",https://www.daihatsu.com/jp/news/2026/20260202-1.html,○
2026-08-17T23:15:38,三菱,page,,2026年08月04日三菱自動車、新型クロスカントリーSUV『パジェロ』で路面を選ばない走破性と上質かつ快適な乗り心地を実現（別ウィンドウで開く）,https://www.mitsubishi-motors.com/jp/newsroom/newsrelease/2026/20260804_1.html,○
2026-08-17T23:15:38,三菱,page,,2026年08月04日三菱自動車、新型クロスカントリーSUV『パジェロ』で路面を選ばない走破性と上質かつ快適な乗り心地を実現（別ウィンドウで開く）商品・技術情報,https://www.mitsubishi-motors.com/jp/newsroom/newsrelease/2026/20260804_1.html,○
2026-08-17T23:15:38,三菱,page,,第28回サステナビリティ委員会について（別ウィンドウで開く）,https://www.mitsubishi-motors.com/jp/sustainability/sustainabilitynews/2026/08/06.html,
2026-08-18T23:14:48,トヨタ,rss,"Mon, 03 Aug 2026 13:30:00 +0900",ヤリス クロス GR SPORTグレードを一部改良,https://global.toyota/jp/newsroom/toyota/44698459.html,○
2026-08-18T23:14:48,トヨタ,rss,"Mon, 03 Aug 2026 13:30:00 +0900",【画像差替】ハリアーを一部改良,https://global.toyota/jp/newsroom/toyota/44698256.html,○
2026-08-18T23:14:48,トヨタ,rss,"Mon, 03 Aug 2026 13:30:00 +0900",シエンタを一部改良,https://global.toyota/jp/newsroom/toyota/44698107.html,○
2026-08-18T23:14:48,トヨタ,rss,"Wed, 29 Jul 2026 13:30:00 +0900",コースターを一部改良,https://global.toyota/jp/newsroom/toyota/44679233.html,○
2026-08-18T23:14:48,トヨタ,rss,"Wed, 15 Jul 2026 13:30:00 +0900",新型クラウン（クロスオーバー）のデザインを先行公開,https://global.toyota/jp/newsroom/toyota/44641170.html,○
2026-08-18T23:14:48,トヨタ,rss,"Mon, 13 Jul 2026 13:30:00 +0900",カローラ スポーツを一部改良するとともに、特別仕様車 G“Z・ACTIVE ELEGANCE”を設定,https://global.toyota/jp/newsroom/toyota/44626118.html,○
2026-08-18T23:14:48,トヨタ,rss,"Mon, 06 Jul 2026 13:30:00 +0900",アクアを一部改良しGR SPORTグレードを追加,https://global.toyota/jp/newsroom/toyota/44600338.html,○
2026-08-18T23:14:48,トヨタ,rss,"Wed, 01 Jul 2026 13:30:00 +0900",プリウスを一部改良,https://global.toyota/jp/newsroom/toyota/44548404.html,○
2026-08-18T23:14:48,トヨタ,rss,"Wed, 01 Jul 2026 13:30:00 +0900",カローラ クロスを一部改良するとともに、特別仕様車 Z“Adventure”を設定,https://global.toyota/jp/newsroom/toyota/44548254.html,○
2026-08-18T23:14:48,ホンダ,rss,2026-08-18T11:00:00+09:00,ぼくが隊長！秘密基地をつくるぞ！,https://www.honda.co.jp/outdoor/try/secretbase.html?from=RSS,
2026-08-18T23:14:48,ホンダ,rss,2026-08-18T11:00:00+09:00,たたき染め・こすり染めで、世界に一つの旗をつくろう！,https://www.honda.co.jp/kids/jiyuu-kenkyu/challenge/c-15/?from=RSS,
2026-08-18T23:14:49,日産,page,,新型「エルグランド」を発表,https://global.nissannews.com/ja-JP/releases/260716-01-j,○
2026-08-18T23:14:49,日産,page,,日産自動車株式会社（本社：神奈川県横浜市西区、社長：イヴァン エスピノーサ）は16日、昨年のJapan Mobility Show2025にて先行公開した新型「エルグランド」を同日より発売すると発表しました。,https://global.nissannews.com/ja-JP/releases/260716-01-j,○
2026-08-18T23:14:49,日産,page,,日産、新型SUV「テクトン」を発表,https://global.nissannews.com/ja-JP/releases/260709-01-j,○
2026-08-18T23:14:49,日産,page,,日産自動車株式会社（本社：神奈川県横浜市西区、代表執行役社長兼CEO：イヴァン エスピノーサ）は9日、インドで行われたワールドプレミアにおいて、新型SUV日産「テクトン」を発表しました。これは、日産の変革における重要なマイルストーンであり、日産の将来に向けてインドが果たす重要な役割を示すものです。,https://global.nissannews.com/ja-JP/releases/260709-01-j,○
2026-08-18T23:14:55,スバル,page,,「SUBARU BRZ」改良モデルを発表,https://www.subaru.co.jp/news/2026_07_30_094952,○
2026-08-18T23:14:55,スバル,page,,SUBARU　レヴォーグの一部改良モデルを発表,https://www.subaru.co.jp/news/2026_06_04_143345,○
2026-08-18T23:14:55,スバル,page,,SUBARU　レヴォーグ レイバックの一部改良モデルを発表,https://www.subaru.co.jp/news/2026_06_04_143024,○
2026-08-18T23:14:55,スバル,page,,SUBARU　フォレスター改良モデルを発表,https://www.subaru.co.jp/news/2026_05_21_144616,○
2026-08-18T23:14:55,スバル,page,,SUBARU　新型「トレイルシーカー」を発表,https://www.subaru.co.jp/news/2026_04_09_145609,○
2026-08-18T23:14:55,スバル,page,,SUBARU　新型バッテリーEV「ゲッタウェイ」を世界初公開,https://www.subaru.co.jp/news/2026_04_02_151658,○
2026-08-18T23:14:55,スバル,page,,SUBARU　フォレスター 特別仕様車 「X-EDITION」を発表,https://www.subaru.co.jp/news/2023_10_25_153648,○
2026-08-18T23:14:55,スバル,page,,SUBARU 「レヴォーグ」改良モデルを発表,https://www.subaru.co.jp/news/2023_10_25_154247,○
2026-08-18T23:14:55,スバル,page,,SUBARU　「WRX S4」改良モデルを発表,https://www.subaru.co.jp/news/2023_10_25_154032,○
2026-08-18T23:14:55,スバル,page,,「SUBARU BRZ」一部改良モデルを発表,https://www.subaru.co.jp/news/2023_09_22_135116,○
2026-08-18T23:14:55,スバル,page,,SUBARU　「レガシィ アウトバック」の改良モデルを発表,https://www.subaru.co.jp/news/2023_09_07_145107,○
2026-08-18T23:14:55,スバル,page,,SUBARU 「フォレスター」 一部改良モデルを発表,https://www.subaru.co.jp/news/2023_08_24_141135,○
2026-08-18T23:14:55,スバル,page,,SUBARU 新型SUV「LEVORG LAYBACK」ティザー画像を公開,https://www.subaru.co.jp/news/2023_08_03_151403,○
2026-08-18T23:14:55,スバル,page,,SUBARU 「レガシィ アウトバック」改良モデルの専用サイトを公開,https://www.subaru.co.jp/news/2023_07_20_102357,○
2026-08-18T23:14:55,スバル,page,,SUBARU レヴォーグ特別仕様車「Smart Edition」を発表,https://www.subaru.co.jp/news/2023_07_03_120245,○
2026-08-18T23:14:55,スバル,page,,SUBARU マニュアルトランスミッション車向け「アイサイト」を開発　今秋発表予定のSUBARU BRZ改良モデルに初採用,https://www.subaru.co.jp/news/2023_06_20_172015,○
2026-08-18T23:14:55,スバル,page,,SUBARU　新型「インプレッサ」の価格を発表,https://www.subaru.co.jp/news/2023_04_20_132329,○
2026-08-18T23:14:55,スバル,page,,SUBARU　新型「インプレッサ」 専用サイトを公開,https://www.subaru.co.jp/news/2023_02_16_172136,○
2026-08-18T23:14:55,スバル,page,,SUBARU　新型「インプレッサ」（日本仕様車・プロトタイプ）を初公開,https://www.subaru.co.jp/news/2023_01_13_170612,○
2026-08-18T23:14:55,スバル,page,,SUBARU　特別仕様車「レヴォーグSTI Sport♯」を発表,https://www.subaru.co.jp/news/2023_01_13_170507,○
2026-08-18T23:14:55,スバル,page,,SUBARU　フォレスター特別仕様車「XT-EDITION」を発表,https://www.subaru.co.jp/news/2022_12_22_114506,○
2026-08-18T23:14:55,スバル,page,,SUBARU　新型「クロストレック」の価格を発表,https://www.subaru.co.jp/news/2022_12_01_135725,○
2026-08-18T23:14:55,スバル,page,,SUBARU　「レヴォーグ」一部改良モデルを発表,https://www.subaru.co.jp/news/2022_11_24_164639,○
2026-08-18T23:14:55,スバル,page,,SUBARU　「WRX S4」一部改良モデルを発表,https://www.subaru.co.jp/news/2022_11_24_162559,○
2026-08-18T23:14:55,スバル,page,,SUBARU　新型「インプレッサ」 を世界初公開,https://www.subaru.co.jp/news/2022_11_18_165728,○
2026-08-18T23:14:55,スバル,page,,SUBARU　「シフォン」一部改良モデルを発表,https://www.subaru.co.jp/news/2022_10_13_183834,○
2026-08-18T23:14:55,スバル,page,,SUBARU　新型「CROSSTREK」 を世界初公開,https://www.subaru.co.jp/news/2022_09_15_150743,○
2026-08-18T23:14:55,スバル,page,,SUBARU　「レガシィ アウトバック」一部改良モデルを発表,https://www.subaru.co.jp/news/2022_09_08_111846,○
2026-08-18T23:14:55,スバル,page,,SUBARU BRZ特別仕様車「S “10th Anniversary Limited”」を発表,https://www.subaru.co.jp/news/2022_07_24_135715,○
2026-08-18T23:14:55,スバル,page,,「SUBARU BRZ」一部改良モデルを発表,https://www.subaru.co.jp/news/2022_05_26_151055,○
2026-08-18T23:14:55,スバル,page,,SUBARU 新型BEV「SOLTERRA」（日本仕様車）の価格を発表,https://www.subaru.co.jp/news/2022_04_14_093616,○
2026-08-18T23:14:55,スバル,page,,SUBARU　新型「サンバーバン」および「サンバートラック」大幅改良モデルを発表,https://www.subaru.co.jp/news/2022_01_13_124658,○
2026-08-18T23:14:55,スバル,page,,「SUBARU XV」 一部改良モデルを発表,https://www.subaru.co.jp/news/2021_12_16_172030,○
2026-08-18T23:14:55,スバル,page,,SUBARU 「インプレッサ」 一部改良モデルを発表,https://www.subaru.co.jp/news/2021_12_16_170623,○
2026-08-18T23:14:55,スバル,page,,SUBARU　新型「WRX S4」を発表,https://www.subaru.co.jp/news/2021_11_25_133325,○
2026-08-18T23:14:55,スバル,page,,SUBARU　「レヴォーグ」一部改良モデルを発表,https://www.subaru.co.jp/news/2021_11_25_133106,○
2026-08-18T23:14:55,スバル,page,,SUBARU　新型「レガシィ アウトバック」を発表,https://www.subaru.co.jp/press/news/2021_10_07_11214,○
2026-08-18T23:14:55,スバル,page,,SUBARU　「シフォン」一部改良モデルを発表,https://www.subaru.co.jp/news/2021_09_30_11088,○
2026-08-18T23:14:55,スバル,page,,SUBARU 新型「アウトバック」がユーロNCAPの2021年安全性能テストで最高評価「ファイブスター」を獲得,https://www.subaru.co.jp/press/news/2021_09_21_10971,○
2026-08-18T23:14:55,スバル,page,,SUBARU　新型「WRX」を世界初公開,https://www.subaru.co.jp/press/news/2021_09_10_10869,○
2026-08-18T23:14:55,スバル,page,,SUBARU　「ステラ」一部改良モデルを発表,https://www.subaru.co.jp/press/news/2021_09_09_10842,○
2026-08-18T23:14:55,スバル,page,,SUBARU　新型「レガシィ アウトバック」を初公開,https://www.subaru.co.jp/press/news/2021_09_02_10761,○
2026-08-18T23:14:55,スバル,page,,SUBARU「フォレスター」大幅改良モデルを発表,https://www.subaru.co.jp/press/news/2021_08_19_10617,○
2026-08-18T23:14:55,スバル,page,,新型「SUBARU BRZ」を発表,https://www.subaru.co.jp/press/news/2021_07_29_10329,○
2026-08-18T23:14:55,スバル,page,,SUBARU XV特別仕様車「2.0e-L EyeSight Smart Edition」を発表,https://www.subaru.co.jp/press/news/2021_06_17_9937,○
2026-08-18T23:14:55,スバル,page,,SUBARU　「フォレスター」大幅改良モデルを初公開,https://www.subaru.co.jp/press/news/2021_06_14_9929,○
2026-08-18T23:14:55,スバル,page,,SUBARU 2022年に発売する新型EVの名称を「SOLTERRA（ソルテラ）」に決定,https://www.subaru.co.jp/press/news/2021_05_11_9750,○
2026-08-18T23:14:55,スバル,page,,新型「SUBARU BRZ」（日本仕様）を公開,https://www.subaru.co.jp/press/news/2021_04_05_9684,○
2026-08-18T23:14:55,スバル,page,,TOYOTA GAZOO RacingとSUBARU、共同開発の新型車両を公開 「いっしょにいいクルマつくろう！トークセッション」 4月5日にオンラインにて合同開催,https://www.subaru.co.jp/press/news/2021_03_25_9636,○
2026-08-18T23:14:55,スバル,page,,SUBARU　「シフォン」一部改良モデルを発表,https://www.subaru.co.jp/press/news/2020_12_08_9332,○
2026-08-18T23:14:55,スバル,page,,SUBARU　新型「レヴォーグ」が「2020–2021日本カー・オブ・ザ・イヤー」を受賞,https://www.subaru.co.jp/press/news/2020_12_07_9322,○
2026-08-18T23:14:55,スバル,page,,SUBARU　「プレオ プラス」一部改良モデルを発表,https://www.subaru.co.jp/press/news/2020_12_01_9307,○
2026-08-18T23:14:55,スバル,page,,新型「SUBARU BRZ」を世界初公開,https://www.subaru.co.jp/press/news/2020_11_18_9247,○
2026-08-18T23:14:55,スバル,page,,SUBARU　「フォレスター」改良モデルを発表,https://www.subaru.co.jp/press/news/2020_10_22_9106,○
2026-08-18T23:14:55,スバル,page,,SUBARU　新型「レヴォーグ」を発表,https://www.subaru.co.jp/press/news/2020_10_15_9094,○
2026-08-18T23:14:55,スバル,page,,SUBARU　新型「レヴォーグ」TVCMを放映開始,https://www.subaru.co.jp/press/news/2020_10_15_9084,○
2026-08-18T23:14:55,スバル,page,,SUBARU　「インプレッサ」一部改良モデルを発表,https://www.subaru.co.jp/press/news/2020_10_08_9060,○
2026-08-18T23:14:55,スバル,page,,SUBARU　「ジャスティ」一部改良モデルを発売,https://www.subaru.co.jp/press/news/2020_09_24_9025,○
2026-08-18T23:14:55,スバル,page,,SUBARU　「インプレッサ」一部改良モデルの先行予約を開始,https://www.subaru.co.jp/press/news/2020_09_17_9015,○
2026-08-18T23:14:55,スバル,page,,「SUBARU XV」大幅改良モデルを発表,https://www.subaru.co.jp/press/news/2020_09_04_9004,○
2026-08-18T23:14:55,スバル,page,,SUBARU　「サンバートラック」「サンバーバン」一部改良モデルを発売,https://www.subaru.co.jp/press/news/2020_09_03_8997,○
2026-08-18T23:14:55,スバル,page,,SUBARU　「ステラ」一部改良モデルを発売,https://www.subaru.co.jp/press/news/2020_08_27_8948,○
2026-08-18T23:14:55,スバル,page,,SUBARU　新型「レヴォーグ」先行予約を開始,https://www.subaru.co.jp/press/news/2020_08_20_8925,○
2026-08-18T23:14:55,スバル,page,,SUBARU フォレスター特別仕様車「X-Edition」を発表,https://www.subaru.co.jp/press/news/2019_11_26_8061,○
2026-08-18T23:14:55,スバル,page,,SUBARU レヴォーグ 特別仕様車「2.0GT EyeSight V-SPORT」を発表,https://www.subaru.co.jp/press/news/2019_11_07_7993,○
2026-08-18T23:14:55,スバル,page,,SUBARU　「サンバーバン」「ディアスワゴン」一部改良モデルを発売,https://www.subaru.co.jp/press/news/2019_11_07_7954,○
2026-08-18T23:14:55,スバル,page,,WRX STI 特別仕様車「EJ20 Final Edition」プロトタイプを公開,https://www.subaru.co.jp/press/news/2019_10_23_7915,○
2026-08-18T23:14:55,スバル,page,,SUBARU　「サンバートラック」一部改良モデルを発売,https://www.subaru.co.jp/press/news/2019_10_17_7903,○
2026-08-18T23:14:55,スバル,page,,SUBARU　「インプレッサ」大幅改良モデルを発表,https://www.subaru.co.jp/press/news/2019_10_10_7806,○
2026-08-18T23:14:55,スバル,page,,「SUBARU XV」改良モデルを発表,https://www.subaru.co.jp/press/news/2019_10_10_7797,○
2026-08-18T23:14:55,スバル,page,,SUBARU　「レガシィ　アウトバック／B4」一部改良モデルを発表,https://www.subaru.co.jp/press/news/2019_09_03_7643,○
2026-08-18T23:14:55,スバル,page,,SUBARU 「インプレッサ」大幅改良モデル　専用サイトで事前情報を公開,https://www.subaru.co.jp/press/news/2019_08_27_7620,○
2026-08-18T23:14:55,スバル,page,,SUBARU 新型「レガシィ」・「アウトバック」の米国生産を開始,https://www.subaru.co.jp/press/news/2019_07_30_7538,○
2026-08-18T23:14:55,スバル,page,,SUBARU　新型「シフォン」を発表,https://www.subaru.co.jp/press/news/2019_07_16_7510,○
2026-08-18T23:14:55,スバル,page,,SUBARU　「フォレスター」一部改良モデルを発表,https://www.subaru.co.jp/press/news/2019_06_10_7347,○
2026-08-18T23:14:55,スバル,page,,SUBARU 「WRX S4/STI」改良モデルを発表,https://www.subaru.co.jp/press/news/2019_05_14_7217,○
2026-08-18T23:14:55,スバル,page,,SUBARU「レヴォーグ」改良モデルを発表,https://www.subaru.co.jp/press/news/2019_05_07_7176,○
2026-08-18T23:14:55,スバル,page,,SUBARU 新型「アウトバック」を世界初公開,https://www.subaru.co.jp/press/news/2019_04_18_7137,○
2026-08-18T23:14:55,スバル,page,,「SUBARU BRZ」改良モデルを発表,https://www.subaru.co.jp/press/news/2019_04_09_7079,○
2026-08-18T23:14:55,スバル,page,,SUBARU 「サンバーバン」を一部改良し発売,https://www.subaru.co.jp/press/news/2018_12_17_6660,○
2026-08-18T23:14:55,スバル,page,,SUBARU シフォン特別仕様車「G Special Sport スマートアシスト」を発売,https://www.subaru.co.jp/press/news/2018_12_10_6623,○
2026-08-18T23:14:55,スバル,page,,SUBARU　新型フォレスターがJNCAP予防安全性能アセスメントで 最高ランク（ASV+++）を獲得,https://www.subaru.co.jp/press/news/2018_11_29_6581,○
2026-08-18T23:14:55,スバル,page,,SUBARU　レヴォーグ特別仕様車「1.6GT EyeSight V-SPORT」を発表,https://www.subaru.co.jp/press/news/2018_11_27_6561,○
2026-08-18T23:14:55,スバル,page,,SUBARU 「ジャスティ」「ジャスティカスタム」改良モデルを発売,https://www.subaru.co.jp/press/news/2018_11_08_6515,○
2026-08-18T23:14:55,スバル,page,,SUBARU 新型「フォレスター」が2018年度グッドデザイン賞を受賞,https://www.subaru.co.jp/press/news/2018_10_15_6401,○
2026-08-18T23:14:55,スバル,page,,「SUBARU XV」改良モデルを発表,https://www.subaru.co.jp/press/news/2018_10_11_6378,○
2026-08-18T23:14:55,スバル,page,,「インプレッサ」改良モデルを発表,https://www.subaru.co.jp/press/news/2018_10_11_6377,○
2026-08-18T23:14:55,スバル,page,,新型「フォレスター」の受注が好調,https://www.subaru.co.jp/press/news/2018_09_14_6250,○
2026-08-18T23:14:55,スバル,page,,「SUBARU BRZ」改良モデルを発表,https://www.subaru.co.jp/press/news/2018_09_11_6224,○
2026-08-18T23:14:55,スバル,page,,SUBARU　「レガシィ　アウトバック／B4」改良モデルを発表,https://www.subaru.co.jp/press/news/2018_09_10_6216,○
2026-08-18T23:14:55,スバル,page,,SUBARU　WRX STI 特別仕様車 「TYPE RA-R」を500台限定発売,https://www.subaru.co.jp/press/news/2018_07_19_6099,○
2026-08-18T23:14:55,スバル,page,,新型「フォレスター」を発表,https://www.subaru.co.jp/press/news/2018_06_20_5987,○
2026-08-18T23:14:55,スバル,page,,新型「フォレスター」 TVCM放送開始,https://www.subaru.co.jp/press/news/2018_06_20_5981,○
2026-08-18T23:14:55,スバル,page,,新型「フォレスター」 先行予約を開始,https://www.subaru.co.jp/press/news/2018_05_18_5842,○
2026-08-18T23:14:55,スバル,page,,新型フォレスターを恵比寿ショールームで先行展示,https://www.subaru.co.jp/press/news/2018_05_18_5851,○
2026-08-18T23:14:55,スバル,page,,「サンバートラック」改良モデルを発売,https://www.subaru.co.jp/press/news/2018_05_14_5824,○
2026-08-18T23:14:55,スバル,page,,SUBARU 新型3列SUV「ASCENT（アセント）」の米国生産を開始,https://www.subaru.co.jp/press/news/2018_05_08_5758,○
2026-08-18T23:14:55,スバル,page,,「レヴォーグ」改良モデルを発表,https://www.subaru.co.jp/press/news/2018_04_27_5691,○
2026-08-18T23:14:55,スバル,page,,「WRX STI/S4」改良モデルを発表,https://www.subaru.co.jp/press/news/2018_04_27_5690,○
2026-08-18T23:14:55,スバル,page,,インプレッサSPORT/G4 特別仕様車「1.6i-L EyeSight S-style」発表,https://www.subaru.co.jp/press/news/2018_02_26_5415,○
2026-08-18T23:14:55,スバル,page,,「シフォン」「シフォンカスタム」改良モデルを発売,https://www.subaru.co.jp/press/news/2017_12_18_5218,○
2026-08-18T23:14:55,スバル,page,,SUBARU 北米市場専用新型3列SUV「ASCENT（アセント）」を世界初公開,https://www.subaru.co.jp/press/news/2017_11_29_5102,○
2026-08-18T23:14:55,スバル,page,,「サンバーバン」「ディアスワゴン」改良モデルを発売,https://www.subaru.co.jp/press/news/2017_11_13_5062,○
2026-08-18T23:14:55,スバル,page,,WRX STI 特別仕様車 「S208」を450台限定発売,https://www.subaru.co.jp/press/news/2017_10_25_4932,○
2026-08-18T23:14:55,スバル,page,,「インプレッサ」改良モデルを発表,https://www.subaru.co.jp/press/news/2017_09_11_4711,○
2026-08-18T23:14:55,スバル,page,,「SUBARU BRZ」改良モデルを発表,https://www.subaru.co.jp/press/news/2017_09_11_4703,○
2026-08-18T23:14:55,スバル,page,,「レガシィ　アウトバック／B4」大幅改良モデルを発表,https://www.subaru.co.jp/press/news/2017_09_04_4680,○
2026-08-18T23:14:55,スバル,page,,新型「レヴォーグ」・「WRX S4」の受注状況について,https://www.subaru.co.jp/press/news/2017_08_07_4588,○
2026-08-18T23:14:55,スバル,page,,「ステラ」「ステラカスタム」大幅改良モデルを発売,https://www.subaru.co.jp/press/news/2017_08_01_4543,○
2026-08-18T23:14:55,スバル,page,,特別仕様車　フォレスター「Smart Edition」を発表,https://www.subaru.co.jp/press/news/2017_07_25_4517,○
2026-08-18T23:14:55,スバル,page,,「レヴォーグ」大幅改良モデルを発表,https://www.subaru.co.jp/press/news/2017_07_03_4414,○
2026-08-18T23:14:55,スバル,page,,「WRX S4」大幅改良モデルを発表,https://www.subaru.co.jp/press/news/2017_07_03_4413,○
2026-08-18T23:14:55,スバル,page,,新型「SUBARU XV」の受注状況について,https://www.subaru.co.jp/press/news/2017_06_29_4403,○
2026-08-18T23:14:55,スバル,page,,新型「レヴォーグ」「WRX S4」を本年夏に発表  ～進化したアイサイトを搭載し運転負荷を大幅に軽減～,https://www.subaru.co.jp/press/news/2017_06_05_4245,○
2026-08-18T23:14:55,スバル,page,,「WRX STI」大幅改良モデルを発表,https://www.subaru.co.jp/press/news/2017_05_24_4173,○
2026-08-18T23:14:55,スバル,page,,SUBARU　新型「プレオ プラス」を発売,https://www.subaru.co.jp/press/news/2017_05_09_4065,○
2026-08-18T23:14:55,スバル,page,,新型「SUBARU XV」を発表 ～2016年度自動車アセスメント「衝突安全性能評価大賞」を受賞～,https://www.subaru.co.jp/press/news/2017_04_06_3925,○
2026-08-18T23:14:55,スバル,page,,スバル　フォレスター　改良モデルを発表,https://www.subaru.co.jp/press/news/2017_03_13_3786,○
2026-08-18T23:14:55,スバル,page,,スバル　CROSSOVER7　改良モデルを発表,https://www.subaru.co.jp/press/news/2017_03_13_3778,○
2026-08-18T23:14:55,スバル,page,,スバル 新型「SUBARU XV」 先行予約を開始,https://www.subaru.co.jp/press/news/2017_03_08_3771,○
2026-08-18T23:14:55,スバル,page,,スバル 新型「シフォン」を発売 ～衝突回避支援システム「スマートアシストⅢ」を全車標準装備～,https://www.subaru.co.jp/press/news/2016_12_13_3372,○
2026-08-18T23:14:55,スバル,page,,スバル 新型インプレッサSPORT/G4が「2016–2017日本カー・オブ・ザ・イヤー」を受賞 ～ 2003年 レガシィ以来 13年ぶり2度目の受賞 ～,https://www.subaru.co.jp/press/news/2016_12_09_3359,○
2026-08-18T23:14:55,スバル,page,,スバル「アイサイト」を搭載する新型インプレッサ、レガシィ、フォレスター、レヴォーグ/WRX S4が 2016年度予防安全性能アセスメントで最高ランクを獲得,https://www.subaru.co.jp/press/news/2016_12_01_3315,○
2026-08-18T23:14:55,スバル,page,,スバル　新型「インプレッサ」 1.6Lエンジン搭載グレードを発売 ～11月28日よりTVCM「愛で選ぶクルマ」クリスマス特別篇を放送開始～,https://www.subaru.co.jp/press/news/2016_11_28_3297,○
2026-08-18T23:14:55,スバル,page,,スバル　新型「インプレッサ」の受注状況について,https://www.subaru.co.jp/press/news/2016_11_15_3206,○
2026-08-18T23:14:55,スバル,page,,スバル 新型「ジャスティ」を発表 ～衝突回避支援システム「スマートアシストⅡ」を全車標準装備～,https://www.subaru.co.jp/press/news/2016_11_09_3171,○
2026-08-18T23:14:55,スバル,page,,"スバル 新型「インプレッサ」を発表 ～先行予約期間に約6,000台のご予約～",https://www.subaru.co.jp/press/news/2016_10_13_3045,○
2026-08-18T23:14:55,スバル,page,,スバル　特別仕様車「WRX S4 tS」を期間限定発売,https://www.subaru.co.jp/press/news/2016_10_04_2981,○
2026-08-18T23:14:55,スバル,page,,スバル　特別仕様車　フォレスター 「Style Modern」を発売 ～BOXERエンジン50周年特別記念車の第六弾～,https://www.subaru.co.jp/press/news/2016_10_03_2972,○
2026-08-18T23:14:55,スバル,page,,スバル　特別仕様車　CROSSOVER 7 「Active Style」を発売 ～BOXERエンジン50周年特別記念車の第五弾～,https://www.subaru.co.jp/press/news/2016_10_03_2971,○
2026-08-18T23:14:55,スバル,page,,スバル　特別仕様車　レヴォーグ 「1.6GT EyeSight Smart Edition」を発表 ～BOXERエンジン50周年特別記念車の第四弾～,https://www.subaru.co.jp/press/news/2016_10_03_2964,○
2026-08-18T23:14:55,スバル,page,,スバル 新型「インプレッサ」 TVCM放送開始 ～TVCM楽曲にDREAMS COME TRUEの「LOVE LOVE LOVE」を採用～,https://www.subaru.co.jp/press/news/2016_09_21_2902,○
2026-08-18T23:14:55,スバル,page,,スバル　特別仕様車「SUBARU XV HYBRID tS」を発表 ～SUBARUトレイルジャム in Mt.FUJIにて特別展示～,https://www.subaru.co.jp/press/news/2016_09_20_2889,○
2026-08-18T23:14:55,スバル,page,,スバル　レガシィ　アウトバック/B4 を改良,https://www.subaru.co.jp/press/news/2016_09_08_2845,○
2026-08-18T23:14:55,スバル,page,,スバル　特別仕様車「LEGACY B4 SporVita」を300台限定発売 ～イタリアの老舗革製品サプライヤーMARIO LEVI社とのコラボレーション第二弾～,https://www.subaru.co.jp/press/news/2016_09_08_2853,○
2026-08-18T23:14:55,スバル,page,,スバル　特別仕様車　「LEGACY OUTBACK X-ADVANCE」を発表 ～BOXERエンジン50周年特別記念車の第三弾～,https://www.subaru.co.jp/press/news/2016_09_08_2849,○
2026-08-18T23:14:55,スバル,page,,スバル 新型「インプレッサ」 先行予約を開始 ～国産初の歩行者保護エアバッグと7つの乗員保護エアバッグを全車標準装備～,https://www.subaru.co.jp/press/news/2016_09_01_2835,○
2026-08-18T23:14:55,スバル,page,,"スバル　レヴォーグ「STI Sport」の受注状況について ～ 発売1ヶ月で3,000台超え、レヴォーグ全体の4割を占める受注、好調なスタート ～",https://www.subaru.co.jp/press/news/2016_08_23_2800,○
2026-08-18T23:14:55,スバル,page,,スバル　特別仕様車「SUBARU XV HYBRID tS」先行予約を開始,https://www.subaru.co.jp/press/news/2016_07_28_2643,○
2026-08-18T23:14:55,スバル,page,,スバル 新型「インプレッサ」（国内仕様車）を公開  ～　スバル初の歩行者保護エアバッグと、アイサイト(ver.3)を全車に標準装備 ～,https://www.subaru.co.jp/press/news/2016_07_26_2626,○
2026-08-18T23:14:55,スバル,page,,スバル　特別仕様車　「フォレスター Brown Leather Selection」を発表,https://www.subaru.co.jp/press/news/2016_07_11_2595,○
2026-08-18T23:14:55,スバル,page,,スバル 「SUBARU BRZ」の大幅改良モデルを発表 ～2016年秋に走りのポテンシャルを高めた最上級グレードを追加予定～,https://www.subaru.co.jp/press/news/2016_07_05_2584,○
2026-08-18T23:14:55,スバル,page,,スバル ステラを改良　～ステラカスタムに新グレード追加～,https://www.subaru.co.jp/press/news/2016_06_21_2513,○
2026-08-18T23:14:55,スバル,page,,スバル　特別仕様車　「SUBARU XV 2.0i EyeSight Proud Edition」を発表 ～BOXERエンジン50周年特別記念車の第一弾～,https://www.subaru.co.jp/press/news/2016_05_10_2271,○
2026-08-18T23:14:55,スバル,page,,スバル　WRX S4／STIを改良,https://www.subaru.co.jp/press/news/2016_04_11_2174,○
2026-08-18T23:14:55,スバル,page,,スバル　レヴォーグを改良 ～2016年夏にSTIブランドの新グレード追加予定～,https://www.subaru.co.jp/press/news/2016_04_11_2166,○
2026-08-18T23:14:55,スバル,page,,スバル　特別仕様車　「CROSSOVER 7　Modern Style」を発表 ～お洒落なインテリアにダークブラウン色の新たな仕様を追加～,https://www.subaru.co.jp/press/news/2015_12_10_1559,○
2026-08-18T23:14:55,スバル,page,,スバル　特別仕様車　「レガシィ　アウトバック　Limited　Smart Edition」を発表,https://www.subaru.co.jp/press/news/2015_12_10_1567,○
2026-08-18T23:14:55,スバル,page,,スバル　特別仕様車　「レヴォーグ　1.6GT EyeSight S-style」を発売,https://www.subaru.co.jp/press/news/2015_12_10_1566,○
2026-08-18T23:14:55,スバル,page,,スバル フォレスター 大幅改良モデルを発売,https://www.subaru.co.jp/press/news/2015_10_28_1311,○
2026-08-18T23:14:55,スバル,page,,スバルWRX STI 特別仕様車「 S207」を400台限定発売,https://www.subaru.co.jp/press/news/2015_10_28_1327,○
2026-08-18T23:14:55,スバル,page,,スバル 特別仕様車 WRX S4 SporVitaを500台限定発売 ～イタリアの老舗皮革製品サプライヤー MARIO LEVI社とのコラボレーションモデル～,https://www.subaru.co.jp/press/news/2015_10_28_1364,○
2026-08-18T23:14:55,スバル,page,,SUBARU XV／SUBARU XV HYBRID 大幅改良モデルを発売,https://www.subaru.co.jp/press/news/2015_10_28_1319,○
2026-08-18T23:14:55,スバル,page,,スバル　フォレスター　大幅改良モデルを公開 ～アイサイト（ver.3）や新開発ヘッドランプ機能など、先進安全装備を採用～,https://www.subaru.co.jp/press/news/2015_10_06_1165,○
2026-08-18T23:14:55,スバル,page,,SUBARU XV / SUBARU XV HYBRID　大幅改良モデルを公開 ～先進安全装備「アドバンスドセイフティパッケージ」を採用～,https://www.subaru.co.jp/press/news/2015_10_06_1172,○
2026-08-18T23:14:55,スバル,page,,スバル　インプレッサ　SPORT／G4を改良 ～1.6Lモデルにアイサイト（ver.3）を設定～,https://www.subaru.co.jp/press/news/2015_10_06_1176,○
2026-08-18T23:14:55,スバル,page,,スバル　レガシィ　アウトバック／B4を改良 ～アドバンスドセイフティパッケージを標準装備～,https://www.subaru.co.jp/press/news/2015_09_10_1014,○
2026-08-18T23:14:55,スバル,page,,「SUBARU BRZ tS」を300台限定発売,https://www.subaru.co.jp/press/news/2015_06_30_11,○
2026-08-18T23:14:55,スバル,page,,スバル WRX S4／STIを改良,https://www.subaru.co.jp/press/news/2015_06_30_50,○
2026-08-18T23:14:55,スバル,page,,スバル　特別仕様車 「Proud Edition」シリーズをレヴォーグに設定し発売,https://www.subaru.co.jp/press/news/2015_06_01_65,○
2026-08-18T23:14:55,スバル,page,,スバル ステラを改良,https://www.subaru.co.jp/press/news/2015_05_20_72,○
2026-08-18T23:14:55,スバル,page,,特別仕様車 スバル プレオ プラス「Black Edition」を発売,https://www.subaru.co.jp/press/news/2015_04_22_113,○
2026-08-18T23:14:55,スバル,page,,スバル　新型　「CROSSOVER 7（クロスオーバーセブン）」を発売,https://www.subaru.co.jp/press/news/2015_04_16_120,○
2026-08-18T23:14:55,スバル,page,,スバル　レヴォーグを改良,https://www.subaru.co.jp/press/news/2015_04_16_125,○
2026-08-18T23:14:55,スバル,page,,スバル　特別仕様車「Proud Edition」シリーズを発表～アイサイト搭載車の予防安全性能アセスメント最高ランク獲得を記念～,https://www.subaru.co.jp/press/news/2015_04_14_129,○
2026-08-18T23:14:55,スバル,page,,スバル プレオ プラスを改良,https://www.subaru.co.jp/press/news/2015_04_08_135,○
2026-08-18T23:14:55,スバル,page,,スバル 「サンバーバン」および「ディアスワゴン」を改良,https://www.subaru.co.jp/press/news/2015_04_03_139,○
2026-08-18T23:14:55,スバル,page,,SUBARU BRZを改良,https://www.subaru.co.jp/press/news/2015_02_10_161,○
2026-08-18T23:14:59,スズキ,rss,2026年8月18日,,https://www.suzuki.co.jp/release/d/2026/0818/,
2026-08-18T23:14:59,ダイハツ,page,,"2026/07/29
製品・技術
車（モデル）
軽乗用車「ムーヴ キャンバス」、「ムーヴ」を一部改良するとともに、「ムーヴ キャンバス」に世界観を広げる特別仕様車を設定",https://www.daihatsu.com/jp/news/2026/20260729-1.html,○
2026-08-18T23:14:59,ダイハツ,page,,"2026/07/15
製品・技術
車（モデル）
軽クロスオーバー「タフト」を一部改良するとともに、レジャー要素を強めた２種類の特別仕様車を設定",https://www.daihatsu.com/jp/news/2026/20260715-1.html,○
2026-08-18T23:14:59,ダイハツ,page,,"2026/06/04
製品・技術
車（モデル）
ダイハツ、軽商用車「ハイゼット カーゴ」、「アトレー」を一部改良し、安全性を向上",https://www.daihatsu.com/jp/news/2026/20260604-1.html,○
2026-08-18T23:14:59,ダイハツ,page,,"2026/03/19
製品・技術
車（モデル）
ダイハツ、軽商用車「ハイゼット トラック」を一部改良し、安全性を向上",https://www.daihatsu.com/jp/news/2026/20260319-1.html,○
2026-08-18T23:14:59,ダイハツ,page,,"2026/02/02
製品・技術
車（モデル）
ダイハツ、初の量産BEVとなる「e-ハイゼット カーゴ」、「e-アトレー」を発売",https://www.daihatsu.com/jp/news/2026/20260202-1.html,○
2026-08-18T23:15:00,三菱,page,,2026年08月04日三菱自動車、新型クロスカントリーSUV『パジェロ』で路面を選ばない走破性と上質かつ快適な乗り心地を実現（別ウィンドウで開く）,https://www.mitsubishi-motors.com/jp/newsroom/newsrelease/2026/20260804_1.html,○
2026-08-18T23:15:00,三菱,page,,2026年08月04日三菱自動車、新型クロスカントリーSUV『パジェロ』で路面を選ばない走破性と上質かつ快適な乗り心地を実現（別ウィンドウで開く）商品・技術情報,https://www.mitsubishi-motors.com/jp/newsroom/newsrelease/2026/20260804_1.html,○
2026-08-18T23:15:00,三菱,page,,第5回人権委員会の開催について（別ウィンドウで開く）,https://www.mitsubishi-motors.com/jp/sustainability/sustainabilitynews/2026/08/06_2.html,
2026-08-19T23:15:38,トヨタ,rss,"Wed, 19 Aug 2026 15:00:00 +0900",トヨタ博物館 企画展「日本のモータリゼーション　-マイカー元年から60年-」を9月11日より開催,https://toyota-automobile-museum.jp/event/detail/11118.html,
2026-08-19T23:15:38,トヨタ,rss,"Mon, 03 Aug 2026 13:30:00 +0900",ヤリス クロス GR SPORTグレードを一部改良,https://global.toyota/jp/newsroom/toyota/44698459.html,○
2026-08-19T23:15:38,トヨタ,rss,"Mon, 03 Aug 2026 13:30:00 +0900",【画像差替】ハリアーを一部改良,https://global.toyota/jp/newsroom/toyota/44698256.html,○
2026-08-19T23:15:38,トヨタ,rss,"Mon, 03 Aug 2026 13:30:00 +0900",シエンタを一部改良,https://global.toyota/jp/newsroom/toyota/44698107.html,○
2026-08-19T23:15:38,トヨタ,rss,"Wed, 29 Jul 2026 13:30:00 +0900",コースターを一部改良,https://global.toyota/jp/newsroom/toyota/44679233.html,○
2026-08-19T23:15:38,トヨタ,rss,"Wed, 15 Jul 2026 13:30:00 +0900",新型クラウン（クロスオーバー）のデザインを先行公開,https://global.toyota/jp/newsroom/toyota/44641170.html,○
2026-08-19T23:15:38,トヨタ,rss,"Mon, 13 Jul 2026 13:30:00 +0900",カローラ スポーツを一部改良するとともに、特別仕様車 G“Z・ACTIVE ELEGANCE”を設定,https://global.toyota/jp/newsroom/toyota/44626118.html,○
2026-08-19T23:15:38,トヨタ,rss,"Mon, 06 Jul 2026 13:30:00 +0900",アクアを一部改良しGR SPORTグレードを追加,https://global.toyota/jp/newsroom/toyota/44600338.html,○
2026-08-19T23:15:38,トヨタ,rss,"Wed, 01 Jul 2026 13:30:00 +0900",プリウスを一部改良,https://global.toyota/jp/newsroom/toyota/44548404.html,○
2026-08-19T23:15:38,トヨタ,rss,"Wed, 01 Jul 2026 13:30:00 +0900",カローラ クロスを一部改良するとともに、特別仕様車 Z“Adventure”を設定,https://global.toyota/jp/newsroom/toyota/44548254.html,○
2026-08-19T23:15:39,日産,page,,新型「エルグランド」を発表,https://global.nissannews.com/ja-JP/releases/260716-01-j,○
2026-08-19T23:15:39,日産,page,,「ルークス」が「第20回キッズデザイン賞（安全・安心部門）」を受賞,https://global.nissannews.com/ja-JP/releases/260819-01-j,
2026-08-19T23:15:39,日産,page,,日産自動車株式会社（本社：神奈川県横浜市西区、社長：イヴァン エスピノーサ）は19日、「ルークス」に採用している、クルマ酔い軽減に貢献する技術が評価され、軽自動車として初めて「第20回キッズデザイン賞（安全・安心向上部門）」を受賞しました。,https://global.nissannews.com/ja-JP/releases/260819-01-j,
2026-08-19T23:15:39,日産,page,,日産自動車株式会社（本社：神奈川県横浜市西区、社長：イヴァン エスピノーサ）は16日、昨年のJapan Mobility Show2025にて先行公開した新型「エルグランド」を同日より発売すると発表しました。,https://global.nissannews.com/ja-JP/releases/260716-01-j,○
2026-08-19T23:15:39,日産,page,,日産、新型SUV「テクトン」を発表,https://global.nissannews.com/ja-JP/releases/260709-01-j,○
2026-08-19T23:15:39,日産,page,,日産自動車株式会社（本社：神奈川県横浜市西区、代表執行役社長兼CEO：イヴァン エスピノーサ）は9日、インドで行われたワールドプレミアにおいて、新型SUV日産「テクトン」を発表しました。これは、日産の変革における重要なマイルストーンであり、日産の将来に向けてインドが果たす重要な役割を示すものです。,https://global.nissannews.com/ja-JP/releases/260709-01-j,○
2026-08-19T23:15:44,スバル,page,,画像ライブラリー,https://www.subaru.co.jp/media/,
2026-08-19T23:15:44,スバル,page,,メール配信の登録,https://subaru-corporation-mailmagazine.spiral-site.com/,
2026-08-19T23:15:44,スバル,page,,「SUBARU BRZ」改良モデルを発表,https://www.subaru.co.jp/news/2026_07_30_094952,○
2026-08-19T23:15:44,スバル,page,,SUBARU　レヴォーグの一部改良モデルを発表,https://www.subaru.co.jp/news/2026_06_04_143345,○
2026-08-19T23:15:44,スバル,page,,SUBARU　レヴォーグ レイバックの一部改良モデルを発表,https://www.subaru.co.jp/news/2026_06_04_143024,○
2026-08-19T23:15:44,スバル,page,,SUBARU　フォレスター改良モデルを発表,https://www.subaru.co.jp/news/2026_05_21_144616,○
2026-08-19T23:15:44,スバル,page,,SUBARU　新型「トレイルシーカー」を発表,https://www.subaru.co.jp/news/2026_04_09_145609,○
2026-08-19T23:15:44,スバル,page,,SUBARU　新型バッテリーEV「ゲッタウェイ」を世界初公開,https://www.subaru.co.jp/news/2026_04_02_151658,○
2026-08-19T23:15:44,スバル,page,,SUBARU　新型「クロストレック」の価格を発表,https://www.subaru.co.jp/news/2022_12_01_135725,○
2026-08-19T23:15:44,スバル,page,,SUBARU　「レヴォーグ」一部改良モデルを発表,https://www.subaru.co.jp/news/2022_11_24_164639,○
2026-08-19T23:15:44,スバル,page,,SUBARU　「WRX S4」一部改良モデルを発表,https://www.subaru.co.jp/news/2022_11_24_162559,○
2026-08-19T23:15:44,スバル,page,,SUBARU　新型「インプレッサ」 を世界初公開,https://www.subaru.co.jp/news/2022_11_18_165728,○
2026-08-19T23:15:44,スバル,page,,SUBARU　「シフォン」一部改良モデルを発表,https://www.subaru.co.jp/news/2022_10_13_183834,○
2026-08-19T23:15:44,スバル,page,,SUBARU　新型「CROSSTREK」 を世界初公開,https://www.subaru.co.jp/news/2022_09_15_150743,○
2026-08-19T23:15:44,スバル,page,,SUBARU　「レガシィ アウトバック」一部改良モデルを発表,https://www.subaru.co.jp/news/2022_09_08_111846,○
2026-08-19T23:15:44,スバル,page,,SUBARU BRZ特別仕様車「S “10th Anniversary Limited”」を発表,https://www.subaru.co.jp/news/2022_07_24_135715,○
2026-08-19T23:15:44,スバル,page,,「SUBARU BRZ」一部改良モデルを発表,https://www.subaru.co.jp/news/2022_05_26_151055,○
2026-08-19T23:15:44,スバル,page,,SUBARU 新型BEV「SOLTERRA」（日本仕様車）の価格を発表,https://www.subaru.co.jp/news/2022_04_14_093616,○
2026-08-19T23:15:44,スバル,page,,SUBARU　新型「サンバーバン」および「サンバートラック」大幅改良モデルを発表,https://www.subaru.co.jp/news/2022_01_13_124658,○
2026-08-19T23:15:44,スバル,page,,「SUBARU XV」 一部改良モデルを発表,https://www.subaru.co.jp/news/2021_12_16_172030,○
2026-08-19T23:15:44,スバル,page,,SUBARU 「インプレッサ」 一部改良モデルを発表,https://www.subaru.co.jp/news/2021_12_16_170623,○
2026-08-19T23:15:44,スバル,page,,SUBARU　新型「WRX S4」を発表,https://www.subaru.co.jp/news/2021_11_25_133325,○
2026-08-19T23:15:44,スバル,page,,SUBARU　「レヴォーグ」一部改良モデルを発表,https://www.subaru.co.jp/news/2021_11_25_133106,○
2026-08-19T23:15:44,スバル,page,,SUBARU　新型「レガシィ アウトバック」を発表,https://www.subaru.co.jp/press/news/2021_10_07_11214,○
2026-08-19T23:15:44,スバル,page,,SUBARU　「シフォン」一部改良モデルを発表,https://www.subaru.co.jp/news/2021_09_30_11088,○
2026-08-19T23:15:44,スバル,page,,SUBARU 新型「アウトバック」がユーロNCAPの2021年安全性能テストで最高評価「ファイブスター」を獲得,https://www.subaru.co.jp/press/news/2021_09_21_10971,○
2026-08-19T23:15:44,スバル,page,,SUBARU　新型「WRX」を世界初公開,https://www.subaru.co.jp/press/news/2021_09_10_10869,○
2026-08-19T23:15:44,スバル,page,,SUBARU　「ステラ」一部改良モデルを発表,https://www.subaru.co.jp/press/news/2021_09_09_10842,○
2026-08-19T23:15:44,スバル,page,,SUBARU　新型「レガシィ アウトバック」を初公開,https://www.subaru.co.jp/press/news/2021_09_02_10761,○
2026-08-19T23:15:44,スバル,page,,SUBARU「フォレスター」大幅改良モデルを発表,https://www.subaru.co.jp/press/news/2021_08_19_10617,○
2026-08-19T23:15:44,スバル,page,,新型「SUBARU BRZ」を発表,https://www.subaru.co.jp/press/news/2021_07_29_10329,○
2026-08-19T23:15:44,スバル,page,,SUBARU XV特別仕様車「2.0e-L EyeSight Smart Edition」を発表,https://www.subaru.co.jp/press/news/2021_06_17_9937,○
2026-08-19T23:15:44,スバル,page,,SUBARU　「フォレスター」大幅改良モデルを初公開,https://www.subaru.co.jp/press/news/2021_06_14_9929,○
2026-08-19T23:15:44,スバル,page,,SUBARU 2022年に発売する新型EVの名称を「SOLTERRA（ソルテラ）」に決定,https://www.subaru.co.jp/press/news/2021_05_11_9750,○
2026-08-19T23:15:44,スバル,page,,新型「SUBARU BRZ」（日本仕様）を公開,https://www.subaru.co.jp/press/news/2021_04_05_9684,○
2026-08-19T23:15:44,スバル,page,,TOYOTA GAZOO RacingとSUBARU、共同開発の新型車両を公開 「いっしょにいいクルマつくろう！トークセッション」 4月5日にオンラインにて合同開催,https://www.subaru.co.jp/press/news/2021_03_25_9636,○
2026-08-19T23:15:44,スバル,page,,SUBARU　「シフォン」一部改良モデルを発表,https://www.subaru.co.jp/press/news/2020_12_08_9332,○
2026-08-19T23:15:44,スバル,page,,SUBARU　新型「レヴォーグ」が「2020–2021日本カー・オブ・ザ・イヤー」を受賞,https://www.subaru.co.jp/press/news/2020_12_07_9322,○
2026-08-19T23:15:44,スバル,page,,SUBARU　「プレオ プラス」一部改良モデルを発表,https://www.subaru.co.jp/press/news/2020_12_01_9307,○
2026-08-19T23:15:44,スバル,page,,新型「SUBARU BRZ」を世界初公開,https://www.subaru.co.jp/press/news/2020_11_18_9247,○
2026-08-19T23:15:44,スバル,page,,SUBARU　「フォレスター」改良モデルを発表,https://www.subaru.co.jp/press/news/2020_10_22_9106,○
2026-08-19T23:15:44,スバル,page,,SUBARU　新型「レヴォーグ」を発表,https://www.subaru.co.jp/press/news/2020_10_15_9094,○
2026-08-19T23:15:44,スバル,page,,SUBARU　新型「レヴォーグ」TVCMを放映開始,https://www.subaru.co.jp/press/news/2020_10_15_9084,○
2026-08-19T23:15:44,スバル,page,,SUBARU　「インプレッサ」一部改良モデルを発表,https://www.subaru.co.jp/press/news/2020_10_08_9060,○
2026-08-19T23:15:44,スバル,page,,SUBARU　「ジャスティ」一部改良モデルを発売,https://www.subaru.co.jp/press/news/2020_09_24_9025,○
2026-08-19T23:15:44,スバル,page,,SUBARU　「インプレッサ」一部改良モデルの先行予約を開始,https://www.subaru.co.jp/press/news/2020_09_17_9015,○
2026-08-19T23:15:44,スバル,page,,「SUBARU XV」大幅改良モデルを発表,https://www.subaru.co.jp/press/news/2020_09_04_9004,○
2026-08-19T23:15:44,スバル,page,,SUBARU　「サンバートラック」「サンバーバン」一部改良モデルを発売,https://www.subaru.co.jp/press/news/2020_09_03_8997,○
2026-08-19T23:15:44,スバル,page,,SUBARU　「ステラ」一部改良モデルを発売,https://www.subaru.co.jp/press/news/2020_08_27_8948,○
2026-08-19T23:15:44,スバル,page,,SUBARU　新型「レヴォーグ」先行予約を開始,https://www.subaru.co.jp/press/news/2020_08_20_8925,○
2026-08-19T23:15:44,スバル,page,,SUBARU フォレスター特別仕様車「X-Edition」を発表,https://www.subaru.co.jp/press/news/2019_11_26_8061,○
2026-08-19T23:15:44,スバル,page,,SUBARU レヴォーグ 特別仕様車「2.0GT EyeSight V-SPORT」を発表,https://www.subaru.co.jp/press/news/2019_11_07_7993,○
2026-08-19T23:15:44,スバル,page,,SUBARU　「サンバーバン」「ディアスワゴン」一部改良モデルを発売,https://www.subaru.co.jp/press/news/2019_11_07_7954,○
2026-08-19T23:15:44,スバル,page,,WRX STI 特別仕様車「EJ20 Final Edition」プロトタイプを公開,https://www.subaru.co.jp/press/news/2019_10_23_7915,○
2026-08-19T23:15:44,スバル,page,,SUBARU　「サンバートラック」一部改良モデルを発売,https://www.subaru.co.jp/press/news/2019_10_17_7903,○
2026-08-19T23:15:44,スバル,page,,SUBARU　「インプレッサ」大幅改良モデルを発表,https://www.subaru.co.jp/press/news/2019_10_10_7806,○
2026-08-19T23:15:44,スバル,page,,「SUBARU XV」改良モデルを発表,https://www.subaru.co.jp/press/news/2019_10_10_7797,○
2026-08-19T23:15:44,スバル,page,,SUBARU　「レガシィ　アウトバック／B4」一部改良モデルを発表,https://www.subaru.co.jp/press/news/2019_09_03_7643,○
2026-08-19T23:15:44,スバル,page,,SUBARU 「インプレッサ」大幅改良モデル　専用サイトで事前情報を公開,https://www.subaru.co.jp/press/news/2019_08_27_7620,○
2026-08-19T23:15:44,スバル,page,,SUBARU 新型「レガシィ」・「アウトバック」の米国生産を開始,https://www.subaru.co.jp/press/news/2019_07_30_7538,○
2026-08-19T23:15:44,スバル,page,,SUBARU　新型「シフォン」を発表,https://www.subaru.co.jp/press/news/2019_07_16_7510,○
2026-08-19T23:15:44,スバル,page,,SUBARU　「フォレスター」一部改良モデルを発表,https://www.subaru.co.jp/press/news/2019_06_10_7347,○
2026-08-19T23:15:44,スバル,page,,SUBARU 「WRX S4/STI」改良モデルを発表,https://www.subaru.co.jp/press/news/2019_05_14_7217,○
2026-08-19T23:15:44,スバル,page,,SUBARU「レヴォーグ」改良モデルを発表,https://www.subaru.co.jp/press/news/2019_05_07_7176,○
2026-08-19T23:15:44,スバル,page,,SUBARU 新型「アウトバック」を世界初公開,https://www.subaru.co.jp/press/news/2019_04_18_7137,○
2026-08-19T23:15:44,スバル,page,,「SUBARU BRZ」改良モデルを発表,https://www.subaru.co.jp/press/news/2019_04_09_7079,○
2026-08-19T23:15:44,スバル,page,,SUBARU 「サンバーバン」を一部改良し発売,https://www.subaru.co.jp/press/news/2018_12_17_6660,○
2026-08-19T23:15:44,スバル,page,,SUBARU シフォン特別仕様車「G Special Sport スマートアシスト」を発売,https://www.subaru.co.jp/press/news/2018_12_10_6623,○
2026-08-19T23:15:44,スバル,page,,SUBARU　新型フォレスターがJNCAP予防安全性能アセスメントで 最高ランク（ASV+++）を獲得,https://www.subaru.co.jp/press/news/2018_11_29_6581,○
2026-08-19T23:15:44,スバル,page,,SUBARU　レヴォーグ特別仕様車「1.6GT EyeSight V-SPORT」を発表,https://www.subaru.co.jp/press/news/2018_11_27_6561,○
2026-08-19T23:15:44,スバル,page,,SUBARU 「ジャスティ」「ジャスティカスタム」改良モデルを発売,https://www.subaru.co.jp/press/news/2018_11_08_6515,○
2026-08-19T23:15:44,スバル,page,,SUBARU 新型「フォレスター」が2018年度グッドデザイン賞を受賞,https://www.subaru.co.jp/press/news/2018_10_15_6401,○
2026-08-19T23:15:44,スバル,page,,「SUBARU XV」改良モデルを発表,https://www.subaru.co.jp/press/news/2018_10_11_6378,○
2026-08-19T23:15:44,スバル,page,,「インプレッサ」改良モデルを発表,https://www.subaru.co.jp/press/news/2018_10_11_6377,○
2026-08-19T23:15:44,スバル,page,,新型「フォレスター」の受注が好調,https://www.subaru.co.jp/press/news/2018_09_14_6250,○
2026-08-19T23:15:44,スバル,page,,「SUBARU BRZ」改良モデルを発表,https://www.subaru.co.jp/press/news/2018_09_11_6224,○
2026-08-19T23:15:44,スバル,page,,SUBARU　「レガシィ　アウトバック／B4」改良モデルを発表,https://www.subaru.co.jp/press/news/2018_09_10_6216,○
2026-08-19T23:15:44,スバル,page,,SUBARU　WRX STI 特別仕様車 「TYPE RA-R」を500台限定発売,https://www.subaru.co.jp/press/news/2018_07_19_6099,○
2026-08-19T23:15:44,スバル,page,,新型「フォレスター」を発表,https://www.subaru.co.jp/press/news/2018_06_20_5987,○
2026-08-19T23:15:44,スバル,page,,新型「フォレスター」 TVCM放送開始,https://www.subaru.co.jp/press/news/2018_06_20_5981,○
2026-08-19T23:15:44,スバル,page,,新型「フォレスター」 先行予約を開始,https://www.subaru.co.jp/press/news/2018_05_18_5842,○
2026-08-19T23:15:44,スバル,page,,新型フォレスターを恵比寿ショールームで先行展示,https://www.subaru.co.jp/press/news/2018_05_18_5851,○
2026-08-19T23:15:44,スバル,page,,「サンバートラック」改良モデルを発売,https://www.subaru.co.jp/press/news/2018_05_14_5824,○
2026-08-19T23:15:44,スバル,page,,SUBARU 新型3列SUV「ASCENT（アセント）」の米国生産を開始,https://www.subaru.co.jp/press/news/2018_05_08_5758,○
2026-08-19T23:15:44,スバル,page,,「レヴォーグ」改良モデルを発表,https://www.subaru.co.jp/press/news/2018_04_27_5691,○
2026-08-19T23:15:44,スバル,page,,「WRX STI/S4」改良モデルを発表,https://www.subaru.co.jp/press/news/2018_04_27_5690,○
2026-08-19T23:15:44,スバル,page,,インプレッサSPORT/G4 特別仕様車「1.6i-L EyeSight S-style」発表,https://www.subaru.co.jp/press/news/2018_02_26_5415,○
2026-08-19T23:15:44,スバル,page,,「シフォン」「シフォンカスタム」改良モデルを発売,https://www.subaru.co.jp/press/news/2017_12_18_5218,○
2026-08-19T23:15:44,スバル,page,,SUBARU 北米市場専用新型3列SUV「ASCENT（アセント）」を世界初公開,https://www.subaru.co.jp/press/news/2017_11_29_5102,○
2026-08-19T23:15:44,スバル,page,,「サンバーバン」「ディアスワゴン」改良モデルを発売,https://www.subaru.co.jp/press/news/2017_11_13_5062,○
2026-08-19T23:15:44,スバル,page,,WRX STI 特別仕様車 「S208」を450台限定発売,https://www.subaru.co.jp/press/news/2017_10_25_4932,○
2026-08-19T23:15:44,スバル,page,,「インプレッサ」改良モデルを発表,https://www.subaru.co.jp/press/news/2017_09_11_4711,○
2026-08-19T23:15:44,スバル,page,,「SUBARU BRZ」改良モデルを発表,https://www.subaru.co.jp/press/news/2017_09_11_4703,○
2026-08-19T23:15:44,スバル,page,,「レガシィ　アウトバック／B4」大幅改良モデルを発表,https://www.subaru.co.jp/press/news/2017_09_04_4680,○
2026-08-19T23:15:44,スバル,page,,新型「レヴォーグ」・「WRX S4」の受注状況について,https://www.subaru.co.jp/press/news/2017_08_07_4588,○
2026-08-19T23:15:44,スバル,page,,「ステラ」「ステラカスタム」大幅改良モデルを発売,https://www.subaru.co.jp/press/news/2017_08_01_4543,○
2026-08-19T23:15:44,スバル,page,,特別仕様車　フォレスター「Smart Edition」を発表,https://www.subaru.co.jp/press/news/2017_07_25_4517,○
2026-08-19T23:15:44,スバル,page,,「レヴォーグ」大幅改良モデルを発表,https://www.subaru.co.jp/press/news/2017_07_03_4414,○
2026-08-19T23:15:44,スバル,page,,「WRX S4」大幅改良モデルを発表,https://www.subaru.co.jp/press/news/2017_07_03_4413,○
2026-08-19T23:15:44,スバル,page,,新型「SUBARU XV」の受注状況について,https://www.subaru.co.jp/press/news/2017_06_29_4403,○
2026-08-19T23:15:44,スバル,page,,新型「レヴォーグ」「WRX S4」を本年夏に発表  ～進化したアイサイトを搭載し運転負荷を大幅に軽減～,https://www.subaru.co.jp/press/news/2017_06_05_4245,○
2026-08-19T23:15:44,スバル,page,,「WRX STI」大幅改良モデルを発表,https://www.subaru.co.jp/press/news/2017_05_24_4173,○
2026-08-19T23:15:44,スバル,page,,SUBARU　新型「プレオ プラス」を発売,https://www.subaru.co.jp/press/news/2017_05_09_4065,○
2026-08-19T23:15:44,スバル,page,,新型「SUBARU XV」を発表 ～2016年度自動車アセスメント「衝突安全性能評価大賞」を受賞～,https://www.subaru.co.jp/press/news/2017_04_06_3925,○
2026-08-19T23:15:44,スバル,page,,スバル　フォレスター　改良モデルを発表,https://www.subaru.co.jp/press/news/2017_03_13_3786,○
2026-08-19T23:15:44,スバル,page,,スバル　CROSSOVER7　改良モデルを発表,https://www.subaru.co.jp/press/news/2017_03_13_3778,○
2026-08-19T23:15:44,スバル,page,,スバル 新型「SUBARU XV」 先行予約を開始,https://www.subaru.co.jp/press/news/2017_03_08_3771,○
2026-08-19T23:15:44,スバル,page,,スバル 新型「シフォン」を発売 ～衝突回避支援システム「スマートアシストⅢ」を全車標準装備～,https://www.subaru.co.jp/press/news/2016_12_13_3372,○
2026-08-19T23:15:44,スバル,page,,スバル 新型インプレッサSPORT/G4が「2016–2017日本カー・オブ・ザ・イヤー」を受賞 ～ 2003年 レガシィ以来 13年ぶり2度目の受賞 ～,https://www.subaru.co.jp/press/news/2016_12_09_3359,○
2026-08-19T23:15:44,スバル,page,,スバル「アイサイト」を搭載する新型インプレッサ、レガシィ、フォレスター、レヴォーグ/WRX S4が 2016年度予防安全性能アセスメントで最高ランクを獲得,https://www.subaru.co.jp/press/news/2016_12_01_3315,○
2026-08-19T23:15:44,スバル,page,,スバル　新型「インプレッサ」 1.6Lエンジン搭載グレードを発売 ～11月28日よりTVCM「愛で選ぶクルマ」クリスマス特別篇を放送開始～,https://www.subaru.co.jp/press/news/2016_11_28_3297,○
2026-08-19T23:15:44,スバル,page,,スバル　新型「インプレッサ」の受注状況について,https://www.subaru.co.jp/press/news/2016_11_15_3206,○
2026-08-19T23:15:44,スバル,page,,スバル 新型「ジャスティ」を発表 ～衝突回避支援システム「スマートアシストⅡ」を全車標準装備～,https://www.subaru.co.jp/press/news/2016_11_09_3171,○
2026-08-19T23:15:44,スバル,page,,"スバル 新型「インプレッサ」を発表 ～先行予約期間に約6,000台のご予約～",https://www.subaru.co.jp/press/news/2016_10_13_3045,○
2026-08-19T23:15:44,スバル,page,,スバル　特別仕様車「WRX S4 tS」を期間限定発売,https://www.subaru.co.jp/press/news/2016_10_04_2981,○
2026-08-19T23:15:44,スバル,page,,スバル　特別仕様車　フォレスター 「Style Modern」を発売 ～BOXERエンジン50周年特別記念車の第六弾～,https://www.subaru.co.jp/press/news/2016_10_03_2972,○
2026-08-19T23:15:44,スバル,page,,スバル　特別仕様車　CROSSOVER 7 「Active Style」を発売 ～BOXERエンジン50周年特別記念車の第五弾～,https://www.subaru.co.jp/press/news/2016_10_03_2971,○
2026-08-19T23:15:44,スバル,page,,スバル　特別仕様車　レヴォーグ 「1.6GT EyeSight Smart Edition」を発表 ～BOXERエンジン50周年特別記念車の第四弾～,https://www.subaru.co.jp/press/news/2016_10_03_2964,○
2026-08-19T23:15:44,スバル,page,,スバル 新型「インプレッサ」 TVCM放送開始 ～TVCM楽曲にDREAMS COME TRUEの「LOVE LOVE LOVE」を採用～,https://www.subaru.co.jp/press/news/2016_09_21_2902,○
2026-08-19T23:15:44,スバル,page,,スバル　特別仕様車「SUBARU XV HYBRID tS」を発表 ～SUBARUトレイルジャム in Mt.FUJIにて特別展示～,https://www.subaru.co.jp/press/news/2016_09_20_2889,○
2026-08-19T23:15:44,スバル,page,,スバル　レガシィ　アウトバック/B4 を改良,https://www.subaru.co.jp/press/news/2016_09_08_2845,○
2026-08-19T23:15:44,スバル,page,,スバル　特別仕様車「LEGACY B4 SporVita」を300台限定発売 ～イタリアの老舗革製品サプライヤーMARIO LEVI社とのコラボレーション第二弾～,https://www.subaru.co.jp/press/news/2016_09_08_2853,○
2026-08-19T23:15:44,スバル,page,,スバル　特別仕様車　「LEGACY OUTBACK X-ADVANCE」を発表 ～BOXERエンジン50周年特別記念車の第三弾～,https://www.subaru.co.jp/press/news/2016_09_08_2849,○
2026-08-19T23:15:44,スバル,page,,スバル 新型「インプレッサ」 先行予約を開始 ～国産初の歩行者保護エアバッグと7つの乗員保護エアバッグを全車標準装備～,https://www.subaru.co.jp/press/news/2016_09_01_2835,○
2026-08-19T23:15:44,スバル,page,,"スバル　レヴォーグ「STI Sport」の受注状況について ～ 発売1ヶ月で3,000台超え、レヴォーグ全体の4割を占める受注、好調なスタート ～",https://www.subaru.co.jp/press/news/2016_08_23_2800,○
2026-08-19T23:15:44,スバル,page,,スバル　特別仕様車「SUBARU XV HYBRID tS」先行予約を開始,https://www.subaru.co.jp/press/news/2016_07_28_2643,○
2026-08-19T23:15:44,スバル,page,,スバル 新型「インプレッサ」（国内仕様車）を公開  ～　スバル初の歩行者保護エアバッグと、アイサイト(ver.3)を全車に標準装備 ～,https://www.subaru.co.jp/press/news/2016_07_26_2626,○
2026-08-19T23:15:44,スバル,page,,スバル　特別仕様車　「フォレスター Brown Leather Selection」を発表,https://www.subaru.co.jp/press/news/2016_07_11_2595,○
2026-08-19T23:15:44,スバル,page,,スバル 「SUBARU BRZ」の大幅改良モデルを発表 ～2016年秋に走りのポテンシャルを高めた最上級グレードを追加予定～,https://www.subaru.co.jp/press/news/2016_07_05_2584,○
2026-08-19T23:15:44,スバル,page,,スバル ステラを改良　～ステラカスタムに新グレード追加～,https://www.subaru.co.jp/press/news/2016_06_21_2513,○
2026-08-19T23:15:44,スバル,page,,スバル　特別仕様車　「SUBARU XV 2.0i EyeSight Proud Edition」を発表 ～BOXERエンジン50周年特別記念車の第一弾～,https://www.subaru.co.jp/press/news/2016_05_10_2271,○
2026-08-19T23:15:44,スバル,page,,スバル　WRX S4／STIを改良,https://www.subaru.co.jp/press/news/2016_04_11_2174,○
2026-08-19T23:15:44,スバル,page,,スバル　レヴォーグを改良 ～2016年夏にSTIブランドの新グレード追加予定～,https://www.subaru.co.jp/press/news/2016_04_11_2166,○
2026-08-19T23:15:44,スバル,page,,スバル　特別仕様車　「CROSSOVER 7　Modern Style」を発表 ～お洒落なインテリアにダークブラウン色の新たな仕様を追加～,https://www.subaru.co.jp/press/news/2015_12_10_1559,○
2026-08-19T23:15:44,スバル,page,,スバル　特別仕様車　「レガシィ　アウトバック　Limited　Smart Edition」を発表,https://www.subaru.co.jp/press/news/2015_12_10_1567,○
2026-08-19T23:15:44,スバル,page,,スバル　特別仕様車　「レヴォーグ　1.6GT EyeSight S-style」を発売,https://www.subaru.co.jp/press/news/2015_12_10_1566,○
2026-08-19T23:15:44,スバル,page,,スバル フォレスター 大幅改良モデルを発売,https://www.subaru.co.jp/press/news/2015_10_28_1311,○
2026-08-19T23:15:44,スバル,page,,スバルWRX STI 特別仕様車「 S207」を400台限定発売,https://www.subaru.co.jp/press/news/2015_10_28_1327,○
2026-08-19T23:15:44,スバル,page,,スバル 特別仕様車 WRX S4 SporVitaを500台限定発売 ～イタリアの老舗皮革製品サプライヤー MARIO LEVI社とのコラボレーションモデル～,https://www.subaru.co.jp/press/news/2015_10_28_1364,○
2026-08-19T23:15:44,スバル,page,,SUBARU XV／SUBARU XV HYBRID 大幅改良モデルを発売,https://www.subaru.co.jp/press/news/2015_10_28_1319,○
2026-08-19T23:15:44,スバル,page,,スバル　フォレスター　大幅改良モデルを公開 ～アイサイト（ver.3）や新開発ヘッドランプ機能など、先進安全装備を採用～,https://www.subaru.co.jp/press/news/2015_10_06_1165,○
2026-08-19T23:15:44,スバル,page,,SUBARU XV / SUBARU XV HYBRID　大幅改良モデルを公開 ～先進安全装備「アドバンスドセイフティパッケージ」を採用～,https://www.subaru.co.jp/press/news/2015_10_06_1172,○
2026-08-19T23:15:44,スバル,page,,スバル　インプレッサ　SPORT／G4を改良 ～1.6Lモデルにアイサイト（ver.3）を設定～,https://www.subaru.co.jp/press/news/2015_10_06_1176,○
2026-08-19T23:15:44,スバル,page,,スバル　レガシィ　アウトバック／B4を改良 ～アドバンスドセイフティパッケージを標準装備～,https://www.subaru.co.jp/press/news/2015_09_10_1014,○
2026-08-19T23:15:44,スバル,page,,「SUBARU BRZ tS」を300台限定発売,https://www.subaru.co.jp/press/news/2015_06_30_11,○
2026-08-19T23:15:44,スバル,page,,スバル WRX S4／STIを改良,https://www.subaru.co.jp/press/news/2015_06_30_50,○
2026-08-19T23:15:44,スバル,page,,スバル　特別仕様車 「Proud Edition」シリーズをレヴォーグに設定し発売,https://www.subaru.co.jp/press/news/2015_06_01_65,○
2026-08-19T23:15:44,スバル,page,,スバル ステラを改良,https://www.subaru.co.jp/press/news/2015_05_20_72,○
2026-08-19T23:15:44,スバル,page,,特別仕様車 スバル プレオ プラス「Black Edition」を発売,https://www.subaru.co.jp/press/news/2015_04_22_113,○
2026-08-19T23:15:44,スバル,page,,スバル　新型　「CROSSOVER 7（クロスオーバーセブン）」を発売,https://www.subaru.co.jp/press/news/2015_04_16_120,○
2026-08-19T23:15:44,スバル,page,,スバル　レヴォーグを改良,https://www.subaru.co.jp/press/news/2015_04_16_125,○
2026-08-19T23:15:44,スバル,page,,スバル　特別仕様車「Proud Edition」シリーズを発表～アイサイト搭載車の予防安全性能アセスメント最高ランク獲得を記念～,https://www.subaru.co.jp/press/news/2015_04_14_129,○
2026-08-19T23:15:44,スバル,page,,スバル プレオ プラスを改良,https://www.subaru.co.jp/press/news/2015_04_08_135,○
2026-08-19T23:15:44,スバル,page,,スバル 「サンバーバン」および「ディアスワゴン」を改良,https://www.subaru.co.jp/press/news/2015_04_03_139,○
2026-08-19T23:15:44,スバル,page,,SUBARU BRZを改良,https://www.subaru.co.jp/press/news/2015_02_10_161,○
2026-08-19T23:15:45,ダイハツ,page,,"2026/07/29
製品・技術
車（モデル）
軽乗用車「ムーヴ キャンバス」、「ムーヴ」を一部改良するとともに、「ムーヴ キャンバス」に世界観を広げる特別仕様車を設定",https://www.daihatsu.com/jp/news/2026/20260729-1.html,○
2026-08-19T23:15:45,ダイハツ,page,,"2026/07/15
製品・技術
車（モデル）
軽クロスオーバー「タフト」を一部改良するとともに、レジャー要素を強めた２種類の特別仕様車を設定",https://www.daihatsu.com/jp/news/2026/20260715-1.html,○
2026-08-19T23:15:45,ダイハツ,page,,"2026/06/04
製品・技術
車（モデル）
ダイハツ、軽商用車「ハイゼット カーゴ」、「アトレー」を一部改良し、安全性を向上",https://www.daihatsu.com/jp/news/2026/20260604-1.html,○
2026-08-19T23:15:45,ダイハツ,page,,"2026/03/19
製品・技術
車（モデル）
ダイハツ、軽商用車「ハイゼット トラック」を一部改良し、安全性を向上",https://www.daihatsu.com/jp/news/2026/20260319-1.html,○
2026-08-19T23:15:45,ダイハツ,page,,"2026/02/02
製品・技術
車（モデル）
ダイハツ、初の量産BEVとなる「e-ハイゼット カーゴ」、「e-アトレー」を発売",https://www.daihatsu.com/jp/news/2026/20260202-1.html,○
2026-08-19T23:15:46,三菱,page,,2026年08月04日三菱自動車、新型クロスカントリーSUV『パジェロ』で路面を選ばない走破性と上質かつ快適な乗り心地を実現（別ウィンドウで開く）,https://www.mitsubishi-motors.com/jp/newsroom/newsrelease/2026/20260804_1.html,○
2026-08-19T23:15:46,三菱,page,,2026年08月04日三菱自動車、新型クロスカントリーSUV『パジェロ』で路面を選ばない走破性と上質かつ快適な乗り心地を実現（別ウィンドウで開く）商品・技術情報,https://www.mitsubishi-motors.com/jp/newsroom/newsrelease/2026/20260804_1.html,○
2026-08-20T23:18:11,トヨタ,rss,"Mon, 03 Aug 2026 13:30:00 +0900",ヤリス クロス GR SPORTグレードを一部改良,https://global.toyota/jp/newsroom/toyota/44698459.html,○
2026-08-20T23:18:11,トヨタ,rss,"Mon, 03 Aug 2026 13:30:00 +0900",【画像差替】ハリアーを一部改良,https://global.toyota/jp/newsroom/toyota/44698256.html,○
2026-08-20T23:18:11,トヨタ,rss,"Mon, 03 Aug 2026 13:30:00 +0900",シエンタを一部改良,https://global.toyota/jp/newsroom/toyota/44698107.html,○
2026-08-20T23:18:11,トヨタ,rss,"Wed, 29 Jul 2026 13:30:00 +0900",コースターを一部改良,https://global.toyota/jp/newsroom/toyota/44679233.html,○
2026-08-20T23:18:11,トヨタ,rss,"Wed, 15 Jul 2026 13:30:00 +0900",新型クラウン（クロスオーバー）のデザインを先行公開,https://global.toyota/jp/newsroom/toyota/44641170.html,○
2026-08-20T23:18:11,トヨタ,rss,"Mon, 13 Jul 2026 13:30:00 +0900",カローラ スポーツを一部改良するとともに、特別仕様車 G“Z・ACTIVE ELEGANCE”を設定,https://global.toyota/jp/newsroom/toyota/44626118.html,○
2026-08-20T23:18:11,トヨタ,rss,"Mon, 06 Jul 2026 13:30:00 +0900",アクアを一部改良しGR SPORTグレードを追加,https://global.toyota/jp/newsroom/toyota/44600338.html,○
2026-08-20T23:18:11,トヨタ,rss,"Wed, 01 Jul 2026 13:30:00 +0900",プリウスを一部改良,https://global.toyota/jp/newsroom/toyota/44548404.html,○
2026-08-20T23:18:11,トヨタ,rss,"Wed, 01 Jul 2026 13:30:00 +0900",カローラ クロスを一部改良するとともに、特別仕様車 Z“Adventure”を設定,https://global.toyota/jp/newsroom/toyota/44548254.html,○
2026-08-20T23:18:13,日産,page,,新型キックス「ROCK CREEK」を発表,https://global.nissannews.com/ja-JP/releases/260820-01-j,○
2026-08-20T23:18:13,日産,page,,日産モータースポーツ＆カスタマイズ株式会社（本社：神奈川県茅ヶ崎市、社長：真田 裕、略称NMC）は20日、新型「キックス」をベースにしたカスタムカー「ROCK CREEK」を、12月23日より日産の販売会社を通じて全国一斉に発売すると発表しました。,https://global.nissannews.com/ja-JP/releases/260820-01-j,○
2026-08-20T23:18:13,日産,page,,新型「エルグランド」を発表,https://global.nissannews.com/ja-JP/releases/260716-01-j,○
2026-08-20T23:18:13,日産,page,,日産自動車株式会社（本社：神奈川県横浜市西区、社長：イヴァン エスピノーサ）は16日、昨年のJapan Mobility Show2025にて先行公開した新型「エルグランド」を同日より発売すると発表しました。,https://global.nissannews.com/ja-JP/releases/260716-01-j,○
2026-08-20T23:18:13,日産,page,,日産、新型SUV「テクトン」を発表,https://global.nissannews.com/ja-JP/releases/260709-01-j,○
2026-08-20T23:18:13,日産,page,,日産自動車株式会社（本社：神奈川県横浜市西区、代表執行役社長兼CEO：イヴァン エスピノーサ）は9日、インドで行われたワールドプレミアにおいて、新型SUV日産「テクトン」を発表しました。これは、日産の変革における重要なマイルストーンであり、日産の将来に向けてインドが果たす重要な役割を示すものです。,https://global.nissannews.com/ja-JP/releases/260709-01-j,○
2026-08-20T23:18:13,マツダ,page,,"2026.8.20

                                                                            CSR・環境・社会活動
                                                                    



                                                                        マツダ、「昭和天皇記念献血推進賞」を受賞",https://newsroom.mazda.com/ja/publicity/release/2026/202608/260820a.html                                                        ,
2026-08-20T23:18:13,マツダ,page,,"2026.8.20

                                                                                CSR・環境・社会活動
                                                                        



                                                                            マツダ、「昭和天皇記念献血推進賞」を受賞",https://newsroom.mazda.com/ja/publicity/release/2026/202608/260820a.html                                                            ,
2026-08-20T23:18:17,スバル,page,,「SUBARU BRZ」改良モデルを発表,https://www.subaru.co.jp/news/2026_07_30_094952,○
2026-08-20T23:18:17,スバル,page,,SUBARU　レヴォーグの一部改良モデルを発表,https://www.subaru.co.jp/news/2026_06_04_143345,○
2026-08-20T23:18:17,スバル,page,,SUBARU　レヴォーグ レイバックの一部改良モデルを発表,https://www.subaru.co.jp/news/2026_06_04_143024,○
2026-08-20T23:18:17,スバル,page,,SUBARU　フォレスター改良モデルを発表,https://www.subaru.co.jp/news/2026_05_21_144616,○
2026-08-20T23:18:17,スバル,page,,SUBARU　新型「トレイルシーカー」を発表,https://www.subaru.co.jp/news/2026_04_09_145609,○
2026-08-20T23:18:17,スバル,page,,SUBARU　新型バッテリーEV「ゲッタウェイ」を世界初公開,https://www.subaru.co.jp/news/2026_04_02_151658,○
2026-08-20T23:18:17,スバル,page,,SUBARU　新型「レガシィ アウトバック」を発表,https://www.subaru.co.jp/press/news/2021_10_07_11214,○
2026-08-20T23:18:17,スバル,page,,SUBARU　「シフォン」一部改良モデルを発表,https://www.subaru.co.jp/news/2021_09_30_11088,○
2026-08-20T23:18:17,スバル,page,,SUBARU 新型「アウトバック」がユーロNCAPの2021年安全性能テストで最高評価「ファイブスター」を獲得,https://www.subaru.co.jp/press/news/2021_09_21_10971,○
2026-08-20T23:18:17,スバル,page,,SUBARU　新型「WRX」を世界初公開,https://www.subaru.co.jp/press/news/2021_09_10_10869,○
2026-08-20T23:18:17,スバル,page,,SUBARU　「ステラ」一部改良モデルを発表,https://www.subaru.co.jp/press/news/2021_09_09_10842,○
2026-08-20T23:18:17,スバル,page,,SUBARU　新型「レガシィ アウトバック」を初公開,https://www.subaru.co.jp/press/news/2021_09_02_10761,○
2026-08-20T23:18:17,スバル,page,,SUBARU「フォレスター」大幅改良モデルを発表,https://www.subaru.co.jp/press/news/2021_08_19_10617,○
2026-08-20T23:18:17,スバル,page,,新型「SUBARU BRZ」を発表,https://www.subaru.co.jp/press/news/2021_07_29_10329,○
2026-08-20T23:18:17,スバル,page,,SUBARU XV特別仕様車「2.0e-L EyeSight Smart Edition」を発表,https://www.subaru.co.jp/press/news/2021_06_17_9937,○
2026-08-20T23:18:17,スバル,page,,SUBARU　「フォレスター」大幅改良モデルを初公開,https://www.subaru.co.jp/press/news/2021_06_14_9929,○
2026-08-20T23:18:17,スバル,page,,SUBARU 2022年に発売する新型EVの名称を「SOLTERRA（ソルテラ）」に決定,https://www.subaru.co.jp/press/news/2021_05_11_9750,○
2026-08-20T23:18:17,スバル,page,,新型「SUBARU BRZ」（日本仕様）を公開,https://www.subaru.co.jp/press/news/2021_04_05_9684,○
2026-08-20T23:18:17,スバル,page,,TOYOTA GAZOO RacingとSUBARU、共同開発の新型車両を公開 「いっしょにいいクルマつくろう！トークセッション」 4月5日にオンラインにて合同開催,https://www.subaru.co.jp/press/news/2021_03_25_9636,○
2026-08-20T23:18:17,スバル,page,,SUBARU　「シフォン」一部改良モデルを発表,https://www.subaru.co.jp/press/news/2020_12_08_9332,○
2026-08-20T23:18:17,スバル,page,,SUBARU　新型「レヴォーグ」が「2020–2021日本カー・オブ・ザ・イヤー」を受賞,https://www.subaru.co.jp/press/news/2020_12_07_9322,○
2026-08-20T23:18:17,スバル,page,,SUBARU　「プレオ プラス」一部改良モデルを発表,https://www.subaru.co.jp/press/news/2020_12_01_9307,○
2026-08-20T23:18:17,スバル,page,,新型「SUBARU BRZ」を世界初公開,https://www.subaru.co.jp/press/news/2020_11_18_9247,○
2026-08-20T23:18:17,スバル,page,,SUBARU　「フォレスター」改良モデルを発表,https://www.subaru.co.jp/press/news/2020_10_22_9106,○
2026-08-20T23:18:17,スバル,page,,SUBARU　新型「レヴォーグ」を発表,https://www.subaru.co.jp/press/news/2020_10_15_9094,○
2026-08-20T23:18:17,スバル,page,,SUBARU　新型「レヴォーグ」TVCMを放映開始,https://www.subaru.co.jp/press/news/2020_10_15_9084,○
2026-08-20T23:18:17,スバル,page,,SUBARU　「インプレッサ」一部改良モデルを発表,https://www.subaru.co.jp/press/news/2020_10_08_9060,○
2026-08-20T23:18:17,スバル,page,,SUBARU　「ジャスティ」一部改良モデルを発売,https://www.subaru.co.jp/press/news/2020_09_24_9025,○
2026-08-20T23:18:17,スバル,page,,SUBARU　「インプレッサ」一部改良モデルの先行予約を開始,https://www.subaru.co.jp/press/news/2020_09_17_9015,○
2026-08-20T23:18:17,スバル,page,,「SUBARU XV」大幅改良モデルを発表,https://www.subaru.co.jp/press/news/2020_09_04_9004,○
2026-08-20T23:18:17,スバル,page,,SUBARU　「サンバートラック」「サンバーバン」一部改良モデルを発売,https://www.subaru.co.jp/press/news/2020_09_03_8997,○
2026-08-20T23:18:17,スバル,page,,SUBARU　「ステラ」一部改良モデルを発売,https://www.subaru.co.jp/press/news/2020_08_27_8948,○
2026-08-20T23:18:17,スバル,page,,SUBARU　新型「レヴォーグ」先行予約を開始,https://www.subaru.co.jp/press/news/2020_08_20_8925,○
2026-08-20T23:18:17,スバル,page,,SUBARU フォレスター特別仕様車「X-Edition」を発表,https://www.subaru.co.jp/press/news/2019_11_26_8061,○
2026-08-20T23:18:17,スバル,page,,SUBARU レヴォーグ 特別仕様車「2.0GT EyeSight V-SPORT」を発表,https://www.subaru.co.jp/press/news/2019_11_07_7993,○
2026-08-20T23:18:17,スバル,page,,SUBARU　「サンバーバン」「ディアスワゴン」一部改良モデルを発売,https://www.subaru.co.jp/press/news/2019_11_07_7954,○
2026-08-20T23:18:17,スバル,page,,WRX STI 特別仕様車「EJ20 Final Edition」プロトタイプを公開,https://www.subaru.co.jp/press/news/2019_10_23_7915,○
2026-08-20T23:18:17,スバル,page,,SUBARU　「サンバートラック」一部改良モデルを発売,https://www.subaru.co.jp/press/news/2019_10_17_7903,○
2026-08-20T23:18:17,スバル,page,,SUBARU　「インプレッサ」大幅改良モデルを発表,https://www.subaru.co.jp/press/news/2019_10_10_7806,○
2026-08-20T23:18:17,スバル,page,,「SUBARU XV」改良モデルを発表,https://www.subaru.co.jp/press/news/2019_10_10_7797,○
2026-08-20T23:18:17,スバル,page,,SUBARU　「レガシィ　アウトバック／B4」一部改良モデルを発表,https://www.subaru.co.jp/press/news/2019_09_03_7643,○
2026-08-20T23:18:17,スバル,page,,SUBARU 「インプレッサ」大幅改良モデル　専用サイトで事前情報を公開,https://www.subaru.co.jp/press/news/2019_08_27_7620,○
2026-08-20T23:18:17,スバル,page,,SUBARU 新型「レガシィ」・「アウトバック」の米国生産を開始,https://www.subaru.co.jp/press/news/2019_07_30_7538,○
2026-08-20T23:18:17,スバル,page,,SUBARU　新型「シフォン」を発表,https://www.subaru.co.jp/press/news/2019_07_16_7510,○
2026-08-20T23:18:17,スバル,page,,SUBARU　「フォレスター」一部改良モデルを発表,https://www.subaru.co.jp/press/news/2019_06_10_7347,○
2026-08-20T23:18:17,スバル,page,,SUBARU 「WRX S4/STI」改良モデルを発表,https://www.subaru.co.jp/press/news/2019_05_14_7217,○
2026-08-20T23:18:17,スバル,page,,SUBARU「レヴォーグ」改良モデルを発表,https://www.subaru.co.jp/press/news/2019_05_07_7176,○
2026-08-20T23:18:17,スバル,page,,SUBARU 新型「アウトバック」を世界初公開,https://www.subaru.co.jp/press/news/2019_04_18_7137,○
2026-08-20T23:18:17,スバル,page,,「SUBARU BRZ」改良モデルを発表,https://www.subaru.co.jp/press/news/2019_04_09_7079,○
2026-08-20T23:18:17,スバル,page,,SUBARU 「サンバーバン」を一部改良し発売,https://www.subaru.co.jp/press/news/2018_12_17_6660,○
2026-08-20T23:18:17,スバル,page,,SUBARU シフォン特別仕様車「G Special Sport スマートアシスト」を発売,https://www.subaru.co.jp/press/news/2018_12_10_6623,○
2026-08-20T23:18:17,スバル,page,,SUBARU　新型フォレスターがJNCAP予防安全性能アセスメントで 最高ランク（ASV+++）を獲得,https://www.subaru.co.jp/press/news/2018_11_29_6581,○
2026-08-20T23:18:17,スバル,page,,SUBARU　レヴォーグ特別仕様車「1.6GT EyeSight V-SPORT」を発表,https://www.subaru.co.jp/press/news/2018_11_27_6561,○
2026-08-20T23:18:17,スバル,page,,SUBARU 「ジャスティ」「ジャスティカスタム」改良モデルを発売,https://www.subaru.co.jp/press/news/2018_11_08_6515,○
2026-08-20T23:18:17,スバル,page,,SUBARU 新型「フォレスター」が2018年度グッドデザイン賞を受賞,https://www.subaru.co.jp/press/news/2018_10_15_6401,○
2026-08-20T23:18:17,スバル,page,,「SUBARU XV」改良モデルを発表,https://www.subaru.co.jp/press/news/2018_10_11_6378,○
2026-08-20T23:18:17,スバル,page,,「インプレッサ」改良モデルを発表,https://www.subaru.co.jp/press/news/2018_10_11_6377,○
2026-08-20T23:18:17,スバル,page,,新型「フォレスター」の受注が好調,https://www.subaru.co.jp/press/news/2018_09_14_6250,○
2026-08-20T23:18:17,スバル,page,,「SUBARU BRZ」改良モデルを発表,https://www.subaru.co.jp/press/news/2018_09_11_6224,○
2026-08-20T23:18:17,スバル,page,,SUBARU　「レガシィ　アウトバック／B4」改良モデルを発表,https://www.subaru.co.jp/press/news/2018_09_10_6216,○
2026-08-20T23:18:17,スバル,page,,SUBARU　WRX STI 特別仕様車 「TYPE RA-R」を500台限定発売,https://www.subaru.co.jp/press/news/2018_07_19_6099,○
2026-08-20T23:18:17,スバル,page,,新型「フォレスター」を発表,https://www.subaru.co.jp/press/news/2018_06_20_5987,○
2026-08-20T23:18:17,スバル,page,,新型「フォレスター」 TVCM放送開始,https://www.subaru.co.jp/press/news/2018_06_20_5981,○
2026-08-20T23:18:17,スバル,page,,新型「フォレスター」 先行予約を開始,https://www.subaru.co.jp/press/news/2018_05_18_5842,○
2026-08-20T23:18:17,スバル,page,,新型フォレスターを恵比寿ショールームで先行展示,https://www.subaru.co.jp/press/news/2018_05_18_5851,○
2026-08-20T23:18:17,スバル,page,,「サンバートラック」改良モデルを発売,https://www.subaru.co.jp/press/news/2018_05_14_5824,○
2026-08-20T23:18:17,スバル,page,,SUBARU 新型3列SUV「ASCENT（アセント）」の米国生産を開始,https://www.subaru.co.jp/press/news/2018_05_08_5758,○
2026-08-20T23:18:17,スバル,page,,「レヴォーグ」改良モデルを発表,https://www.subaru.co.jp/press/news/2018_04_27_5691,○
2026-08-20T23:18:17,スバル,page,,「WRX STI/S4」改良モデルを発表,https://www.subaru.co.jp/press/news/2018_04_27_5690,○
2026-08-20T23:18:17,スバル,page,,インプレッサSPORT/G4 特別仕様車「1.6i-L EyeSight S-style」発表,https://www.subaru.co.jp/press/news/2018_02_26_5415,○
2026-08-20T23:18:17,スバル,page,,「シフォン」「シフォンカスタム」改良モデルを発売,https://www.subaru.co.jp/press/news/2017_12_18_5218,○
2026-08-20T23:18:17,スバル,page,,SUBARU 北米市場専用新型3列SUV「ASCENT（アセント）」を世界初公開,https://www.subaru.co.jp/press/news/2017_11_29_5102,○
2026-08-20T23:18:17,スバル,page,,「サンバーバン」「ディアスワゴン」改良モデルを発売,https://www.subaru.co.jp/press/news/2017_11_13_5062,○
2026-08-20T23:18:17,スバル,page,,WRX STI 特別仕様車 「S208」を450台限定発売,https://www.subaru.co.jp/press/news/2017_10_25_4932,○
2026-08-20T23:18:17,スバル,page,,「インプレッサ」改良モデルを発表,https://www.subaru.co.jp/press/news/2017_09_11_4711,○
2026-08-20T23:18:17,スバル,page,,「SUBARU BRZ」改良モデルを発表,https://www.subaru.co.jp/press/news/2017_09_11_4703,○
2026-08-20T23:18:17,スバル,page,,「レガシィ　アウトバック／B4」大幅改良モデルを発表,https://www.subaru.co.jp/press/news/2017_09_04_4680,○
2026-08-20T23:18:17,スバル,page,,新型「レヴォーグ」・「WRX S4」の受注状況について,https://www.subaru.co.jp/press/news/2017_08_07_4588,○
2026-08-20T23:18:17,スバル,page,,「ステラ」「ステラカスタム」大幅改良モデルを発売,https://www.subaru.co.jp/press/news/2017_08_01_4543,○
2026-08-20T23:18:17,スバル,page,,特別仕様車　フォレスター「Smart Edition」を発表,https://www.subaru.co.jp/press/news/2017_07_25_4517,○
2026-08-20T23:18:17,スバル,page,,「レヴォーグ」大幅改良モデルを発表,https://www.subaru.co.jp/press/news/2017_07_03_4414,○
2026-08-20T23:18:17,スバル,page,,「WRX S4」大幅改良モデルを発表,https://www.subaru.co.jp/press/news/2017_07_03_4413,○
2026-08-20T23:18:17,スバル,page,,新型「SUBARU XV」の受注状況について,https://www.subaru.co.jp/press/news/2017_06_29_4403,○
2026-08-20T23:18:17,スバル,page,,新型「レヴォーグ」「WRX S4」を本年夏に発表  ～進化したアイサイトを搭載し運転負荷を大幅に軽減～,https://www.subaru.co.jp/press/news/2017_06_05_4245,○
2026-08-20T23:18:17,スバル,page,,「WRX STI」大幅改良モデルを発表,https://www.subaru.co.jp/press/news/2017_05_24_4173,○
2026-08-20T23:18:17,スバル,page,,SUBARU　新型「プレオ プラス」を発売,https://www.subaru.co.jp/press/news/2017_05_09_4065,○
2026-08-20T23:18:17,スバル,page,,新型「SUBARU XV」を発表 ～2016年度自動車アセスメント「衝突安全性能評価大賞」を受賞～,https://www.subaru.co.jp/press/news/2017_04_06_3925,○
2026-08-20T23:18:17,スバル,page,,スバル　フォレスター　改良モデルを発表,https://www.subaru.co.jp/press/news/2017_03_13_3786,○
2026-08-20T23:18:17,スバル,page,,スバル　CROSSOVER7　改良モデルを発表,https://www.subaru.co.jp/press/news/2017_03_13_3778,○
2026-08-20T23:18:17,スバル,page,,スバル 新型「SUBARU XV」 先行予約を開始,https://www.subaru.co.jp/press/news/2017_03_08_3771,○
2026-08-20T23:18:17,スバル,page,,スバル 新型「シフォン」を発売 ～衝突回避支援システム「スマートアシストⅢ」を全車標準装備～,https://www.subaru.co.jp/press/news/2016_12_13_3372,○
2026-08-20T23:18:17,スバル,page,,スバル 新型インプレッサSPORT/G4が「2016–2017日本カー・オブ・ザ・イヤー」を受賞 ～ 2003年 レガシィ以来 13年ぶり2度目の受賞 ～,https://www.subaru.co.jp/press/news/2016_12_09_3359,○
2026-08-20T23:18:17,スバル,page,,スバル「アイサイト」を搭載する新型インプレッサ、レガシィ、フォレスター、レヴォーグ/WRX S4が 2016年度予防安全性能アセスメントで最高ランクを獲得,https://www.subaru.co.jp/press/news/2016_12_01_3315,○
2026-08-20T23:18:17,スバル,page,,スバル　新型「インプレッサ」 1.6Lエンジン搭載グレードを発売 ～11月28日よりTVCM「愛で選ぶクルマ」クリスマス特別篇を放送開始～,https://www.subaru.co.jp/press/news/2016_11_28_3297,○
2026-08-20T23:18:17,スバル,page,,スバル　新型「インプレッサ」の受注状況について,https://www.subaru.co.jp/press/news/2016_11_15_3206,○
2026-08-20T23:18:17,スバル,page,,スバル 新型「ジャスティ」を発表 ～衝突回避支援システム「スマートアシストⅡ」を全車標準装備～,https://www.subaru.co.jp/press/news/2016_11_09_3171,○
2026-08-20T23:18:17,スバル,page,,"スバル 新型「インプレッサ」を発表 ～先行予約期間に約6,000台のご予約～",https://www.subaru.co.jp/press/news/2016_10_13_3045,○
2026-08-20T23:18:17,スバル,page,,スバル　特別仕様車「WRX S4 tS」を期間限定発売,https://www.subaru.co.jp/press/news/2016_10_04_2981,○
2026-08-20T23:18:17,スバル,page,,スバル　特別仕様車　フォレスター 「Style Modern」を発売 ～BOXERエンジン50周年特別記念車の第六弾～,https://www.subaru.co.jp/press/news/2016_10_03_2972,○
2026-08-20T23:18:17,スバル,page,,スバル　特別仕様車　CROSSOVER 7 「Active Style」を発売 ～BOXERエンジン50周年特別記念車の第五弾～,https://www.subaru.co.jp/press/news/2016_10_03_2971,○
2026-08-20T23:18:17,スバル,page,,スバル　特別仕様車　レヴォーグ 「1.6GT EyeSight Smart Edition」を発表 ～BOXERエンジン50周年特別記念車の第四弾～,https://www.subaru.co.jp/press/news/2016_10_03_2964,○
2026-08-20T23:18:17,スバル,page,,スバル 新型「インプレッサ」 TVCM放送開始 ～TVCM楽曲にDREAMS COME TRUEの「LOVE LOVE LOVE」を採用～,https://www.subaru.co.jp/press/news/2016_09_21_2902,○
2026-08-20T23:18:17,スバル,page,,スバル　特別仕様車「SUBARU XV HYBRID tS」を発表 ～SUBARUトレイルジャム in Mt.FUJIにて特別展示～,https://www.subaru.co.jp/press/news/2016_09_20_2889,○
2026-08-20T23:18:17,スバル,page,,スバル　レガシィ　アウトバック/B4 を改良,https://www.subaru.co.jp/press/news/2016_09_08_2845,○
2026-08-20T23:18:17,スバル,page,,スバル　特別仕様車「LEGACY B4 SporVita」を300台限定発売 ～イタリアの老舗革製品サプライヤーMARIO LEVI社とのコラボレーション第二弾～,https://www.subaru.co.jp/press/news/2016_09_08_2853,○
2026-08-20T23:18:17,スバル,page,,スバル　特別仕様車　「LEGACY OUTBACK X-ADVANCE」を発表 ～BOXERエンジン50周年特別記念車の第三弾～,https://www.subaru.co.jp/press/news/2016_09_08_2849,○
2026-08-20T23:18:17,スバル,page,,スバル 新型「インプレッサ」 先行予約を開始 ～国産初の歩行者保護エアバッグと7つの乗員保護エアバッグを全車標準装備～,https://www.subaru.co.jp/press/news/2016_09_01_2835,○
2026-08-20T23:18:17,スバル,page,,"スバル　レヴォーグ「STI Sport」の受注状況について ～ 発売1ヶ月で3,000台超え、レヴォーグ全体の4割を占める受注、好調なスタート ～",https://www.subaru.co.jp/press/news/2016_08_23_2800,○
2026-08-20T23:18:17,スバル,page,,スバル　特別仕様車「SUBARU XV HYBRID tS」先行予約を開始,https://www.subaru.co.jp/press/news/2016_07_28_2643,○
2026-08-20T23:18:17,スバル,page,,スバル 新型「インプレッサ」（国内仕様車）を公開  ～　スバル初の歩行者保護エアバッグと、アイサイト(ver.3)を全車に標準装備 ～,https://www.subaru.co.jp/press/news/2016_07_26_2626,○
2026-08-20T23:18:17,スバル,page,,スバル　特別仕様車　「フォレスター Brown Leather Selection」を発表,https://www.subaru.co.jp/press/news/2016_07_11_2595,○
2026-08-20T23:18:17,スバル,page,,スバル 「SUBARU BRZ」の大幅改良モデルを発表 ～2016年秋に走りのポテンシャルを高めた最上級グレードを追加予定～,https://www.subaru.co.jp/press/news/2016_07_05_2584,○
2026-08-20T23:18:17,スバル,page,,スバル ステラを改良　～ステラカスタムに新グレード追加～,https://www.subaru.co.jp/press/news/2016_06_21_2513,○
2026-08-20T23:18:17,スバル,page,,スバル　特別仕様車　「SUBARU XV 2.0i EyeSight Proud Edition」を発表 ～BOXERエンジン50周年特別記念車の第一弾～,https://www.subaru.co.jp/press/news/2016_05_10_2271,○
2026-08-20T23:18:17,スバル,page,,スバル　WRX S4／STIを改良,https://www.subaru.co.jp/press/news/2016_04_11_2174,○
2026-08-20T23:18:17,スバル,page,,スバル　レヴォーグを改良 ～2016年夏にSTIブランドの新グレード追加予定～,https://www.subaru.co.jp/press/news/2016_04_11_2166,○
2026-08-20T23:18:17,スバル,page,,スバル　特別仕様車　「CROSSOVER 7　Modern Style」を発表 ～お洒落なインテリアにダークブラウン色の新たな仕様を追加～,https://www.subaru.co.jp/press/news/2015_12_10_1559,○
2026-08-20T23:18:17,スバル,page,,スバル　特別仕様車　「レガシィ　アウトバック　Limited　Smart Edition」を発表,https://www.subaru.co.jp/press/news/2015_12_10_1567,○
2026-08-20T23:18:17,スバル,page,,スバル　特別仕様車　「レヴォーグ　1.6GT EyeSight S-style」を発売,https://www.subaru.co.jp/press/news/2015_12_10_1566,○
2026-08-20T23:18:17,スバル,page,,スバル フォレスター 大幅改良モデルを発売,https://www.subaru.co.jp/press/news/2015_10_28_1311,○
2026-08-20T23:18:17,スバル,page,,スバルWRX STI 特別仕様車「 S207」を400台限定発売,https://www.subaru.co.jp/press/news/2015_10_28_1327,○
2026-08-20T23:18:17,スバル,page,,スバル 特別仕様車 WRX S4 SporVitaを500台限定発売 ～イタリアの老舗皮革製品サプライヤー MARIO LEVI社とのコラボレーションモデル～,https://www.subaru.co.jp/press/news/2015_10_28_1364,○
2026-08-20T23:18:17,スバル,page,,SUBARU XV／SUBARU XV HYBRID 大幅改良モデルを発売,https://www.subaru.co.jp/press/news/2015_10_28_1319,○
2026-08-20T23:18:17,スバル,page,,スバル　フォレスター　大幅改良モデルを公開 ～アイサイト（ver.3）や新開発ヘッドランプ機能など、先進安全装備を採用～,https://www.subaru.co.jp/press/news/2015_10_06_1165,○
2026-08-20T23:18:17,スバル,page,,SUBARU XV / SUBARU XV HYBRID　大幅改良モデルを公開 ～先進安全装備「アドバンスドセイフティパッケージ」を採用～,https://www.subaru.co.jp/press/news/2015_10_06_1172,○
2026-08-20T23:18:17,スバル,page,,スバル　インプレッサ　SPORT／G4を改良 ～1.6Lモデルにアイサイト（ver.3）を設定～,https://www.subaru.co.jp/press/news/2015_10_06_1176,○
2026-08-20T23:18:17,スバル,page,,スバル　レガシィ　アウトバック／B4を改良 ～アドバンスドセイフティパッケージを標準装備～,https://www.subaru.co.jp/press/news/2015_09_10_1014,○
2026-08-20T23:18:17,スバル,page,,「SUBARU BRZ tS」を300台限定発売,https://www.subaru.co.jp/press/news/2015_06_30_11,○
2026-08-20T23:18:17,スバル,page,,スバル WRX S4／STIを改良,https://www.subaru.co.jp/press/news/2015_06_30_50,○
2026-08-20T23:18:17,スバル,page,,スバル　特別仕様車 「Proud Edition」シリーズをレヴォーグに設定し発売,https://www.subaru.co.jp/press/news/2015_06_01_65,○
2026-08-20T23:18:17,スバル,page,,スバル ステラを改良,https://www.subaru.co.jp/press/news/2015_05_20_72,○
2026-08-20T23:18:17,スバル,page,,特別仕様車 スバル プレオ プラス「Black Edition」を発売,https://www.subaru.co.jp/press/news/2015_04_22_113,○
2026-08-20T23:18:17,スバル,page,,スバル　新型　「CROSSOVER 7（クロスオーバーセブン）」を発売,https://www.subaru.co.jp/press/news/2015_04_16_120,○
2026-08-20T23:18:17,スバル,page,,スバル　レヴォーグを改良,https://www.subaru.co.jp/press/news/2015_04_16_125,○
2026-08-20T23:18:17,スバル,page,,スバル　特別仕様車「Proud Edition」シリーズを発表～アイサイト搭載車の予防安全性能アセスメント最高ランク獲得を記念～,https://www.subaru.co.jp/press/news/2015_04_14_129,○
2026-08-20T23:18:17,スバル,page,,スバル プレオ プラスを改良,https://www.subaru.co.jp/press/news/2015_04_08_135,○
2026-08-20T23:18:17,スバル,page,,スバル 「サンバーバン」および「ディアスワゴン」を改良,https://www.subaru.co.jp/press/news/2015_04_03_139,○
2026-08-20T23:18:17,スバル,page,,SUBARU BRZを改良,https://www.subaru.co.jp/press/news/2015_02_10_161,○
2026-08-20T23:18:19,ダイハツ,page,,"2026/07/29
製品・技術
車（モデル）
軽乗用車「ムーヴ キャンバス」、「ムーヴ」を一部改良するとともに、「ムーヴ キャンバス」に世界観を広げる特別仕様車を設定",https://www.daihatsu.com/jp/news/2026/20260729-1.html,○
2026-08-20T23:18:19,ダイハツ,page,,"2026/07/15
製品・技術
車（モデル）
軽クロスオーバー「タフト」を一部改良するとともに、レジャー要素を強めた２種類の特別仕様車を設定",https://www.daihatsu.com/jp/news/2026/20260715-1.html,○
2026-08-20T23:18:19,ダイハツ,page,,"2026/06/04
製品・技術
車（モデル）
ダイハツ、軽商用車「ハイゼット カーゴ」、「アトレー」を一部改良し、安全性を向上",https://www.daihatsu.com/jp/news/2026/20260604-1.html,○
2026-08-20T23:18:19,ダイハツ,page,,"2026/03/19
製品・技術
車（モデル）
ダイハツ、軽商用車「ハイゼット トラック」を一部改良し、安全性を向上",https://www.daihatsu.com/jp/news/2026/20260319-1.html,○
2026-08-20T23:18:19,ダイハツ,page,,"2026/02/02
製品・技術
車（モデル）
ダイハツ、初の量産BEVとなる「e-ハイゼット カーゴ」、「e-アトレー」を発売",https://www.daihatsu.com/jp/news/2026/20260202-1.html,○
2026-08-20T23:18:21,三菱,page,,2026年08月04日三菱自動車、新型クロスカントリーSUV『パジェロ』で路面を選ばない走破性と上質かつ快適な乗り心地を実現（別ウィンドウで開く）,https://www.mitsubishi-motors.com/jp/newsroom/newsrelease/2026/20260804_1.html,○
2026-08-20T23:18:21,三菱,page,,2026年08月04日三菱自動車、新型クロスカントリーSUV『パジェロ』で路面を選ばない走破性と上質かつ快適な乗り心地を実現（別ウィンドウで開く）商品・技術情報,https://www.mitsubishi-motors.com/jp/newsroom/newsrelease/2026/20260804_1.html,○
